trace_candidate_id,ts,symbol,symbol_code,side,strategy_id,adx,range_pct,breakout_distance_up,breakout_distance_down,dist_close_ema_fast,dist_close_ema_slow,pullback_depth,ret_1h_lag,ret_4h_lag,ret_12h_lag,ret_24h_lag,ema_gap_fast_slow,atrp,atrp_zscore,rolling_vol_24h,rolling_vol_72h,btc_adx,btc_atrp,btc_ret_24h_lag,btc_rolling_vol_24h,pnl,target_win,exit_reason,entry_ts,exit_ts,bars_held
1780718400000|AVAX/USDT:USDT|avax_trend|short,2026-06-06 04:00:00+00:00,AVAX/USDT:USDT,AVAX,short,avax_trend,100.0,0.052055229328678,0.0,0.0,-0.0462123825460161,-0.051941886118597,0.0,-0.0334407117656082,0.0,0.0,0.0,-0.0060071062653078,0.0189288062471456,0.0,0.0,0.0,100.0,0.0096521088408194,0.0,0.0,2.9931862397513345,1,sl,1780718400000,1780722000000,1
1780718400000|BCH/USDT:USDT|bch_trend|short,2026-06-06 04:00:00+00:00,BCH/USDT:USDT,BCH,short,bch_trend,100.0,0.0475043029259898,0.0,0.0,-0.0381451913829078,-0.042018412093244,0.0,-0.037396449704142,0.0,0.0,0.0,-0.0040268247095473,0.0159148045743993,0.0,0.0,0.0,100.0,0.0096521088408194,0.0,0.0,0.5539327387771434,1,sl,1780718400000,1780722000000,1
1780718400000|DOGE/USDT:USDT|doge_trend_loose|short,2026-06-06 04:00:00+00:00,DOGE/USDT:USDT,DOGE,short,doge_trend_loose,100.0,0.0467158859470467,0.0,0.0,-0.0314764235733515,-0.0347424144436652,0.0,-0.0303628733646011,0.0,0.0,0.0,-0.0033721335750684,0.0141351729082671,0.0,0.0,0.0,100.0,0.0096521088408194,0.0,0.0,0.3204717036900679,1,sl,1780718400000,1780722000000,1
1780718400000|SOL/USDT:USDT|sol_trend_discovery|short,2026-06-06 04:00:00+00:00,SOL/USDT:USDT,SOL,short,sol_trend_discovery,100.0,0.0463815789473684,0.0,0.0,-0.0373215272424637,-0.0415647815676718,0.0,-0.031692944736423,0.0,0.0,0.0,-0.0044077586081815,0.0141564849624059,0.0,0.0,0.0,100.0,0.0096521088408194,0.0,0.0,0.2055825672921708,1,sl,1780718400000,1780722000000,1
1780718400000|ADA/USDT:USDT|ada_trend_discovery|short,2026-06-06 04:00:00+00:00,ADA/USDT:USDT,ADA,short,ada_trend_discovery,100.0,0.0493991989319093,0.0,0.0,-0.032500988561972,-0.0356658043740306,0.0,-0.0335483870967742,0.0,0.0,0.0,-0.0032711307966657,0.0241614669900003,0.0,0.0,0.0,100.0,0.0096521088408194,0.0,0.0,0.0691783798769004,1,sl,1780718400000,1780722000000,1
1780718400000|SUI/USDT:USDT|sui_trend_discovery|short,2026-06-06 04:00:00+00:00,SUI/USDT:USDT,SUI,short,sui_trend_discovery,100.0,0.0517601431980907,0.0,0.0,-0.0341335763955249,-0.0373714777584772,0.0,-0.0360891445003594,0.0,0.0,0.0,-0.0033523283176869,0.0188837915834591,0.0,0.0,0.0,100.0,0.0096521088408194,0.0,0.0,0.1915825754154717,1,sl,1780718400000,1780722000000,1
1780718400000|NEAR/USDT:USDT|near_trend_discovery|short,2026-06-06 04:00:00+00:00,NEAR/USDT:USDT,NEAR,short,near_trend_discovery,100.0,0.06373861810391,0.0,0.0,-0.0452962682526081,-0.0502537584734369,0.0,-0.0401028277634961,0.0,0.0,0.0,-0.0051927001602424,0.0216406326858542,0.0,0.0,0.0,100.0,0.0096521088408194,0.0,0.0,0.2046252760508627,1,sl,1780718400000,1780722000000,1
1780718400000|ENA/USDT:USDT|ena_trend_discovery|short,2026-06-06 04:00:00+00:00,ENA/USDT:USDT,ENA,short,ena_trend_discovery,100.0,0.0390765765765765,0.0,0.0,-0.0411170219799107,-0.0474666165560355,0.0,-0.0159574468085106,0.0,0.0,0.0,-0.0066218659853943,0.0349236992094133,0.0,0.0,0.0,100.0,0.0096521088408194,0.0,0.0,-0.6905052131922601,0,sl,1780718400000,1780725600000,2
1780718400000|XLM/USDT:USDT|xlm_trend_discovery|short,2026-06-06 04:00:00+00:00,XLM/USDT:USDT,XLM,short,xlm_trend_discovery,100.0,0.0253084466940841,0.0,0.0,-0.0294166385069273,-0.0337037323703745,0.0,-0.0149067677764505,0.0,0.0,0.0,-0.0044170279787737,0.019559168178502,0.0,0.0,0.0,100.0,0.0096521088408194,0.0,0.0,-0.0419927696169762,0,sl,1780718400000,1780722000000,2
1780718400000|ONDO/USDT:USDT|ondo_trend_discovery|short,2026-06-06 04:00:00+00:00,ONDO/USDT:USDT,ONDO,short,ondo_trend_discovery,100.0,0.0534134007585335,0.0,0.0,-0.0408661133164922,-0.0450581167651295,0.0,-0.0394656952034001,0.0,0.0,0.0,-0.0043706134324295,0.0218013880647075,0.0,0.0,0.0,100.0,0.0096521088408194,0.0,0.0,0.1652963826800983,1,sl,1780718400000,1780722000000,1
1780718400000|RENDER/USDT:USDT|render_trend_discovery|short,2026-06-06 04:00:00+00:00,RENDER/USDT:USDT,RENDER,short,render_trend_discovery,100.0,0.0466155810983396,0.0,0.0,-0.0389723522568507,-0.0434283577530272,0.0,-0.0327362569487337,0.0,0.0,0.0,-0.0046367089507163,0.0182806839210779,0.0,0.0,0.0,100.0,0.0096521088408194,0.0,0.0,0.1313755051625982,1,sl,1780718400000,1780722000000,1
1780718400000|INJ/USDT:USDT|inj_trend_discovery|short,2026-06-06 04:00:00+00:00,INJ/USDT:USDT,INJ,short,inj_trend_discovery,100.0,0.0504596527068438,0.0,0.0,-0.0321328859921009,-0.0351199676047836,0.0,-0.03470715835141,0.0,0.0,0.0,-0.0030862517895801,0.0285224406412207,0.0,0.0,0.0,100.0,0.0096521088408194,0.0,0.0,0.0259143549594787,1,sl,1780718400000,1780722000000,1
1780725600000|LINK/USDT:USDT|link_trend|short,2026-06-06 06:00:00+00:00,LINK/USDT:USDT,LINK,short,link_trend,96.55370155391137,0.0144409297208087,0.0,0.0,-0.0038772130071374,-0.0083755994295542,0.0,-0.0008245155970867,-0.0089955022488755,0.0,0.0,-0.0045158955112318,0.0152688036107451,0.0,0.0,0.0,93.82667694591107,0.0105655508253714,0.0,0.0,-0.133101215955899,0,sl,1780725600000,1780729200000,2
1780725600000|XRP/USDT:USDT|xrp_trend|short,2026-06-06 06:00:00+00:00,XRP/USDT:USDT,XRP,short,xrp_trend,96.91728442416547,0.0188522317715552,0.0,0.0,-0.0068497586397732,-0.0111080904050571,0.0,-0.0062448342363852,-0.0116905653484336,0.0,0.0,-0.0042877014855795,0.0149264275339484,0.0,0.0,0.0,93.82667694591107,0.0105655508253714,0.0,0.0,-0.8513082331115355,0,sl,1780725600000,1780729200000,2
1780725600000|ETH/USDT:USDT|eth_trend|short,2026-06-06 06:00:00+00:00,ETH/USDT:USDT,ETH,short,eth_trend,97.26188208816946,0.0167298283413168,0.0,0.0,-0.0052882256544759,-0.0093690026627482,0.0,-0.0042143171848361,-0.0099293391656561,0.0,0.0,-0.0041024718049178,0.0163263922699405,0.0,0.0,0.0,93.82667694591107,0.0105655508253714,0.0,0.0,-0.1147083458386619,0,sl,1780725600000,1780729200000,2
1780725600000|AVAX/USDT:USDT|avax_trend|short,2026-06-06 06:00:00+00:00,AVAX/USDT:USDT,AVAX,short,avax_trend,95.02105303398352,0.022619593458658,0.0,0.0,-0.0083098202372283,-0.015278458315878,0.0,-0.0053207661903313,-0.0162381596752367,0.0,0.0,-0.0070270314467738,0.0206886460523255,0.0,0.0,0.0,93.82667694591107,0.0105655508253714,0.0,0.0,-0.1590602150042432,0,sl,1780725600000,1780729200000,2
1780725600000|DOGE/USDT:USDT|doge_trend_loose|short,2026-06-06 06:00:00+00:00,DOGE/USDT:USDT,DOGE,short,doge_trend_loose,97.3430342661984,0.0154363251587201,0.0,0.0,-0.0080968839799416,-0.0127609151543988,0.0,-0.002111801242236,-0.0133873741095554,0.0,0.0,-0.004702103561456,0.0156641863817375,0.0,0.0,0.0,93.82667694591107,0.0105655508253714,0.0,0.0,-0.0516282785437961,0,sl,1780725600000,1780729200000,2
1780725600000|SOL/USDT:USDT|sol_trend_discovery|short,2026-06-06 06:00:00+00:00,SOL/USDT:USDT,SOL,short,sol_trend_discovery,97.35083168014648,0.020427859096027,0.0,0.0,-0.0133706429969393,-0.0196417196907992,0.0,-0.0063928400191785,-0.0204821175358436,0.0,0.0,-0.0063560613206448,0.0162343470902458,0.0,0.0,0.0,93.82667694591107,0.0105655508253714,0.0,0.0,-0.0310766215824725,0,sl,1780725600000,1780732800000,3
1780725600000|ADA/USDT:USDT|ada_trend_discovery|short,2026-06-06 06:00:00+00:00,ADA/USDT:USDT,ADA,short,ada_trend_discovery,97.1091445427729,0.0181936322287199,0.0,0.0,-0.0048784638565252,-0.0090839262531939,0.0,0.0006501950585175,-0.0096525096525096,0.0,0.0,-0.0042260791711599,0.0243358571896754,0.0,0.0,0.0,93.82667694591107,0.0105655508253714,0.0,0.0,-0.0434963063478669,0,sl,1780725600000,1780729200000,2
1780725600000|NEAR/USDT:USDT|near_trend_discovery|short,2026-06-06 06:00:00+00:00,NEAR/USDT:USDT,NEAR,short,near_trend_discovery,92.74601686972822,0.0233160621761657,0.0,0.0,-0.0109517287198032,-0.0178761018682819,0.0,-0.0025839793281654,-0.0188103711235384,0.0,0.0,-0.0070010467128323,0.024561481830757,0.0,0.0,0.0,93.82667694591107,0.0105655508253714,0.0,0.0,0.4912971175985973,1,tp,1780725600000,1780758000000,9
1780725600000|XLM/USDT:USDT|xlm_trend_discovery|short,2026-06-06 06:00:00+00:00,XLM/USDT:USDT,XLM,short,xlm_trend_discovery,91.28151245444354,0.0167707312038805,0.0,0.0,-0.0076701654836312,-0.0125138845069969,0.0,-0.0102655771195098,-0.0131887157551685,0.0,0.0,-0.0048811583153966,0.0201812455416225,0.0,0.0,0.0,93.82667694591107,0.0105655508253714,0.0,0.0,-0.0361208196204097,0,sl,1780725600000,1780729200000,2
1780725600000|ONDO/USDT:USDT|ondo_trend_discovery|short,2026-06-06 06:00:00+00:00,ONDO/USDT:USDT,ONDO,short,ondo_trend_discovery,95.9402376910017,0.0287286063569681,0.0,0.0,-0.0071819927103118,-0.0122771192172534,0.0,-0.0060753341433779,-0.0129713423831071,0.0,0.0,-0.0051319843813579,0.0236960340994838,0.0,0.0,0.0,93.82667694591107,0.0105655508253714,0.0,0.0,-0.0415121108113909,0,sl,1780725600000,1780729200000,2
1780725600000|RENDER/USDT:USDT|render_trend_discovery|short,2026-06-06 06:00:00+00:00,RENDER/USDT:USDT,RENDER,short,render_trend_discovery,98.4860578284714,0.0180012414649285,0.0,0.0,-0.0097354341020295,-0.0156773518247532,0.0,-0.0049413218035824,-0.0164835164835164,0.0,0.0,-0.0060003335748316,0.019942791657004,0.0,0.0,0.0,93.82667694591107,0.0105655508253714,0.0,0.0,-0.0359250532267546,0,sl,1780725600000,1780729200000,2
1780729200000|BCH/USDT:USDT|bch_trend|long,2026-06-06 07:00:00+00:00,BCH/USDT:USDT,BCH,long,bch_trend,88.50772457761407,0.0280580075662043,0.0,0.0,0.0413165480372887,0.0451822342904125,0.0,0.005206211236362,0.051076923076923,0.0,0.0,0.0037123065607764,0.01987538047658,0.0,0.0,0.0,90.33467711009948,0.0103724114082927,0.0,0.0,1.3808130463928974,1,tp,1780729200000,1780732800000,2
1780729200000|ENA/USDT:USDT|ena_trend_discovery|short,2026-06-06 07:00:00+00:00,ENA/USDT:USDT,ENA,short,ena_trend_discovery,83.90258664726848,0.0426065162907267,0.0,0.0,-0.0095630092328771,-0.0154810583624176,0.0,-0.0258995860312069,0.0169547872340425,0.0,0.0,-0.0059751899259707,0.0395563641487481,0.0,0.0,0.0,90.33467711009948,0.0103724114082927,0.0,0.0,0.4720683822603388,1,tp,1780729200000,1780732800000,2
1780732800000|TON/USDT:USDT|ton_trend_discovery|long,2026-06-06 08:00:00+00:00,TON/USDT:USDT,TON,long,ton_trend_discovery,85.7438762844618,0.0363080450984138,0.0,0.0,0.0406880774770009,0.0441312871954373,0.0,0.03133622388648,0.0784502301298344,0.0,0.0,0.0033085895696854,0.017383580245461,0.0,0.0,0.0,85.2486782091938,0.0103189278335051,0.0,0.0,2.840881814038956,1,tp,1780732800000,1780736400000,1
1780732800000|INJ/USDT:USDT|inj_trend_discovery|long,2026-06-06 08:00:00+00:00,INJ/USDT:USDT,INJ,long,inj_trend_discovery,84.08454680384912,0.0284583490388239,0.0,0.0,0.0403904525319801,0.0450537872880819,0.0,0.0143376027528197,0.0839632277834525,0.0,0.0,0.0044822929168108,0.0283870662219283,0.0,0.0,0.0,85.2486782091938,0.0103189278335051,0.0,0.0,-1.6965711164029822,0,time_stop,1780732800000,1780765200000,13
1780736400000|SOL/USDT:USDT|sol_trend_discovery|short,2026-06-06 09:00:00+00:00,SOL/USDT:USDT,SOL,short,sol_trend_discovery,87.63948101301864,0.0173954676029365,0.0,0.0,-0.0049144988710555,-0.0116542521250264,0.0,-0.0076021539436174,0.001438389004315,0.0,0.0,-0.0067730393482012,0.016393651615395,0.0,0.0,0.0,80.5259649440671,0.0101467237849459,0.0,0.0,7.687457791009918,1,tp,1780736400000,1780740000000,1
1780736400000|ENA/USDT:USDT|ena_trend_discovery|short,2026-06-06 09:00:00+00:00,ENA/USDT:USDT,ENA,short,ena_trend_discovery,74.59555201262347,0.0717572304995617,0.0,0.0,-0.014349995327717,-0.0205788936149787,0.0,-0.0250987931218626,-0.0129757785467128,0.0,0.0,-0.0063195842923297,0.0419082121119963,0.0,0.0,0.0,80.5259649440671,0.0101467237849459,0.0,0.0,-0.1475805322948835,0,sl,1780736400000,1780750800000,5
1780736400000|XLM/USDT:USDT|xlm_trend_discovery|long,2026-06-06 09:00:00+00:00,XLM/USDT:USDT,XLM,long,xlm_trend_discovery,78.48736318085872,0.02872522386558,0.0,0.0,0.010161416999953,0.0121710917752498,0.0,-0.023194103194103,0.0152196118488254,0.0,0.0,0.0019894590522624,0.0222746125472594,0.0,0.0,0.0,80.5259649440671,0.0101467237849459,0.0,0.0,-0.7644577574197424,0,sl,1780736400000,1780740000000,1
1780736400000|ONDO/USDT:USDT|ondo_trend_discovery|short,2026-06-06 09:00:00+00:00,ONDO/USDT:USDT,ONDO,short,ondo_trend_discovery,82.8996548811333,0.0313260340632604,0.0,0.0,-0.0036918794727826,-0.0074555262775009,0.0,-0.0182143923559271,-0.0012150668286755,0.0,0.0,-0.003777593223597,0.0240915959517739,0.0,0.0,0.0,80.5259649440671,0.0101467237849459,0.0,0.0,0.8663087048603835,1,tp,1780736400000,1780740000000,1
1780736400000|RENDER/USDT:USDT|render_trend_discovery|short,2026-06-06 09:00:00+00:00,RENDER/USDT:USDT,RENDER,short,render_trend_discovery,87.1495620336358,0.0251997541487399,0.0,0.0,-0.001721432384935,-0.0059367222061805,0.0,-0.0145366444579043,0.0049413218035825,0.0,0.0,-0.0042225586704882,0.0203037523403972,0.0,0.0,0.0,80.5259649440671,0.0101467237849459,0.0,0.0,0.730684470599354,1,tp,1780736400000,1780740000000,1
1780740000000|XRP/USDT:USDT|xrp_trend|short,2026-06-06 10:00:00+00:00,XRP/USDT:USDT,XRP,short,xrp_trend,85.34974463030994,0.0178753357414095,0.0,0.0,-0.0090872146799142,-0.0131577831096201,0.0,-0.0103574702108156,-0.0022179096201829,0.0,0.0,-0.0041078977787042,0.0151107731911235,0.0,0.0,0.0,78.20818816455149,0.0104406814581566,0.0,0.0,1.0024011237884232,1,tp,1780740000000,1780743600000,2
1780740000000|ETH/USDT:USDT|eth_trend|short,2026-06-06 10:00:00+00:00,ETH/USDT:USDT,ETH,short,eth_trend,84.19502099509535,0.0237004194592918,0.0,0.0,-0.0129859545539335,-0.0170110477793551,0.0,-0.0144843532042013,-0.0078615444792848,0.0,0.0,-0.00407805060525,0.0167413415239573,0.0,0.0,0.0,78.20818816455149,0.0104406814581566,0.0,0.0,0.5652199296577471,1,tp,1780740000000,1780743600000,1
1780740000000|AVAX/USDT:USDT|avax_trend|short,2026-06-06 10:00:00+00:00,AVAX/USDT:USDT,AVAX,short,avax_trend,76.68917421472418,0.0219231932264893,0.0,0.0,-0.0017340624183186,-0.0048262088920346,0.0,-0.0141600834699656,0.0108512914565184,0.0,0.0,-0.0030975177628586,0.0210562532855696,0.0,0.0,0.0,78.20818816455149,0.0104406814581566,0.0,0.0,0.2184939799554667,1,tp,1780740000000,1780743600000,2
1780740000000|BCH/USDT:USDT|bch_trend|long,2026-06-06 10:00:00+00:00,BCH/USDT:USDT,BCH,long,bch_trend,74.90054154881486,0.0276824525280256,0.0,0.0,0.0148073966708598,0.0274455318499931,0.0,-0.0189873417721518,-0.0105935080809451,0.0,0.0,0.0124537278902317,0.0209392201813179,0.0,0.0,0.0,78.20818816455149,0.0104406814581566,0.0,0.0,-0.7069884991860634,0,sl,1780740000000,1780747200000,3
1780740000000|DOGE/USDT:USDT|doge_trend_loose|short,2026-06-06 10:00:00+00:00,DOGE/USDT:USDT,DOGE,short,doge_trend_loose,81.14017993058148,0.0186265987830622,0.0,0.0,-0.0070574695313178,-0.0103098761496749,0.0,-0.0098364687077339,0.0024897298643098,0.0,0.0,-0.0032755235258398,0.0163191629729698,0.0,0.0,0.0,78.20818816455149,0.0104406814581566,0.0,0.0,-0.0558958569541098,0,sl,1780740000000,1780743600000,2
1780740000000|TON/USDT:USDT|ton_trend_discovery|long,2026-06-06 10:00:00+00:00,TON/USDT:USDT,TON,long,ton_trend_discovery,77.88042818576298,0.01729590190384,0.0,0.0,0.0213036512841816,0.0298442897005605,0.0,-0.0090810257722069,0.0252762522331766,0.0,0.0,0.0083624869113509,0.0186903331687708,0.0,0.0,0.0,78.20818816455149,0.0104406814581566,0.0,0.0,0.3824967923083749,1,tp,1780740000000,1780761600000,6
1780743600000|SOL/USDT:USDT|sol_trend_discovery|short,2026-06-06 11:00:00+00:00,SOL/USDT:USDT,SOL,short,sol_trend_discovery,83.87858757392314,0.0149038461538461,0.0,0.0,-0.0065708857924292,-0.0153532241615096,0.0,0.0100356102298477,-0.0055776892430279,0.0,0.0,-0.0088404278105799,0.0168957049260278,0.0,0.0,0.0,76.05596686928699,0.0101513956068028,0.0,0.0,-0.4362342184136176,0,time_stop,1780743600000,1780750800000,3
1780743600000|XLM/USDT:USDT|xlm_trend_discovery|long,2026-06-06 11:00:00+00:00,XLM/USDT:USDT,XLM,long,xlm_trend_discovery,68.39018709641537,0.0172029953450719,0.0,0.0,0.0044826878031508,0.0063439386922206,0.0,0.0105844454670962,-0.0171564970908547,0.0,0.0,0.0018529447163896,0.0224384813369797,0.0,0.0,0.0,76.05596686928699,0.0101513956068028,0.0,0.0,0.725556321193284,1,tp,1780743600000,1780754400000,3
1780743600000|ONDO/USDT:USDT|ondo_trend_discovery|short,2026-06-06 11:00:00+00:00,ONDO/USDT:USDT,ONDO,short,ondo_trend_discovery,77.08249635714178,0.0151468315301391,0.0,0.0,-0.0159172351856909,-0.0229659353259228,0.0,0.0037232392181199,-0.0208837772397094,0.0,0.0,-0.0071627106908654,0.0241633683022334,0.0,0.0,0.0,76.05596686928699,0.0101513956068028,0.0,0.0,-0.5909611811768286,0,sl,1780743600000,1780754400000,3
1780743600000|RENDER/USDT:USDT|render_trend_discovery|short,2026-06-06 11:00:00+00:00,RENDER/USDT:USDT,RENDER,short,render_trend_discovery,81.19599244041177,0.0159803318992008,0.0,0.0,-0.0007754486916,-0.0057480302866172,0.0,0.0074303405572755,-0.0067155067155066,0.0,0.0,-0.0049764405693455,0.0200343083387875,0.0,0.0,0.0,76.05596686928699,0.0101513956068028,0.0,0.0,-0.074342160673785,0,sl,1780743600000,1780747200000,2
1780747200000|AAVE/USDT:USDT|aave_trend|long,2026-06-06 12:00:00+00:00,AAVE/USDT:USDT,AAVE,long,aave_trend,62.26201444983915,0.021889586351199,0.0,0.0,0.0208377962884009,0.025864972826737,0.0,0.0135399673735727,0.0022584287788351,0.0,0.0,0.0049245595692225,0.0219760946158583,0.0,0.0,0.0,72.77434727909755,0.0100623639211812,0.0,0.0,-1.200988123997096,0,sl,1780747200000,1780750800000,2
1780747200000|ADA/USDT:USDT|ada_trend_discovery|long,2026-06-06 12:00:00+00:00,ADA/USDT:USDT,ADA,long,ada_trend_discovery,67.07493529796731,0.0290771175726927,0.0,0.0,0.015983788846136,0.0179411372132596,0.0,0.0128040973111396,-0.0075282308657463,0.0,0.0,0.001926554723227,0.0235367373069403,0.0,0.0,0.0,72.77434727909755,0.0100623639211812,0.0,0.0,0.1362481676273359,1,tp,1780747200000,1780768800000,7
1780747200000|SUI/USDT:USDT|sui_trend_discovery|long,2026-06-06 12:00:00+00:00,SUI/USDT:USDT,SUI,long,sui_trend_discovery,66.96711036949037,0.0394150417827297,0.0,0.0,0.0270400700390389,0.0303313537346794,0.0,0.0230834995725277,0.0106981981981981,0.0,0.0,0.003204630268725,0.0213711140100611,0.0,0.0,0.0,72.77434727909755,0.0100623639211812,0.0,0.0,0.9000052852368827,1,tp,1780747200000,1780750800000,1
1780750800000|ETH/USDT:USDT|eth_trend|short,2026-06-06 13:00:00+00:00,ETH/USDT:USDT,ETH,short,eth_trend,76.68623538274282,0.0124380826335841,0.0233149803085106,0.0339927144701929,-0.0060729295960541,-0.0108848458612118,0.0053388670808412,-0.0089521638640748,-0.0085734122308069,0.0,0.0,-0.0048413172439323,0.0160439000044235,0.0,0.0,0.0,69.72712908820736,0.009853798811545,0.0,0.0,1.077256533419746,1,tp,1780750800000,1780754400000,2
1780754400000|AVAX/USDT:USDT|avax_trend|long,2026-06-06 14:00:00+00:00,AVAX/USDT:USDT,AVAX,long,avax_trend,59.435502708483696,0.0118500962820323,0.0119982224855576,0.0789512664790401,0.01289110246618,0.0152040057598668,0.0334765219967412,-0.0013313609467454,0.0207136377381313,0.0150353330326267,0.0,0.0022834668880547,0.0192115780681914,0.0,0.0202701121226073,0.0,66.89756933952361,0.0094555694516259,0.0,0.0064316433449537,-7.433616477414842,0,sl,1780754400000,1780758000000,1
1780754400000|SOL/USDT:USDT|sol_trend_discovery|short,2026-06-06 14:00:00+00:00,SOL/USDT:USDT,SOL,short,sol_trend_discovery,75.89066462376145,0.0101139829828223,0.0260073848129715,0.0362819072082195,-0.0070434863077606,-0.0166969393205467,0.005137261197624,-0.0017628205128205,0.0082550987374554,-0.018591460532535,0.0,-0.0097219292886154,0.0163001299309291,0.0,0.0153128572163662,0.0,66.89756933952361,0.0094555694516259,0.0,0.0064316433449537,-0.4889190141511705,0,sl,1780754400000,1780794000000,11
1780754400000|SUI/USDT:USDT|sui_trend_discovery|long,2026-06-06 14:00:00+00:00,SUI/USDT:USDT,SUI,long,sui_trend_discovery,59.99819017879288,0.0156639866925422,0.0094261158857775,0.0834488494593845,0.0263682232483571,0.034535862794314,0.0370113667868035,0.004455583402952,0.0391817919907806,0.035452849145974,0.0,0.0079578063320267,0.020755515891781,0.0,0.0174401229352734,0.0,66.89756933952361,0.0094555694516259,0.0,0.0064316433449537,-0.4553618643520338,0,time_stop,1780754400000,1780776000000,8
1780754400000|ENA/USDT:USDT|ena_trend_discovery|short,2026-06-06 14:00:00+00:00,ENA/USDT:USDT,ENA,short,ena_trend_discovery,59.355228506281016,0.0334382803170122,0.0699164042992074,0.0632938877429161,-0.0030908379199537,-0.0110530534619774,-0.0033112582781456,-0.0119073160266037,0.0115308587744344,-0.012754555198285,0.0,-0.007986901760849,0.0378737564084371,0.0,0.0222842847000123,0.0,66.89756933952361,0.0094555694516259,0.0,0.0064316433449537,0.7063229087196942,1,time_stop,1780754400000,1780783200000,12
1780754400000|RENDER/USDT:USDT|render_trend_discovery|short,2026-06-06 14:00:00+00:00,RENDER/USDT:USDT,RENDER,short,render_trend_discovery,69.437583686631,0.0147420147420147,0.0214987714987715,0.0503685503685502,-0.000952828417088,-0.0050869321614475,0.0144348894348893,-0.0024509803921568,0.0080495356037151,-0.006105006105006,0.0,-0.0041380465927442,0.0191120621917228,0.0,0.0169203007806929,0.0,66.89756933952361,0.0094555694516259,0.0,0.0064316433449537,0.7237460907825548,1,tp,1780754400000,1780776000000,6
1780758000000|TRX/USDT:USDT|trx_trend|long,2026-06-06 15:00:00+00:00,TRX/USDT:USDT,TRX,long,trx_trend,55.96043577148045,0.0052539949014488,0.0005906858173227,0.0140521047068333,0.0057424746492796,0.0069648688265303,0.0067307094447554,0.0028371005455962,0.0061622196502864,0.0075805036962786,0.0,0.0012154146892095,0.0043123338469175,0.0,0.0034709479625389,0.0,65.24998403987509,0.0094240230047466,0.0,0.0061578495247669,-0.3718020218695367,0,sl,1780758000000,1780765200000,4
1780758000000|XLM/USDT:USDT|xlm_trend_discovery|long,2026-06-06 15:00:00+00:00,XLM/USDT:USDT,XLM,long,xlm_trend_discovery,57.22195855240323,0.0592114627318879,0.0046021729847701,0.1052331925795891,0.0582462355088483,0.0716314375967403,0.0503155097974095,0.0424868928677417,0.0664339202590569,0.0947384823144446,0.0,0.0126484759772907,0.0240765193875848,0.0,0.0226299138647789,0.0,65.24998403987509,0.0094240230047466,0.0,0.0061578495247669,0.7724162067303264,1,tp,1780758000000,1780761600000,1
1780758000000|ONDO/USDT:USDT|ondo_trend_discovery|short,2026-06-06 15:00:00+00:00,ONDO/USDT:USDT,ONDO,short,ondo_trend_discovery,63.36133006165357,0.0199938480467548,0.0415256844047985,0.0384497077822208,-0.0080183160713077,-0.0175073013545083,-0.0015379883112888,-0.0039828431372549,0.0049459041731065,-0.0130540376442016,0.0,-0.0095656859768014,0.0230903741030784,0.0,0.0192450596853251,0.0,65.24998403987509,0.0094240230047466,0.0,0.0061578495247669,-0.0638631742047495,0,sl,1780758000000,1780761600000,2
1780761600000|NEAR/USDT:USDT|near_trend_discovery|short,2026-06-06 16:00:00+00:00,NEAR/USDT:USDT,NEAR,short,near_trend_discovery,73.12717384007749,0.0333157059756742,0.0539397144368059,0.0349021681649921,-0.0120609839260327,-0.0345220568476407,-0.0095187731359069,0.0026511134676565,-0.0073490813648293,0.0128548473486878,0.0,-0.0227352828020371,0.0263588916805239,0.0,0.0193816131517926,0.0,63.442316885695874,0.0093773671076457,0.0,0.0059163566432419,0.1840798811543023,1,tp,1780761600000,1780772400000,4
1780765200000|XRP/USDT:USDT|xrp_trend|short,2026-06-06 17:00:00+00:00,XRP/USDT:USDT,XRP,short,xrp_trend,62.73702958166152,0.016358595194085,0.0253234750462106,0.0304990757855823,-0.008621502822416,-0.0110209813903885,0.0025878003696858,-0.011691633175009,-0.0143026327776257,-0.0063366700339791,0.0,-0.0024203455842583,0.0144274167027071,0.0,0.0126268599179899,0.0,61.76376881395803,0.0091536255687242,0.0,0.005755377221494,0.8097211994903373,1,tp,1780765200000,1780786800000,9
1780765200000|XLM/USDT:USDT|xlm_trend_discovery|long,2026-06-06 17:00:00+00:00,XLM/USDT:USDT,XLM,long,xlm_trend_discovery,55.57742265945613,0.0354224742862636,0.0344612131116024,0.0935787753532634,0.0339408877976686,0.0563675306667816,0.0295587811208304,-0.0243833817874894,0.039053136236516,0.0626149131767108,0.0,0.0216904497479372,0.0257951187190236,0.0,0.0224387557016086,0.0,61.76376881395803,0.0091536255687242,0.0,0.005755377221494,-0.7557138366802443,0,sl,1780765200000,1780772400000,2
1780765200000|ONDO/USDT:USDT|ondo_trend_discovery|short,2026-06-06 17:00:00+00:00,ONDO/USDT:USDT,ONDO,short,ondo_trend_discovery,56.439151060466216,0.0241261985771729,0.0473244664398392,0.0330961954840704,-0.0127003202601435,-0.0226834427707232,-0.0071141354778843,-0.0188163884673748,-0.0043116723129043,-0.0179222357229648,0.0,-0.0101115423365782,0.0231387575975735,0.0,0.0188428496195937,0.0,61.76376881395803,0.0091536255687242,0.0,0.005755377221494,0.0930720255355088,1,tp,1780765200000,1780790400000,10
1780765200000|TON/USDT:USDT|ton_trend_discovery|long,2026-06-06 17:00:00+00:00,TON/USDT:USDT,TON,long,ton_trend_discovery,61.25402883626752,0.0293301375047306,0.0328623691182036,0.0916487952567175,0.0224680261867999,0.0501512950442408,0.0293932130692569,-0.0223839181106246,0.0153057957092537,0.0546833422032995,0.0,0.0270749482120072,0.0211309133432703,0.0,0.0167820721741538,0.0,61.76376881395803,0.0091536255687242,0.0,0.005755377221494,0.7972649464918822,1,tp,1780765200000,1780794000000,8
1780768800000|TRX/USDT:USDT|trx_trend|long,2026-06-06 18:00:00+00:00,TRX/USDT:USDT,TRX,long,trx_trend,46.56938396080918,0.0048382594671711,9.30434512918463e-05,0.0164066619111125,0.0066064799392573,0.0091646253188367,0.0081568092299104,0.0047678404487379,0.0052377240841776,0.0069329502513975,0.0,0.0025413559623952,0.0042209993051165,0.0,0.0033902320467966,0.0,60.45874326821972,0.0089172795915517,0.0,0.0055690756068118,0.4676093760291087,1,tp,1780768800000,1780783200000,7
1780772400000|BNB/USDT:USDT|bnb_trend|short,2026-06-06 19:00:00+00:00,BNB/USDT:USDT,BNB,short,bnb_trend,61.49720831346692,0.0046171269274326,0.0188692394807908,0.024305253070825,-0.0024054408169746,-0.0043405999805067,0.002718006795017,-0.0011659879572586,-0.0036282202624816,-0.009354989039819,0.0,-0.0019398252984828,0.0095704889278622,0.0,0.0066975865886137,0.0,59.01165359944514,0.0085907239060522,0.0,0.0053930547891361,-3.9237479303421976,0,sl,1780772400000,1780794000000,6
1780772400000|DOGE/USDT:USDT|doge_trend_loose|short,2026-06-06 19:00:00+00:00,DOGE/USDT:USDT,DOGE,short,doge_trend_loose,53.680740110017055,0.0091754494730316,0.0235585864848109,0.0376937383756974,-0.0065276766178714,-0.0087887268695112,0.0070675759454432,-0.0033366287691547,-0.012126408623224,-0.010065054621333,0.0,-0.00227590663416,0.0145699389359621,0.0,0.0121318655262749,0.0,59.01165359944514,0.0085907239060522,0.0,0.0053930547891361,0.1526259069157871,1,tp,1780772400000,1780776000000,2
1780776000000|XLM/USDT:USDT|xlm_trend_discovery|long,2026-06-06 20:00:00+00:00,XLM/USDT:USDT,XLM,long,xlm_trend_discovery,49.32403370983683,0.0175901495162708,0.0516466334408286,0.0785204729795758,0.0120953965950212,0.0378335475952874,0.0134369197693736,0.0097690941385435,-0.0403263621870018,0.0057002457002457,0.0,0.0254305583118516,0.0252750855580536,0.0,0.0216254881201251,0.0,57.71770560377301,0.0082499692953832,0.0,0.005258174865043,0.94785386501056,1,tp,1780776000000,1780786800000,3
1780779600000|RENDER/USDT:USDT|render_trend_discovery|short,2026-06-06 21:00:00+00:00,RENDER/USDT:USDT,RENDER,short,render_trend_discovery,58.48040807754506,0.0156838143036387,0.0432873274780426,0.0301129234629862,-0.0102823012718573,-0.0241390727667494,-0.0065872020075282,0.0082226438962682,0.005044136191677,-0.0202827289489858,0.0,-0.01400073123144,0.0180955612594272,0.0,0.0139963155818828,0.0,55.04501078002949,0.008003744754926,0.0,0.0051140008934727,-0.7378920194351241,0,sl,1780779600000,1780794000000,4
1780783200000|NEAR/USDT:USDT|near_trend_discovery|short,2026-06-06 22:00:00+00:00,NEAR/USDT:USDT,NEAR,short,near_trend_discovery,63.617385343559086,0.0216099405726634,0.0767152890329552,0.0140464613722312,-0.0213714590692171,-0.0522741204261167,-0.0313344138303619,-0.0143769968051117,-0.0085698982324584,-0.012273212379936,0.0,-0.0315775190119714,0.0241100643257148,0.0,0.0169297204708539,0.0,53.45475758298821,0.0079278869542449,0.0,0.0050299760594828,-1.1001947353088604,0,sl,1780783200000,1780794000000,3
1780786800000|TRX/USDT:USDT|trx_trend|long,2026-06-06 23:00:00+00:00,TRX/USDT:USDT,TRX,long,trx_trend,40.45072562699704,0.0027772634697276,0.0002160093809787,0.0213540702339074,0.0083462849789609,0.0137367400424299,0.0105690304264642,0.0025368147506497,0.0064287710798471,0.0136694923206857,0.0,0.0053458371828895,0.0037452770543432,0.0,0.0030189131565523,0.0,51.333725657636094,0.0077904162720474,0.0,0.0050680699029848,-0.0631285517005817,0,sl,1780786800000,1780790400000,2
1780786800000|ADA/USDT:USDT|ada_trend_discovery|long,2026-06-06 23:00:00+00:00,ADA/USDT:USDT,ADA,long,ada_trend_discovery,32.50492243314338,0.0127226463104325,0.0286259541984733,0.0553435114503817,0.0024499905061622,0.0100087951739023,0.0133587786259541,0.0089858793324775,0.0031908104658582,0.0064020486555698,0.0,0.0075403309285519,0.0182626039903373,0.0,0.0140484065703702,0.0,51.333725657636094,0.0077904162720474,0.0,0.0050680699029848,0.7700405831047125,1,tp,1780786800000,1780794000000,2
1780786800000|SUI/USDT:USDT|sui_trend_discovery|long,2026-06-06 23:00:00+00:00,SUI/USDT:USDT,SUI,long,sui_trend_discovery,33.62202931692707,0.0146321070234113,0.0147714604236342,0.0785953177257525,0.0146736024107892,0.0274692375807087,0.0319119286510591,0.0097087378640776,0.0188839982961805,0.0225135366201196,0.0,0.0126105923515878,0.017580901147257,0.0,0.0138220835357462,0.0,51.333725657636094,0.0077904162720474,0.0,0.0050680699029848,0.7397123407433843,1,tp,1780786800000,1780794000000,2
1780790400000|XRP/USDT:USDT|xrp_trend|short,2026-06-07 00:00:00+00:00,XRP/USDT:USDT,XRP,short,xrp_trend,45.01925022831213,0.0080852627710399,0.0192943770672546,0.0361999264976112,-0.0005356550350656,-0.0046808608685141,0.0084527747151783,-0.0038440417353102,0.0037812413538689,-0.0064810588772249,0.0,-0.0041474274238305,0.0120492345651829,0.0,0.010552289654817,0.0,49.09919134161584,0.0075455120429939,0.0,0.0049580471286287,-5.464887029257502,0,sl,1780790400000,1780794000000,1
1780790400000|XLM/USDT:USDT|xlm_trend_discovery|long,2026-06-07 00:00:00+00:00,XLM/USDT:USDT,XLM,long,xlm_trend_discovery,45.681512589743136,0.0306509728561133,0.0340139322603891,0.0939706942109055,0.0163062134829451,0.0528294661393818,0.0299783809752582,-0.0179750896395546,0.0170526727254958,0.0327462168196477,0.0,0.0359372521508741,0.0253155891553788,0.0,0.0204701675049227,0.0,49.09919134161584,0.0075455120429939,0.0,0.0049580471286287,-0.5458198943014178,0,sl,1780790400000,1780822800000,10
1780790400000|INJ/USDT:USDT|inj_trend_discovery|long,2026-06-07 00:00:00+00:00,INJ/USDT:USDT,INJ,long,inj_trend_discovery,34.34959365954932,0.0130833821519234,0.0601445030267525,0.0556531927357938,0.0023054563723741,0.0072994536430458,-0.0022456551454793,-0.0079426578845407,0.0100591715976332,-0.005244755244755,0.0,0.0049825103105259,0.0222408917012768,0.0,0.0154615188850614,0.0,49.09919134161584,0.0075455120429939,0.0,0.0049580471286287,0.6631119324477585,1,tp,1780790400000,1780808400000,5
1780794000000|AVAX/USDT:USDT|avax_trend|long,2026-06-07 01:00:00+00:00,AVAX/USDT:USDT,AVAX,long,avax_trend,38.89374923586604,0.0283227614692432,0.0089983773417908,0.0827555686679451,0.0176132792239919,0.0193432899049217,0.0368785956630771,0.0183265735316209,0.0235542805375206,0.002810650887574,0.0,0.0017000669274374,0.0159113916747183,-1.339992445180289,0.015362516622676,0.0,46.71238182665281,0.0079961891357881,0.0,0.0054244084659985,7.110064187307072,1,tp,1780794000000,1780812000000,7
1780794000000|BCH/USDT:USDT|bch_trend|long,2026-06-07 01:00:00+00:00,BCH/USDT:USDT,BCH,long,bch_trend,33.553391935889614,0.0214405511989483,0.0292824441321788,0.0857168759349078,0.0196771166114365,0.0344646150887777,0.0282172159013645,0.0204449789536982,0.021011709168325,0.0087334247828076,0.0,0.0145021382126163,0.016100937381921,-0.9057928072530904,0.0168575823709871,0.0,46.71238182665281,0.0079961891357881,0.0,0.0054244084659985,1.9783166432313808,1,tp,1780794000000,1780804800000,4
1780797600000|DOGE/USDT:USDT|doge_trend_loose|long,2026-06-07 02:00:00+00:00,DOGE/USDT:USDT,DOGE,long,doge_trend_loose,39.30570452159981,0.0105502937297686,0.0056348159693082,0.0695360268552931,0.0213724088404233,0.0246117067979156,0.0319506054429924,-0.0005990893841362,0.0260794685693197,0.0179399560654136,0.0244411692458854,0.0031715150413842,0.0130045405135078,-0.9863690276797344,0.0111876714979492,0.0111876714979492,44.49605870561571,0.007876320367728,0.0090416031937805,0.0053052344730434,1.043934200382099,1,tp,1780797600000,1780819200000,6
1780797600000|ADA/USDT:USDT|ada_trend_discovery|long,2026-06-07 02:00:00+00:00,ADA/USDT:USDT,ADA,long,ada_trend_discovery,30.23774442393219,0.014934660858743,0.0074673304293713,0.075917859365277,0.0199354646248221,0.031725134366963,0.0342252644679527,-0.0006218905472635,0.0314505776636715,0.0050031269543466,0.034105534105534,0.0115592310994672,0.0180442940052186,-1.6422228079614711,0.0138741677114019,0.0138741677114019,44.49605870561571,0.007876320367728,0.0090416031937805,0.0053052344730434,0.8977856527536012,1,tp,1780797600000,1780822800000,7
1780797600000|SUI/USDT:USDT|sui_trend_discovery|long,2026-06-07 02:00:00+00:00,SUI/USDT:USDT,SUI,long,sui_trend_discovery,34.7642983836241,0.0186616902159424,0.0101306318315116,0.118635030658491,0.0478863020791806,0.072266872417652,0.0542521994134896,0.0006669334400426,0.0555790066131982,0.0399223731632936,0.0767905841825749,0.0232664271783077,0.0188638579251596,-0.3905690526608918,0.0153435407689869,0.0153435407689869,44.49605870561571,0.007876320367728,0.0090416031937805,0.0053052344730434,-0.6677790707375308,0,sl,1780797600000,1780833600000,10
1780797600000|NEAR/USDT:USDT|near_trend_discovery|short,2026-06-07 02:00:00+00:00,NEAR/USDT:USDT,NEAR,short,near_trend_discovery,53.08081116965506,0.0412262156448203,0.0517970401691332,0.0354122621564481,-0.0001912572342431,-0.0301011117051418,-0.0081923890063425,-0.0262480699948534,0.0221501890869799,0.0232558139534884,-0.0381291306558211,-0.0299155760412332,0.0253113898361323,0.5202355211946796,0.0182199119229032,0.0182199119229032,44.49605870561571,0.007876320367728,0.0090416031937805,0.0053052344730434,1.2857595379520508,1,tp,1780797600000,1780801200000,1
1780797600000|TON/USDT:USDT|ton_trend_discovery|long,2026-06-07 02:00:00+00:00,TON/USDT:USDT,TON,long,ton_trend_discovery,60.81949118498067,0.0358956399929959,0.0335025973267961,0.1594583552209187,0.0623110629295186,0.1261306959007316,0.0629778789470612,-0.0167011019283745,0.047505502567865,0.0795160985445151,0.1398443217350808,0.0600762198552452,0.0241656157170219,1.9791883519673987,0.020388204796751,0.020388204796751,44.49605870561571,0.007876320367728,0.0090416031937805,0.0053052344730434,-0.7260469179693348,0,sl,1780797600000,1780833600000,10
1780804800000|BTC/USDT:USDT|btc_trend_loose|long,2026-06-07 04:00:00+00:00,BTC/USDT:USDT,BTC,long,btc_trend_loose,41.97259797463479,0.0067707718647592,0.0001923882167875,0.036784950391324,0.0134485683027483,0.0154857024536407,0.0182962810872682,0.0029673542388575,0.0182029785195634,0.0181778376225105,0.0297277770008856,0.0020101011680385,0.0076478801645441,-1.3584737450385294,0.0047573743888795,0.0051428826653196,41.97259797463479,0.0076478801645441,0.0297277770008856,0.0047573743888795,0.3719219276688759,1,tp,1780804800000,1780819200000,4
1780804800000|TRX/USDT:USDT|trx_trend|long,2026-06-07 04:00:00+00:00,TRX/USDT:USDT,TRX,long,trx_trend,34.987748705608745,0.00326656394453,3.081664098616333e-05,0.0226810477657936,0.006688045349372,0.0144763139645173,0.0113251155624036,0.0025643402230666,0.0045817596433659,0.0085783551936344,0.0215646151424524,0.0077365263758966,0.0035477559117339,-1.3327983142996038,0.0027412565650284,0.0028787116983105,41.97259797463479,0.0076478801645441,0.0297277770008856,0.0047573743888795,1.530380794642256,1,tp,1780804800000,1780812000000,3
1780804800000|NEAR/USDT:USDT|near_trend_discovery|short,2026-06-07 04:00:00+00:00,NEAR/USDT:USDT,NEAR,short,near_trend_discovery,48.328260545455294,0.0255863539445629,0.0607675906183369,0.0330490405117269,-0.0058193902571396,-0.0374370422954798,-0.013859275053305,0.0151515151515151,0.0,-0.0079323109465891,0.0048205677557577,-0.0318027245034661,0.0265960638063064,0.9736806981115772,0.0170939062918763,0.0183141133262625,41.97259797463479,0.0076478801645441,0.0297277770008856,0.0047573743888795,-0.5886708301863943,0,sl,1780804800000,1780812000000,3
1780808400000|BNB/USDT:USDT|bnb_trend|long,2026-06-07 05:00:00+00:00,BNB/USDT:USDT,BNB,long,bnb_trend,40.0117902743675,0.0091191639058711,0.0028347962703643,0.0252740872297552,0.013512672031166,0.0155391777148545,0.0112196454796954,0.0045287679692591,0.0095684705963485,0.0199965162863613,0.0155564419625049,0.0019994872680054,0.0083688292584228,-1.2784286471105024,0.0036734357347779,0.0058466449450913,41.5778070110665,0.0077249255706193,0.012972985395337,0.0039280668031896,0.4590378019792616,1,tp,1780808400000,1780819200000,3
1780808400000|BCH/USDT:USDT|bch_trend|long,2026-06-07 05:00:00+00:00,BCH/USDT:USDT,BCH,long,bch_trend,30.893075444327984,0.0151703335699076,0.0072303051809793,0.068443931866572,0.0320866172251969,0.0553385025768241,0.0306068133427963,0.0074179998212529,0.0218938398078054,0.053113467557341,0.0671715976331361,0.0225290057671135,0.0161057914571871,-0.8001494924350898,0.0124798801341102,0.0158803782946554,41.5778070110665,0.0077249255706193,0.012972985395337,0.0039280668031896,0.1211078942625108,1,tp,1780808400000,1780830000000,7
1780812000000|INJ/USDT:USDT|inj_trend_discovery|long,2026-06-07 06:00:00+00:00,INJ/USDT:USDT,INJ,long,inj_trend_discovery,35.82795889939803,0.0256555366911901,0.0241463874740615,0.055649877381626,0.0192235674149518,0.0399960844814165,0.0157517449537822,-0.0045070422535211,0.0076031172780839,0.0461811722912965,0.0441205436281268,0.0203807267910316,0.022037231573685,-1.400725780287596,0.0133638326757804,0.0160207315034455,41.46352630473949,0.0079142990855961,0.0215280771673702,0.0040273200018033,-0.3762716018982491,0,sl,1780812000000,1780833600000,8
1780815600000|XRP/USDT:USDT|xrp_trend|long,2026-06-07 07:00:00+00:00,XRP/USDT:USDT,XRP,long,xrp_trend,37.63482047237029,0.0128487195282937,8.800492827597375e-05,0.0567631787380093,0.0273001552391832,0.0373000429170167,0.0283375869048666,0.0100444444444445,0.0167322834645671,0.0522270580609316,0.0406630643831853,0.0097341440345692,0.0120226911093622,-1.1645209356151274,0.0074890219314732,0.0104421597597425,41.603618648599344,0.0078066416942247,0.0228092732783165,0.0040686022247664,7.197651056630945,1,tp,1780815600000,1780819200000,1
1780815600000|AVAX/USDT:USDT|avax_trend|long,2026-06-07 07:00:00+00:00,AVAX/USDT:USDT,AVAX,long,avax_trend,27.33271022802115,0.0118768328445747,0.002932551319648,0.0378299120234604,0.0156005490644288,0.0243668122624256,0.0174486803519061,0.0051584377302873,0.0102207080432528,0.0330202968797335,0.0220290723812379,0.0086316054142273,0.014686898899754,-1.4129346391419737,0.0077477400671384,0.0136840114251366,41.603618648599344,0.0078066416942247,0.0228092732783165,0.0040686022247664,-0.084437263386198,0,sl,1780815600000,1780826400000,4
1780815600000|ONDO/USDT:USDT|ondo_trend_discovery|long,2026-06-07 07:00:00+00:00,ONDO/USDT:USDT,ONDO,long,ondo_trend_discovery,39.26635277398651,0.0286286859433152,0.0143143429716576,0.0898940738620096,0.0502140561095669,0.0557635253857903,0.037789865445176,0.0121703853955374,0.0483193277310924,0.0946411783140082,0.0572033898305084,0.0052841315957825,0.0211210495145765,-0.5239569187262373,0.0129797200178653,0.0161156615630704,41.603618648599344,0.0078066416942247,0.0228092732783165,0.0040686022247664,0.0185036698824289,1,sl,1780815600000,1780822800000,2
1780819200000|LINK/USDT:USDT|link_trend|long,2026-06-07 08:00:00+00:00,LINK/USDT:USDT,LINK,long,link_trend,42.11333563060343,0.0187059577194106,0.0003843689942344,0.0786675208199871,0.0385542087936428,0.0605923866026934,0.0391415759128764,0.0121903773829592,0.02832674571805,0.0653835653835654,0.0506124646654999,0.0212200553639367,0.0125472063222021,-0.9337701276777294,0.0071940861655762,0.0106807728780744,42.61283091889139,0.008020603471802,0.0258558187839241,0.004219925064289,-0.7715137368781723,0,sl,1780819200000,1780826400000,4
1780819200000|ETH/USDT:USDT|eth_trend|long,2026-06-07 08:00:00+00:00,ETH/USDT:USDT,ETH,long,eth_trend,42.78047919526105,0.0211806296285008,0.000920366927742,0.065413098467071,0.0335969084529005,0.0419238445525335,0.0322463657696645,0.0163921223647773,0.0280277206877537,0.0539484926156474,0.0371651094281417,0.0080562703231154,0.0115081890609898,-1.0930008231478594,0.006925682814676,0.0098918788370481,42.61283091889139,0.008020603471802,0.0258558187839241,0.004219925064289,0.1508325127458852,1,tp,1780819200000,1780822800000,1
1780819200000|TRX/USDT:USDT|trx_trend|long,2026-06-07 08:00:00+00:00,TRX/USDT:USDT,TRX,long,trx_trend,39.501016938265614,0.0056297738961079,0.0001217248409968,0.0334439000639055,0.0144615296388763,0.0264260966411816,0.0166610876114543,0.0033280410356619,0.0126656394453004,0.0195780328886132,0.0288031057261826,0.0117940076116679,0.0039162058552969,-0.0906220025932014,0.0024934306600593,0.0028194330639923,42.61283091889139,0.008020603471802,0.0258558187839241,0.004219925064289,-0.0048915598801696,0,sl,1780819200000,1780833600000,7
1780819200000|DOT/USDT:USDT|dot_trend|long,2026-06-07 08:00:00+00:00,DOT/USDT:USDT,DOT,long,dot_trend,34.46306460491016,0.0163766632548618,0.0010235414534288,0.0532241555783008,0.0252743543751985,0.0362863867498584,0.0261003070624359,0.0092975206611569,0.0145379023883696,0.0449197860962566,0.0262605042016808,0.01074057136772,0.0139833414190253,-1.5434855504620166,0.0079537878044663,0.0130415837210051,42.61283091889139,0.008020603471802,0.0258558187839241,0.004219925064289,0.1889701508794698,1,tp,1780819200000,1780822800000,1
1780819200000|SOL/USDT:USDT|sol_trend_discovery|long,2026-06-07 08:00:00+00:00,SOL/USDT:USDT,SOL,long,sol_trend_discovery,44.66917207106873,0.0226031553398059,0.0001516990291262,0.0726638349514563,0.0386797128868902,0.0414851720973513,0.036256067961165,0.0161862185910282,0.0291959406713506,0.0663215787770947,0.0440291415901172,0.0027009858531497,0.0136407536196879,-0.8661253533349716,0.0083454424013325,0.0113908027068686,42.61283091889139,0.008020603471802,0.0258558187839241,0.004219925064289,0.0080294766068936,1,sl,1780819200000,1780822800000,1
1780819200000|RENDER/USDT:USDT|render_trend_discovery|long,2026-06-07 08:00:00+00:00,RENDER/USDT:USDT,RENDER,long,render_trend_discovery,43.16282996662861,0.0298420128730251,0.0005851375073141,0.0807489760093622,0.0415978896749391,0.0454310403902867,0.0400819192510241,0.0178677784395473,0.0357575757575758,0.0809614168247945,0.035130224106602,0.0036800676665577,0.0177405563959099,-0.4643516764767205,0.0102523077538728,0.0132913938089623,42.61283091889139,0.008020603471802,0.0258558187839241,0.004219925064289,0.0123170422344332,1,sl,1780819200000,1780822800000,1
1780822800000|BTC/USDT:USDT|btc_trend_loose|long,2026-06-07 09:00:00+00:00,BTC/USDT:USDT,BTC,long,btc_trend_loose,43.54995659844829,0.0084146536554151,0.0069172932330827,0.0378179491281394,0.0156132787922539,0.0251117666551787,0.0154503279475284,-0.004982251723095,0.0129769953264666,0.0294914467064013,0.0254820224848131,0.0093524652161107,0.0080860420444926,-0.7641476797215864,0.0042417889985385,0.0051308482581779,43.54995659844829,0.0080860420444926,0.0254820224848131,0.0042417889985385,-0.2198718277199765,0,sl,1780822800000,1780833600000,3
1780822800000|BNB/USDT:USDT|bnb_trend|long,2026-06-07 09:00:00+00:00,BNB/USDT:USDT,BNB,long,bnb_trend,41.63387075878791,0.0107537756202804,0.0110908845738943,0.0379247572815534,0.0180811886804233,0.0277760080394142,0.0134169363538296,-0.0084235860409146,0.0131493561938589,0.0313428943937417,0.0284287893496046,0.0095226387313537,0.0091004903397839,-0.6040781205856784,0.0046970707206052,0.0062580984019671,43.54995659844829,0.0080860420444926,0.0254820224848131,0.0042417889985385,-0.3214621881006978,0,sl,1780822800000,1780833600000,3
1780822800000|DOGE/USDT:USDT|doge_trend_loose|long,2026-06-07 09:00:00+00:00,DOGE/USDT:USDT,DOGE,long,doge_trend_loose,39.67541813387601,0.0149852507374632,0.0143952802359881,0.0580530973451328,0.0198106750031725,0.0384742810296501,0.0218289085545723,-0.00900374181478,0.0107334525939177,0.0442336126170528,0.0420509037255625,0.0183010498751834,0.0122193347846088,-1.0658703556839066,0.0069361101743592,0.0101438012738417,43.54995659844829,0.0080860420444926,0.0254820224848131,0.0042417889985385,-0.4039095042313083,0,sl,1780822800000,1780833600000,3
1780822800000|ENA/USDT:USDT|ena_trend_discovery|short,2026-06-07 09:00:00+00:00,ENA/USDT:USDT,ENA,short,ena_trend_discovery,29.08300936373924,0.0316079295154184,0.0556167400881057,0.0240088105726872,-0.0117615643071547,-0.0218903456235651,-0.0158039647577093,-0.0258555948932517,-0.013150744484295,0.0106856634016028,-0.0052585451358456,-0.0102493294640065,0.0291584209955989,-1.2024910282919927,0.0163566977130513,0.0193630388931477,43.54995659844829,0.0080860420444926,0.0254820224848131,0.0042417889985385,0.5992871605291601,1,tp,1780822800000,1780833600000,3
1780826400000|SOL/USDT:USDT|sol_trend_discovery|long,2026-06-07 10:00:00+00:00,SOL/USDT:USDT,SOL,long,sol_trend_discovery,44.08049427567958,0.0103731227744233,0.0229137637405169,0.0515559684161635,0.0139677093548152,0.0200015575147489,0.0143211023378233,-0.0055427251732101,-0.0030868961259453,0.0473487919571915,0.0454839753965685,0.0059507300915658,0.0140797481512161,-0.5743504710203542,0.0083116564234582,0.0114312042587196,43.99536570421861,0.0078433407369332,0.0295333356452696,0.0040032920002528,-0.2575860826125846,0,sl,1780826400000,1780833600000,2
1780826400000|ADA/USDT:USDT|ada_trend_discovery|long,2026-06-07 10:00:00+00:00,ADA/USDT:USDT,ADA,long,ada_trend_discovery,34.877028500822824,0.0158343483556639,0.0170523751522533,0.0609013398294763,0.0227799238756303,0.0505936379826468,0.0219244823386113,-0.0042449969678591,0.0192427063935445,0.0539152759948653,0.0634715025906735,0.0271942315817284,0.016891411001378,-1.3387491773910267,0.008630429797964,0.0124419500054434,43.99536570421861,0.0078433407369332,0.0295333356452696,0.0040032920002528,-0.3777138280195752,0,sl,1780826400000,1780833600000,2
1780826400000|NEAR/USDT:USDT|near_trend_discovery|short,2026-06-07 10:00:00+00:00,NEAR/USDT:USDT,NEAR,short,near_trend_discovery,34.60508633519652,0.0195560253699789,0.0385835095137421,0.0412262156448202,-0.003114194840563,-0.0281521368137242,0.001321353065539,-0.0094240837696335,-0.0201967892283791,0.0221501890869799,0.0096051227321236,-0.0251161585846402,0.0260810819906177,0.6612406943080457,0.0157831597340962,0.0173177635640951,43.99536570421861,0.0078433407369332,0.0295333356452696,0.0040032920002528,-0.0681123833819913,0,sl,1780826400000,1780830000000,2
1780826400000|ONDO/USDT:USDT|ondo_trend_discovery|long,2026-06-07 10:00:00+00:00,ONDO/USDT:USDT,ONDO,long,ondo_trend_discovery,41.89151223340351,0.0205158264947245,0.0474794841735052,0.0682883939038686,0.015372165031597,0.0298668587244815,0.0104044548651817,-0.0069848661233993,-0.0113010721529991,0.057001239157373,0.0586410176853864,0.014275252160801,0.0235471113807992,0.900185549780633,0.0132741478849379,0.0164990969765308,43.99536570421861,0.0078433407369332,0.0295333356452696,0.0040032920002528,-0.4758186325539374,0,sl,1780826400000,1780858800000,9
1780826400000|RENDER/USDT:USDT|render_trend_discovery|long,2026-06-07 10:00:00+00:00,RENDER/USDT:USDT,RENDER,long,render_trend_discovery,41.58269825959404,0.0126582278481012,0.0367691380349607,0.053044002411091,0.0083478061810225,0.014461203815741,0.0081374321880651,-0.0083682008368201,-0.0154302670623145,0.0466876971608833,0.0272445820433435,0.0060627866667079,0.0185809168260419,0.1067477377439873,0.0108058439777629,0.0135562095213236,43.99536570421861,0.0078433407369332,0.0295333356452696,0.0040032920002528,-0.3573085846073364,0,sl,1780826400000,1780833600000,2
1780833600000|BCH/USDT:USDT|bch_trend|long,2026-06-07 12:00:00+00:00,BCH/USDT:USDT,BCH,long,bch_trend,25.76098824635878,0.0168501460345989,0.0332060211188496,0.0440799820265109,0.0048000069913938,0.0381919291437336,0.0054369804538306,-0.0060738689652091,-0.0155703985491219,0.029418567001249,0.0236890524379025,0.0332324063694257,0.0154455526943689,-0.9228821949322066,0.0078592966770336,0.0145042348929425,42.30908711643114,0.0085199768881984,0.0142204722344254,0.0047563807422451,-0.8871452335241645,0,sl,1780833600000,1780837200000,2
1780833600000|NEAR/USDT:USDT|near_trend_discovery|short,2026-06-07 12:00:00+00:00,NEAR/USDT:USDT,NEAR,short,near_trend_discovery,31.05802393265214,0.0381962864721485,0.0424403183023873,0.0376657824933686,-0.0070197636768183,-0.0312956483911188,-0.0023872679045092,-0.0166927490871152,-0.0233160621761657,0.0047974413646056,-0.010498687664042,-0.0244475003895238,0.0272353537712771,1.134235019320343,0.0156752528126905,0.0171844647734315,42.30908711643114,0.0085199768881984,0.0142204722344254,0.0047563807422451,0.1035895595258977,1,tp,1780833600000,1780837200000,2
1780837200000|BNB/USDT:USDT|bnb_trend|long,2026-06-07 13:00:00+00:00,BNB/USDT:USDT,BNB,long,bnb_trend,38.80040945705578,0.0052614606493661,0.0181096081060438,0.030669223849692,0.0063656927685441,0.0197259015216208,0.0062798078718241,0.000645369474024,-0.0068938781014021,0.0157922866058652,0.0252666747872694,0.0132756997273251,0.0088400844160553,-0.7274539698147579,0.0048426785194784,0.0060789880007181,40.09923673918552,0.0082467131236509,0.0147335861598072,0.0047377691723737,0.0955108802517033,1,sl,1780837200000,1780858800000,6
1780837200000|DOGE/USDT:USDT|doge_trend_loose|long,2026-06-07 13:00:00+00:00,DOGE/USDT:USDT,DOGE,long,doge_trend_loose,35.149879819176334,0.0048920176589904,0.0257725808376089,0.0405679513184584,0.0046174225926019,0.0257268168497035,0.0073976852404247,0.0009554520482502,-0.0110914454277287,0.0041936256889527,0.0241965049492851,0.0210123712593246,0.0116892971519994,-1.216638179195062,0.006609814449986,0.0097562222772887,40.09923673918552,0.0082467131236509,0.0147335861598072,0.0047377691723737,-0.1009089473433978,0,sl,1780837200000,1780858800000,7
1780837200000|SOL/USDT:USDT|sol_trend_discovery|long,2026-06-07 13:00:00+00:00,SOL/USDT:USDT,SOL,long,sol_trend_discovery,39.317530314418526,0.0057569628131321,0.0280068461179399,0.0468336704527773,0.0057765002843547,0.014393777877476,0.0094134121674187,0.0003112840466925,-0.0104695919938415,0.0102169129204652,0.0299679487179487,0.0085677857761491,0.0139171537849402,-0.6485148386512306,0.0082891353904671,0.0111330945268134,40.09923673918552,0.0082467131236509,0.0147335861598072,0.0047377691723737,-0.0676074065665524,0,sl,1780837200000,1780858800000,7
1780837200000|ADA/USDT:USDT|ada_trend_discovery|long,2026-06-07 13:00:00+00:00,ADA/USDT:USDT,ADA,long,ada_trend_discovery,31.777709241778894,0.0086526576019776,0.0321384425216317,0.0389369592088998,0.0046885099155976,0.034012806838673,0.003399258343634,0.0024783147459728,-0.018799272286234,0.0062189054726369,0.0214646464646464,0.0291874512683925,0.0168756387710922,-1.2022649025619374,0.0091327495615599,0.0123837011300679,40.09923673918552,0.0082467131236509,0.0147335861598072,0.0047377691723737,-0.0758203846620548,0,sl,1780837200000,1780858800000,7
1780837200000|SUI/USDT:USDT|sui_trend_discovery|long,2026-06-07 13:00:00+00:00,SUI/USDT:USDT,SUI,long,sui_trend_discovery,31.941508737217696,0.0082044384667114,0.0294552790854067,0.0579690652320107,0.0069282048965396,0.0547115454530567,0.014256893073302,0.0044582545258038,-0.0195173414216008,-0.0082699746565292,0.0352269562795879,0.0474545656027449,0.0171617205109526,-1.0079399125679502,0.0108058851374668,0.0133333335445546,40.09923673918552,0.0082467131236509,0.0147335861598072,0.0047377691723737,0.0932403542222504,1,tp,1780837200000,1780855200000,6
1780837200000|ENA/USDT:USDT|ena_trend_discovery|short,2026-06-07 13:00:00+00:00,ENA/USDT:USDT,ENA,short,ena_trend_discovery,24.215946450360555,0.0099463567277602,0.0711890925346446,0.0165400089405454,-0.0193888700756959,-0.0349629526217483,-0.0273245417970496,0.0029141448105807,-0.0145374449339207,-0.0577085088458297,-0.0401201458914395,-0.0158820169084299,0.0268305509818859,-1.490057344791151,0.0165272116575573,0.0184981446019329,40.09923673918552,0.0082467131236509,0.0147335861598072,0.0047377691723737,-0.1071827589168062,0,sl,1780837200000,1780840800000,2
1780837200000|TON/USDT:USDT|ton_trend_discovery|long,2026-06-07 13:00:00+00:00,TON/USDT:USDT,TON,long,ton_trend_discovery,54.182232251523615,0.0117717003567182,0.0527348394768133,0.0718787158145065,0.0032295930458136,0.0914050503649978,0.0095719381688466,-0.0026682478505781,-0.0142991092358181,-0.0346648301193756,0.0771693884085813,0.087891603208676,0.0223644832008463,0.7895888915983593,0.0192980434758035,0.0184317428302123,40.09923673918552,0.0082467131236509,0.0147335861598072,0.0047377691723737,0.0523990064295876,1,sl,1780837200000,1780855200000,5
1780840800000|BTC/USDT:USDT|btc_trend_loose|long,2026-06-07 14:00:00+00:00,BTC/USDT:USDT,BTC,long,btc_trend_loose,38.903792085915775,0.0098364365140935,0.017300232738557,0.0245442203258339,0.0021297653143604,0.0137655786023368,0.0036219937936384,0.0031941629509526,-0.0075661213562877,0.0065528752611063,0.0182596173626825,0.0116110844031524,0.0083358828534431,-0.4437648982365457,0.0047620786650628,0.0053022224748803,38.903792085915775,0.0083358828534431,0.0182596173626825,0.0047620786650628,-0.0420815942917009,0,sl,1780840800000,1780858800000,6
1780840800000|AVAX/USDT:USDT|avax_trend|long,2026-06-07 14:00:00+00:00,AVAX/USDT:USDT,AVAX,long,avax_trend,20.94403976393348,0.0199464126228043,0.0245608812146472,0.0232211967847573,0.0003126199518992,0.0083555034512196,-0.0006698422149449,0.0096182747219717,0.0013414815918915,-0.0076809453471196,-0.0048881647163383,0.0080403699192629,0.0148901896902834,-1.026682969515481,0.0075210848927495,0.0129188569031756,38.903792085915775,0.0083358828534431,0.0182596173626825,0.0047620786650628,1.009922263985332,1,tp,1780840800000,1780844400000,2
1780840800000|BCH/USDT:USDT|bch_trend|long,2026-06-07 14:00:00+00:00,BCH/USDT:USDT,BCH,long,bch_trend,22.96826094804348,0.0127159946832078,0.018785999113868,0.0574213557820114,0.0164675613787133,0.0519015399614467,0.0193176783340717,0.0107931389672621,0.0048975957257346,0.03148850600978,0.0297942236619974,0.0348599206989661,0.0146603290920374,-1.195377522523207,0.0080603950975421,0.0141713975367534,38.903792085915775,0.0083358828534431,0.0182596173626825,0.0047620786650628,0.0962730840690077,1,tp,1780840800000,1780848000000,3
1780840800000|RENDER/USDT:USDT|render_trend_discovery|long,2026-06-07 14:00:00+00:00,RENDER/USDT:USDT,RENDER,long,render_trend_discovery,33.80182031744292,0.0255344418052257,0.0213776722090261,0.0671021377672209,0.0203934125124716,0.0291387683781545,0.0228622327790973,0.02370820668693,0.0150693188667871,0.02871105681124,0.0343980343980343,0.0085705726423199,0.0186702039281741,0.1593085476224869,0.0121840821057398,0.0137231143181912,38.903792085915775,0.0083358828534431,0.0182596173626825,0.0047620786650628,0.0503288082479689,1,tp,1780840800000,1780855200000,5
1780840800000|INJ/USDT:USDT|inj_trend_discovery|long,2026-06-07 14:00:00+00:00,INJ/USDT:USDT,INJ,long,inj_trend_discovery,28.50595892726507,0.0279864763335837,0.0193463561232155,0.0597295266716753,0.0200983860592269,0.0422932440159216,0.0201915852742298,0.0262143407864301,0.0252262661274793,0.0119749097129822,0.0382215288611544,0.0217575659956059,0.0212470168300506,-1.2283772852849224,0.0136305364199587,0.0156807508417845,38.903792085915775,0.0083358828534431,0.0182596173626825,0.0047620786650628,0.5153255835033642,1,tp,1780840800000,1780848000000,2
1780844400000|ENA/USDT:USDT|ena_trend_discovery|short,2026-06-07 15:00:00+00:00,ENA/USDT:USDT,ENA,short,ena_trend_discovery,22.516610289606277,0.0267473858007705,0.0550357732526142,0.0313703907539901,-0.0045626099288056,-0.0199040834723562,-0.0118326912493121,-0.0113178800740014,-0.0009896635144049,-0.0098092643051771,-0.0023061717548868,-0.0154117915366362,0.0270031792489412,-1.334562017690193,0.0173502935729132,0.0186439491297452,37.68409142858231,0.0083552711371188,0.0216857792313605,0.004783797391194,0.655665511149524,1,tp,1780844400000,1780858800000,7
1780848000000|XLM/USDT:USDT|xlm_trend_discovery|long,2026-06-07 16:00:00+00:00,XLM/USDT:USDT,XLM,long,xlm_trend_discovery,22.909253543522524,0.0375048206710374,0.049942151947551,0.0349016583108369,0.0071778833806765,0.0417005668797486,-0.007520246818357,0.0218719211822659,0.0241421871142928,-0.013458886193941,-0.0272906311544592,0.0342766497048107,0.0216113704020618,-0.737758099572591,0.0143722985584133,0.0175429347005029,36.81891895089448,0.0082375287857714,0.0214716756269155,0.0047858470519196,-0.058566576274861,0,sl,1780848000000,1780858800000,6
1780851600000|INJ/USDT:USDT|inj_trend_discovery|long,2026-06-07 17:00:00+00:00,INJ/USDT:USDT,INJ,long,inj_trend_discovery,28.78996829223515,0.0227144734372067,0.0187722920968649,0.0602590576309366,0.0144148951306325,0.0414622933345572,0.0207433827670358,-0.0089302325581395,0.026792598303778,0.0003755868544601,0.0548514851485149,0.0266630530897731,0.0218928231676223,-0.9447657574734674,0.0133045928594287,0.0151902234730652,36.015544507327206,0.0079886609880386,0.0260316118196695,0.0047043453335892,-0.5375931382980126,0,sl,1780851600000,1780858800000,2
1780862400000|BTC/USDT:USDT|btc_trend_loose|long,2026-06-07 20:00:00+00:00,BTC/USDT:USDT,BTC,long,btc_trend_loose,31.69174181274444,0.0122827159096422,0.0177772747117701,0.0234949792215772,0.0007026633914551,0.0124539569889628,0.0028588522549035,0.0087955395913466,-0.0034034763158657,-0.0155993823917991,0.0191913115848283,0.0117430421916553,0.0085013739582338,-0.2085969678737451,0.0056140592031318,0.0054223960658267,31.69174181274444,0.0085013739582338,0.0191913115848283,0.0056140592031318,4.941390534944286,1,tp,1780862400000,1780869600000,3
1780862400000|BNB/USDT:USDT|bnb_trend|long,2026-06-07 20:00:00+00:00,BNB/USDT:USDT,BNB,long,bnb_trend,32.446304446723225,0.0115615691422224,0.0095084229481159,0.0388583160835395,0.0081177800631289,0.0265501438851536,0.0146749465677117,0.0088455008488965,-0.000403734544537,-0.0068692338547934,0.0333008729523878,0.0182839388279318,0.0089063280485924,-0.5517977122033038,0.0057115862415318,0.0060411895886176,31.69174181274444,0.0085013739582338,0.0191913115848283,0.0056140592031318,0.8011818353916509,1,tp,1780862400000,1780869600000,2
1780862400000|DOGE/USDT:USDT|doge_trend_loose|long,2026-06-07 20:00:00+00:00,DOGE/USDT:USDT,DOGE,long,doge_trend_loose,28.604174107520112,0.0143842130290062,0.0219923918212078,0.0392296718972895,0.0031397465766874,0.0272850704367835,0.0086186400380409,0.0097227223622615,-0.0076678070071959,-0.0163704396632367,0.0405739732805543,0.0240697509419743,0.0113655049789306,-1.0787547628414658,0.0071424076732925,0.0093412412928693,31.69174181274444,0.0085013739582338,0.0191913115848283,0.0056140592031318,0.9870365227242442,1,tp,1780862400000,1780869600000,2
1780862400000|SOL/USDT:USDT|sol_trend_discovery|long,2026-06-07 20:00:00+00:00,SOL/USDT:USDT,SOL,long,sol_trend_discovery,31.512019578489586,0.0167105059569858,0.0222806746093145,0.0496673371499302,0.0046749705558517,0.0185179030909672,0.0136933312703078,0.0115824072624823,-0.0070671378091874,-0.0195691747572815,0.0454545454545454,0.0137785183674444,0.0136645596612661,-0.6595614013066966,0.0091559670804645,0.0107271340954324,31.69174181274444,0.0085013739582338,0.0191913115848283,0.0056140592031318,0.6957594644685834,1,tp,1780862400000,1780869600000,2
1780862400000|SUI/USDT:USDT|sui_trend_discovery|long,2026-06-07 20:00:00+00:00,SUI/USDT:USDT,SUI,long,sui_trend_discovery,23.022546199794085,0.0186335403726708,0.0334863624088575,0.047529030515798,0.0004216855324283,0.0467920151249589,0.0070213340534701,0.0129941184516482,-0.0067060085836909,-0.0216644649933949,0.0493057523377729,0.0463507841374431,0.016116040390279,-1.2572249845122072,0.0111828760292836,0.0127150895943804,31.69174181274444,0.0085013739582338,0.0191913115848283,0.0056140592031318,0.0957546448415367,1,tp,1780862400000,1780866000000,2
1780862400000|NEAR/USDT:USDT|near_trend_discovery|long,2026-06-07 20:00:00+00:00,NEAR/USDT:USDT,NEAR,long,near_trend_discovery,31.46512859544018,0.0319201995012468,0.0463840399002493,0.0952618453865336,0.0259661146403717,0.0282867512973468,0.0244389027431421,0.020356234096692,-0.0152259332023576,0.0388601036269429,0.0716194548369855,0.0022619038035076,0.0293113079165174,1.5717702008983585,0.0180872821781558,0.0178912117310527,31.69174181274444,0.0085013739582338,0.0191913115848283,0.0056140592031318,1.529607966727886,1,tp,1780862400000,1780869600000,2
1780862400000|INJ/USDT:USDT|inj_trend_discovery|long,2026-06-07 20:00:00+00:00,INJ/USDT:USDT,INJ,long,inj_trend_discovery,25.01867121471066,0.0180745814307459,0.0325342465753423,0.0367199391171994,0.0010548710405,0.0267847086837408,0.0020928462709286,0.0117420596727622,-0.0221395348837208,-0.0184873949579832,0.0366863905325443,0.0257027245834157,0.0215721725929488,-0.9735998248944104,0.0140268945079034,0.0150953895008783,31.69174181274444,0.0085013739582338,0.0191913115848283,0.0056140592031318,0.9538482291423362,1,tp,1780862400000,1780869600000,2
1780869600000|AVAX/USDT:USDT|avax_trend|long,2026-06-07 22:00:00+00:00,AVAX/USDT:USDT,AVAX,long,avax_trend,18.60366560279132,0.0569226208123331,0.0327601541654312,0.0360213459828046,0.0099073489588666,0.012670130292308,0.0016305959086867,0.0235169170080413,0.0118494075296236,0.0055149798777762,0.0176497209232162,0.0027356780166909,0.0170680771361645,0.0857579572588444,0.0094348949259754,0.0126773335203728,30.99572051272984,0.0105061538064837,0.0383471320212185,0.0065106970463866,8.439770717000942,1,tp,1780869600000,1780873200000,1
1780869600000|ADA/USDT:USDT|ada_trend_discovery|long,2026-06-07 22:00:00+00:00,ADA/USDT:USDT,ADA,long,ada_trend_discovery,24.88528886065894,0.0504559270516717,0.0261398176291793,0.0547112462006079,0.0188240823773701,0.0482209180647924,0.0142857142857142,0.0236465463596764,0.0166872682323857,0.0018270401948843,0.0558408215661105,0.028853691423181,0.0179296047370396,-0.4904623636688255,0.0104855320655377,0.0122480642621424,30.99572051272984,0.0105061538064837,0.0383471320212185,0.0065106970463866,0.5321070247801489,1,tp,1780869600000,1780876800000,2
1780869600000|SUI/USDT:USDT|sui_trend_discovery|long,2026-06-07 22:00:00+00:00,SUI/USDT:USDT,SUI,long,sui_trend_discovery,22.742701852032567,0.0562392483789863,0.0330819108111683,0.0602090776763265,0.0189397064858246,0.0669420493899289,0.0135635834325791,0.0224597483425788,0.0195628710199677,0.0112404656764353,0.0633178556352891,0.0471100915967416,0.0184340925814414,0.0349549575112221,0.0119713217922998,0.0128246653332156,30.99572051272984,0.0105061538064837,0.0383471320212185,0.0065106970463866,0.5534889102733433,1,tp,1780869600000,1780876800000,2
1780869600000|ONDO/USDT:USDT|ondo_trend_discovery|long,2026-06-07 22:00:00+00:00,ONDO/USDT:USDT,ONDO,long,ondo_trend_discovery,30.07870879959804,0.0505109489051094,0.0435036496350364,0.0630656934306569,0.0094860064657678,0.030278507036665,0.0097810218978102,0.0178306092124813,0.0026346604215456,0.003810082063306,0.0610285006195787,0.0205971161935093,0.0258053789853671,1.6881534989581066,0.0152554114695488,0.0157260835078329,30.99572051272984,0.0105061538064837,0.0383471320212185,0.0065106970463866,0.6709557027329596,1,tp,1780869600000,1780876800000,2
1780869600000|RENDER/USDT:USDT|render_trend_discovery|long,2026-06-07 22:00:00+00:00,RENDER/USDT:USDT,RENDER,long,render_trend_discovery,26.600050396262784,0.0535821794099939,0.0355207706201083,0.0463576158940397,0.0088388536976863,0.0146412357986987,0.0054184226369656,0.0246761258482417,0.0085003035822708,0.0012055455093429,0.04794952681388,0.0057515450359044,0.0210897808981261,1.940557234881637,0.0139053757745715,0.0137523431660597,30.99572051272984,0.0105061538064837,0.0383471320212185,0.0065106970463866,0.4405545802802511,1,tp,1780869600000,1780873200000,1
1780869600000|TON/USDT:USDT|ton_trend_discovery|long,2026-06-07 22:00:00+00:00,TON/USDT:USDT,TON,long,ton_trend_discovery,35.82184453839162,0.0412644219449021,0.0423239934071108,0.0449140569813986,0.0095163429327699,0.0932424539502674,0.0012950317871438,0.0232502108179739,0.0081899109792284,-0.0019974151098577,0.0386402543409147,0.0829368554591823,0.0229916309415814,0.9437268343378842,0.0200404062740072,0.0179779556838439,30.99572051272984,0.0105061538064837,0.0383471320212185,0.0065106970463866,0.5580894919616901,1,tp,1780869600000,1780887600000,6
1780873200000|BTC/USDT:USDT|btc_trend_loose|long,2026-06-07 23:00:00+00:00,BTC/USDT:USDT,BTC,long,btc_trend_loose,31.882546099440265,0.0105910882564358,0.0150319517840075,0.0409251404061707,0.020483570405578,0.0355049430506651,0.0129465943110816,0.0074005108739765,0.0325379503391305,0.0111775305596912,0.0402434194416736,0.0147198574094798,0.0104405536551825,1.6547145231181708,0.0065699621589694,0.005914429400043,31.882546099440265,0.0104405536551825,0.0402434194416736,0.0065699621589694,0.0103611851636796,1,sl,1780873200000,1780880400000,2
1780873200000|BNB/USDT:USDT|bnb_trend|long,2026-06-07 23:00:00+00:00,BNB/USDT:USDT,BNB,long,bnb_trend,31.94258139535225,0.0052743836907459,0.0105487673814918,0.0514707098096922,0.0207469230356264,0.0436796045732922,0.0204609712141002,0.0017888791347124,0.0268421052631577,0.0187646335506257,0.0523559298440978,0.0224665693524362,0.0096418478204404,0.0229670360246415,0.0062472760525869,0.0062377753406598,31.882546099440265,0.0104405536551825,0.0402434194416736,0.0065699621589694,-0.3546788180308968,0,sl,1780873200000,1780894800000,6
1780873200000|BCH/USDT:USDT|bch_trend|long,2026-06-07 23:00:00+00:00,BCH/USDT:USDT,BCH,long,bch_trend,20.23238172279621,0.0166420439732337,0.0193795081254888,0.0640914226123229,0.028254061976274,0.0682931160589413,0.0223559572434169,0.0016538997214483,0.0490951360714773,0.027823679156804,0.0598204006447156,0.0389388727584634,0.0164145647433203,-0.1866787979291056,0.0108210592511202,0.0139557408623008,31.882546099440265,0.0104405536551825,0.0402434194416736,0.0065699621589694,-0.697829870234484,0,sl,1780873200000,1780880400000,2
1780873200000|DOGE/USDT:USDT|doge_trend_loose|long,2026-06-07 23:00:00+00:00,DOGE/USDT:USDT,DOGE,long,doge_trend_loose,28.468294751171012,0.011482254697286,0.0153096729297147,0.0538158199953607,0.0236008386888756,0.0516583573092672,0.0192530735328231,0.0086569957884885,0.0349297803384949,0.0198722498225691,0.0532616662594673,0.0274106053452734,0.0130754805769443,-0.1197045225336387,0.0079409568585779,0.0094385431219086,31.882546099440265,0.0104405536551825,0.0402434194416736,0.0065699621589694,0.5044654010551082,1,tp,1780873200000,1780934400000,18
1780873200000|SOL/USDT:USDT|sol_trend_discovery|long,2026-06-07 23:00:00+00:00,SOL/USDT:USDT,SOL,long,sol_trend_discovery,30.90493742662334,0.0133935289691497,0.0218209179834462,0.0683220466516178,0.0274447159934384,0.0461514315821759,0.0232505643340858,0.0101854667072058,0.0400688683675067,0.0227797444974604,0.069015444015444,0.0182070288527883,0.0156151606708175,0.6252488911312314,0.009790711770081,0.0107992722017177,31.882546099440265,0.0104405536551825,0.0402434194416736,0.0065699621589694,-0.0901772691882321,0,time_stop,1780873200000,1780894800000,6
1780873200000|NEAR/USDT:USDT|near_trend_discovery|long,2026-06-07 23:00:00+00:00,NEAR/USDT:USDT,NEAR,long,near_trend_discovery,31.736387217418585,0.020408163265306,0.0208940719144801,0.1185617103984449,0.0428765876283719,0.0542530041009046,0.0488338192419824,0.0127952755905511,0.047328244274809,0.0735524256651016,0.107642626480086,0.0109086891080794,0.0293423785480965,1.395504807264181,0.0184127270020517,0.0177331183116068,31.882546099440265,0.0104405536551825,0.0402434194416736,0.0065699621589694,0.7838592141131808,1,tp,1780873200000,1780898400000,7
1780873200000|XLM/USDT:USDT|xlm_trend_discovery|long,2026-06-07 23:00:00+00:00,XLM/USDT:USDT,XLM,long,xlm_trend_discovery,19.65172835581499,0.0207047387606317,0.0585662211421628,0.0323693803159173,0.004648481943745,0.0316450185874074,-0.0130984204131227,0.0071467032160164,0.0282358820589705,-0.0001943729044171,-0.0292979807510852,0.0268716243829193,0.0218026951941445,-0.5813455300591237,0.0126542374543163,0.0167253717351005,31.882546099440265,0.0104405536551825,0.0402434194416736,0.0065699621589694,-0.0438789273580775,0,sl,1780873200000,1780880400000,3
1780873200000|INJ/USDT:USDT|inj_trend_discovery|long,2026-06-07 23:00:00+00:00,INJ/USDT:USDT,INJ,long,inj_trend_discovery,26.29840508499753,0.0106853352984524,0.0298452468680913,0.0631908621960206,0.0273537142759101,0.0588311693000132,0.0166728076639645,0.0020306442680451,0.0448508180943214,0.0458574181117532,0.0515304145679968,0.0306393548655136,0.0224087226763223,-0.6834019692192707,0.0148341750128544,0.0150940343782993,31.882546099440265,0.0104405536551825,0.0402434194416736,0.0065699621589694,0.5119714900198139,1,tp,1780873200000,1780887600000,4
1780876800000|AVAX/USDT:USDT|avax_trend|long,2026-06-08 00:00:00+00:00,AVAX/USDT:USDT,AVAX,long,avax_trend,20.190968572662797,0.0149647887323944,0.0221537558685445,0.0459213615023473,0.0166530513689575,0.0227117611944338,0.0118838028169014,0.0002935133548576,0.032258064516129,0.0255792958170328,0.0238846327174402,0.0059594665233317,0.0166369279463504,-0.08935266905366,0.0095949557601716,0.012474371778116,33.082307128171536,0.0104780383716119,0.0469297083210558,0.006559015083506,-6.620021567187073,0,sl,1780876800000,1780880400000,1
1780876800000|RENDER/USDT:USDT|render_trend_discovery|long,2026-06-08 00:00:00+00:00,RENDER/USDT:USDT,RENDER,long,render_trend_discovery,26.269512760362737,0.0190249702734839,0.0225921521997622,0.0505350772889417,0.0177665858514097,0.0269292888611482,0.0139714625445896,0.0017867778439546,0.034440344403444,0.024984765386959,0.0473225404732253,0.0090027547937954,0.020223407830001,1.1961785900226352,0.0139536532995445,0.0135319069467073,33.082307128171536,0.0104780383716119,0.0469297083210558,0.006559015083506,-0.3151912356054773,0,sl,1780876800000,1780891200000,4
1780880400000|ADA/USDT:USDT|ada_trend_discovery|long,2026-06-08 01:00:00+00:00,ADA/USDT:USDT,ADA,long,ada_trend_discovery,25.48788816224932,0.0251379521765787,0.0349478847332925,0.0318822808093193,0.0054129612878733,0.0378287072587993,-0.0015328019619865,-0.0121138703815869,0.0149346608587428,0.0080346106304078,0.0143034825870647,0.032241225465607,0.0180083577801025,-0.4363817376117063,0.0097982202775304,0.0120156324130664,33.197578122896736,0.0108585639611156,0.028241324600301,0.0064374479063766,-0.3954676807538089,0,sl,1780880400000,1780891200000,3
1780880400000|SUI/USDT:USDT|sui_trend_discovery|long,2026-06-08 01:00:00+00:00,SUI/USDT:USDT,SUI,long,sui_trend_discovery,24.226854388122625,0.0245999206454172,0.0325353789181324,0.0379579420711545,0.0132064605446613,0.0652336498229884,0.002711281576511,-0.0103403141361256,0.0230009470978216,0.0169468728984532,0.0085367480325462,0.0513490500745122,0.0185081282291098,0.0850330825361954,0.0087196575331344,0.0125601991549664,33.197578122896736,0.0108585639611156,0.028241324600301,0.0064374479063766,-0.4036469226629902,0,sl,1780880400000,1780891200000,3
1780880400000|ONDO/USDT:USDT|ondo_trend_discovery|long,2026-06-08 01:00:00+00:00,ONDO/USDT:USDT,ONDO,long,ondo_trend_discovery,30.404629016873105,0.028448275862069,0.0270114942528736,0.0517241379310343,0.0177003071609859,0.0452283567567433,0.0123563218390803,-0.0105203298265568,0.0341753343239226,0.0148731408573927,0.0280649926144755,0.0270492692220469,0.0259117468819814,1.589558856668804,0.0144937205297603,0.0155634277884706,33.197578122896736,0.0108585639611156,0.028241324600301,0.0064374479063766,0.6294601206854066,1,tp,1780880400000,1780916400000,10
1780884000000|BTC/USDT:USDT|btc_trend_loose|long,2026-06-08 02:00:00+00:00,BTC/USDT:USDT,BTC,long,btc_trend_loose,33.30461547514156,0.005648428139442,0.0182702243522692,0.0308571537247294,0.0119476671694428,0.0311325322517408,0.0062934646862301,-0.0014369817053871,0.0041968058440162,0.0198021722265322,0.026484808652138,0.0189583569434581,0.0105009212707589,1.5046055631553257,0.0064573586722928,0.0058575822448026,33.30461547514156,0.0105009212707589,0.026484808652138,0.0064573586722928,-0.6129375929111988,0,time_stop,1780884000000,1780909200000,7
1780891200000|TON/USDT:USDT|ton_trend_discovery|long,2026-06-08 04:00:00+00:00,TON/USDT:USDT,TON,long,ton_trend_discovery,29.15191328083977,0.0256787796690028,0.0325107485717652,0.0382236880852817,0.0020036640923062,0.0863850573301746,0.0028564697567583,-0.0208189158016147,-0.0045145403377111,-0.0107783733395478,0.0037242847008749,0.0842126593561987,0.0218247830814205,0.5061951977421764,0.0140396132320044,0.0172702328505979,33.16141260296944,0.010249121603049,0.0129433618790022,0.0066323309851639,0.8673710391137506,1,tp,1780891200000,1780941600000,15
1780891200000|INJ/USDT:USDT|inj_trend_discovery|long,2026-06-08 04:00:00+00:00,INJ/USDT:USDT,INJ,long,inj_trend_discovery,33.90339240016974,0.0341372912801484,0.0526901669758813,0.0565862708719851,0.0035612480923571,0.0475979031975025,0.0019480519480518,-0.0298776097912167,-0.0247874072733852,0.0027906976744185,0.0037243947858471,0.0438803861636282,0.024573594649983,0.0208369402889053,0.0142541438228944,0.0153237353910014,33.16141260296944,0.010249121603049,0.0129433618790022,0.0066323309851639,-0.7514821389292966,0,sl,1780891200000,1780894800000,1
1780898400000|SOL/USDT:USDT|sol_trend_discovery|long,2026-06-08 06:00:00+00:00,SOL/USDT:USDT,SOL,long,sol_trend_discovery,28.232085352510342,0.0094468992838641,0.0345878409264057,0.0315404540606428,0.0052981150300406,0.0305665849058936,-0.0015236934328814,0.0053615196078431,-0.0115963855421687,0.011248073959938,0.0129649637289703,0.0251353001642681,0.0146008389676959,-0.1225108875388045,0.0092004255095242,0.0103674334382063,31.754775838528925,0.0097140869968779,0.0141542942102219,0.006536499464019,0.8585826337582996,1,tp,1780898400000,1780920000000,6
1780898400000|INJ/USDT:USDT|inj_trend_discovery|long,2026-06-08 06:00:00+00:00,INJ/USDT:USDT,INJ,long,inj_trend_discovery,34.15563325578278,0.0205504587155963,0.0411009174311926,0.0669724770642202,0.0129192994395033,0.058129268100014,0.0129357798165137,0.010194624652456,-0.0227720996951765,0.0288842741174251,0.0281079041690246,0.0446333372120835,0.0233358295287549,-0.3640224004396101,0.0142207422367219,0.0150707887762288,31.754775838528925,0.0097140869968779,0.0141542942102219,0.006536499464019,1.3075294264865245,1,tp,1780898400000,1780912800000,4
1780902000000|BNB/USDT:USDT|bnb_trend|long,2026-06-08 07:00:00+00:00,BNB/USDT:USDT,BNB,long,bnb_trend,24.90782017656504,0.0069057995306738,0.0244552463962454,0.0180858196446531,0.0005778206389886,0.0267157128047784,-0.0031847133757961,0.0006541319333792,-0.0116625803459015,0.0129032258064516,0.0112207193464184,0.02612279787403,0.009058582170554,-0.4472785198459292,0.0065844658552381,0.0060622044056894,31.5983961589573,0.0095891646834809,0.0143331302312157,0.006541310050157,-0.0634260123442422,0,sl,1780902000000,1780905600000,2
1780902000000|ADA/USDT:USDT|ada_trend_discovery|long,2026-06-08 07:00:00+00:00,ADA/USDT:USDT,ADA,long,ada_trend_discovery,19.863346168747263,0.0189370800244348,0.0311545510079413,0.0354306658521685,0.0086227399649295,0.0396150395164425,0.0021380574221137,0.0129950495049506,-0.0012202562538131,0.033459595959596,0.0098704503392967,0.0307273456402446,0.0168653480427698,-0.7546079039044828,0.0105603972226299,0.0116999784558106,31.5983961589573,0.0095891646834809,0.0143331302312157,0.006541310050157,0.5731238143002204,1,tp,1780902000000,1780916400000,4
1780902000000|SUI/USDT:USDT|sui_trend_discovery|long,2026-06-08 07:00:00+00:00,SUI/USDT:USDT,SUI,long,sui_trend_discovery,20.281110824404067,0.026835043409629,0.0269665877400683,0.0431465403841093,0.0180135564488534,0.0677353388126156,0.0080899763220205,0.0212251477700162,0.0114422565194252,0.0398030365203119,0.0102325581395348,0.0488419648724592,0.0180114738431374,-0.1764447218850151,0.0107328056872852,0.0125564724527985,31.5983961589573,0.0095891646834809,0.0143331302312157,0.006541310050157,0.6068544980316063,1,tp,1780902000000,1780930800000,8
1780902000000|NEAR/USDT:USDT|near_trend_discovery|long,2026-06-08 07:00:00+00:00,NEAR/USDT:USDT,NEAR,long,near_trend_discovery,36.03198352099156,0.0303596450256889,0.0252218589444184,0.1335824381130313,0.0500699853363279,0.090987143510885,0.0541802895843064,-0.0069573283858999,0.0318072289156625,0.0895674300254452,0.1215295966474594,0.038966124873526,0.0295063178845411,1.128427762482827,0.0178252888965703,0.0179458084628286,31.5983961589573,0.0095891646834809,0.0143331302312157,0.006541310050157,-0.0684300636990677,0,time_stop,1780902000000,1780956000000,15
1780902000000|RENDER/USDT:USDT|render_trend_discovery|long,2026-06-08 07:00:00+00:00,RENDER/USDT:USDT,RENDER,long,render_trend_discovery,18.81225861673754,0.016826923076923,0.0336538461538461,0.040264423076923,0.0071378689618712,0.0153338196363477,0.0033052884615383,0.0090964220739842,0.0042245021122508,0.0348258706467661,-0.0089338892197737,0.0081378636699707,0.0183659322896802,-0.3071708982164943,0.0130148328367693,0.0129805766907625,31.5983961589573,0.0095891646834809,0.0143331302312157,0.006541310050157,0.0643121122031249,1,tp,1780902000000,1780905600000,2
1780909200000|BNB/USDT:USDT|bnb_trend|long,2026-06-08 09:00:00+00:00,BNB/USDT:USDT,BNB,long,bnb_trend,22.43147509423072,0.0095506367091139,0.0187179145276352,0.0235849056603775,0.0057102564491831,0.0319099684404574,0.0024334955663711,0.0072865249655822,0.0077094915766666,0.0092181402233886,0.0112594390507012,0.0260509543611263,0.0087774998841673,-0.6683931433292898,0.0058318548441935,0.0060244934738229,31.70759856079852,0.0090777741813346,0.0153559430491121,0.0064096018433719,0.596220911280889,1,tp,1780909200000,1780930800000,6
1780912800000|BTC/USDT:USDT|btc_trend_loose|long,2026-06-08 10:00:00+00:00,BTC/USDT:USDT,BTC,long,btc_trend_loose,31.835761800117425,0.0074701218884391,0.0177169875577168,0.0313836991042507,0.0059593232526357,0.0292829105738509,0.0068333557732669,-0.0053316611496158,0.0027430637178598,0.0047426929902043,0.0126364011119006,0.023185417921076,0.0090081252777984,0.0149222245316327,0.0064923334109976,0.0056755238696737,31.835761800117425,0.0090081252777984,0.0126364011119006,0.0064923334109976,-0.3414166347533355,0,time_stop,1780912800000,1780945200000,9
1780916400000|INJ/USDT:USDT|inj_trend_discovery|long,2026-06-08 11:00:00+00:00,INJ/USDT:USDT,INJ,long,inj_trend_discovery,38.54908660126339,0.0254912373871481,0.0070808992742078,0.0998406797663303,0.0347006760509324,0.0923618429303619,0.0463798902460611,0.0163727959697732,0.0163727959697732,0.0407148120854827,0.0884393063583814,0.055727388813063,0.0237618994926267,-0.2125832563077438,0.0159894890372496,0.0156182340893887,32.391340716042265,0.0092697748677186,0.0135993022230458,0.0065178962512435,0.7855306323102809,1,tp,1780916400000,1780941600000,7
1780920000000|ADA/USDT:USDT|ada_trend_discovery|long,2026-06-08 12:00:00+00:00,ADA/USDT:USDT,ADA,long,ada_trend_discovery,21.623147497231543,0.0220763723150356,0.0071599045346062,0.0578758949880667,0.0240092528234479,0.061712712947648,0.0253579952267303,0.0005970149253731,0.0263319044703,0.0151423379769837,0.0384138785625776,0.0368194525784237,0.0168427213645397,-0.6930134348725215,0.0101796845659309,0.011545861221624,31.947975997553293,0.0099974892683954,0.0318953437065123,0.0060667809085378,0.6532107415718889,1,tp,1780920000000,1780952400000,9
1780920000000|ONDO/USDT:USDT|ondo_trend_discovery|long,2026-06-08 12:00:00+00:00,ONDO/USDT:USDT,ONDO,long,ondo_trend_discovery,36.51883133802998,0.0314960629921259,0.0059733912571272,0.1039913114308987,0.0434818719511653,0.0980668056175199,0.0490089600868857,0.012926292629263,0.0299217002237137,0.0471993176002274,0.0935273159144893,0.0523103804039148,0.0249639065617076,0.9934695821245548,0.0135932280217371,0.0152568114369523,31.947975997553293,0.0099974892683954,0.0318953437065123,0.0060667809085378,0.0311137220767251,1,time_stop,1780920000000,1780963200000,12
1780923600000|SOL/USDT:USDT|sol_trend_discovery|long,2026-06-08 13:00:00+00:00,SOL/USDT:USDT,SOL,long,sol_trend_discovery,27.82307176410395,0.0133373295369399,0.0175333433238423,0.0475048703731455,0.0128793837024963,0.0448284541758019,0.0149857635246515,-0.0074371560315334,0.0061821471652594,0.0092256503327283,0.0382760230278513,0.0315428184119203,0.0140733197446933,-0.4484163884150615,0.0084439436529353,0.0100635597535764,31.53628018752782,0.009962354792136,0.0331674098094851,0.0060322723124585,-0.3371936809727927,0,sl,1780923600000,1780963200000,11
1780923600000|RENDER/USDT:USDT|render_trend_discovery|long,2026-06-08 13:00:00+00:00,RENDER/USDT:USDT,RENDER,long,render_trend_discovery,18.154019535492424,0.0149075730471078,0.0190816935002981,0.0477042337507454,0.0089737878139679,0.0220388127929774,0.0143112701252236,-0.0082791247782377,0.0011940298507462,0.0047932893948472,0.019452887537994,0.0129488249712771,0.0178836970671408,-0.6453650250615273,0.0120699698678397,0.012738381279749,31.53628018752782,0.009962354792136,0.0331674098094851,0.0060322723124585,-0.40425220058464,0,sl,1780923600000,1780930800000,2
1780927200000|LINK/USDT:USDT|link_trend|long,2026-06-08 14:00:00+00:00,LINK/USDT:USDT,LINK,long,link_trend,30.93556724995725,0.0140320377499069,0.0012417732522041,0.0624611945858687,0.0229514369818355,0.0766575702196904,0.0306097106668323,0.0106676706827311,0.022733045466091,0.0180783817951959,0.0416504979950849,0.052501156258514,0.0133427894976473,-0.2284617713727891,0.0087850613687589,0.0095386011825831,31.395506075749054,0.0098273612485402,0.033322019653478,0.0060343151036163,0.9015938917228188,1,tp,1780927200000,1780934400000,4
1780930800000|BCH/USDT:USDT|bch_trend|short,2026-06-08 15:00:00+00:00,BCH/USDT:USDT,BCH,short,bch_trend,29.86584770372668,0.0277090078080365,0.1169301085507522,0.0525138068939249,-0.0184800365567322,-0.0240314090036538,-0.0322081508284137,0.0098076923076921,0.0129243827160492,-0.0499366745069659,-0.0624469937062001,-0.0056558935667969,0.0226690863426723,1.4800600897432754,0.0202657142787032,0.0167296003139222,31.42522124543089,0.0097199107208692,0.026965633236456,0.0060836988495326,-1.2532975796751038,0,sl,1780930800000,1780934400000,2
1780934400000|BNB/USDT:USDT|bnb_trend|long,2026-06-08 16:00:00+00:00,BNB/USDT:USDT,BNB,long,bnb_trend,22.34506365033224,0.0078295702840493,0.0117029729192876,0.0283221876448387,0.0074077843449719,0.0365237458077184,0.0083096073627755,-0.0007112728475724,0.0006957097896305,0.0125199027905806,0.0162671376903018,0.0289018626967211,0.0083598237260462,-0.9613779656923104,0.0058479455046234,0.0058252888930309,30.7544307775378,0.009734680397009,0.0232474191916101,0.0061644319663737,-0.0606943955590086,0,sl,1780934400000,1780959600000,8
1780934400000|SUI/USDT:USDT|sui_trend_discovery|long,2026-06-08 16:00:00+00:00,SUI/USDT:USDT,SUI,long,sui_trend_discovery,24.908211067094665,0.0134016554986204,0.0257522007620548,0.0442780186572066,0.008533585623787,0.0629468755063243,0.0092629089475758,-0.0018360655737704,-0.007433489827856,0.0304630381803412,0.0207886266094419,0.0539528783752721,0.0168076139357252,-0.8615777435544442,0.0107761361958685,0.0119877505415366,30.7544307775378,0.009734680397009,0.0232474191916101,0.0061644319663737,-0.0533264321780808,0,sl,1780934400000,1780959600000,8
1780938000000|DOGE/USDT:USDT|doge_trend_loose|long,2026-06-08 17:00:00+00:00,DOGE/USDT:USDT,DOGE,long,doge_trend_loose,27.15530727295747,0.0081816086655911,0.0087577782899286,0.0444802949988476,0.0108040579428831,0.0500862512261942,0.0178612583544595,0.004398148148148,0.0055619930475085,0.0238319962246342,0.0237112185914827,0.0388623224992343,0.0111953488548849,-1.0644968742275809,0.0073125226735916,0.0085424848816565,29.539808313802244,0.009497661117793,0.0223661507558394,0.006165491861277,-0.5204159803169545,0,sl,1780938000000,1780963200000,7
1780945200000|TON/USDT:USDT|ton_trend_discovery|long,2026-06-08 19:00:00+00:00,TON/USDT:USDT,TON,long,ton_trend_discovery,31.67449079131749,0.0099628503883823,0.0184059439378588,0.0723854553641788,0.0241910141665458,0.1193669860927025,0.0269897557131599,0.0036154106880579,0.0126538987688098,0.0293163383545771,0.0765967761483457,0.0929279505577461,0.0200828203582013,-0.1077063463218044,0.0120449673115834,0.0160998536665963,27.516360778131254,0.0088690138431192,0.033348666803689,0.0056041982222532,-0.0589005429647331,0,sl,1780945200000,1780952400000,3
1780945200000|INJ/USDT:USDT|inj_trend_discovery|long,2026-06-08 19:00:00+00:00,INJ/USDT:USDT,INJ,long,inj_trend_discovery,42.40525478600553,0.039342542402518,0.0358454275222941,0.0956460919741214,0.0228456254173636,0.0974663133758679,0.0299003322259136,-0.0270500170125892,0.0132884479092842,0.0289672544080605,0.1008662175168431,0.0729540080186157,0.0247222544615103,0.1517291796189094,0.0168386780939061,0.0157750722171977,27.516360778131254,0.0088690138431192,0.033348666803689,0.0056041982222532,-0.6115185759253959,0,sl,1780945200000,1780948800000,1
1780948800000|BTC/USDT:USDT|btc_trend_loose|long,2026-06-08 20:00:00+00:00,BTC/USDT:USDT,BTC,long,btc_trend_loose,26.041274457933604,0.0053404476268967,0.0124631455535928,0.0290045084156566,0.0030446363325061,0.0310136977309941,0.0082706814310319,0.0017506416914767,-0.0005937307076893,0.0056782164409958,0.0261323027666833,0.0278841642588838,0.0086025811625991,-0.4644459379269826,0.0053790261948847,0.0053763173546953,26.041274457933604,0.0086025811625991,0.0261323027666833,0.0053790261948847,-0.5783478374555128,0,sl,1780948800000,1780959600000,4
1780952400000|XLM/USDT:USDT|xlm_trend_discovery|long,2026-06-08 21:00:00+00:00,XLM/USDT:USDT,XLM,long,xlm_trend_discovery,19.322765743069176,0.0144843005735394,0.0183727034120735,0.0427238261883932,0.0156127595360922,0.028976897198823,0.0121755613881598,0.0036097560975609,0.0234293389046411,0.0238367753172432,0.0169039145907474,0.013158694135386,0.0166435224182127,-2.0030121731934347,0.0083201196760141,0.0144530746838207,25.496912527842216,0.0083823014103421,0.0313464496801878,0.0053757093705838,-0.052808891901995,0,sl,1780952400000,1780959600000,3
1780952400000|INJ/USDT:USDT|inj_trend_discovery|long,2026-06-08 21:00:00+00:00,INJ/USDT:USDT,INJ,long,inj_trend_discovery,43.04554665113182,0.0214622229977316,0.0336764962484733,0.0806142034548944,0.01995899058531,0.0975468589344046,0.0234688536032104,-0.0045162410977939,0.0005237430167597,0.0152347209920284,0.0868575763322587,0.0760695959987277,0.0243095471476723,0.0048472028243864,0.016859210907187,0.0155653217223452,25.496912527842216,0.0083823014103421,0.0313464496801878,0.0053757093705838,-0.6014391129562812,0,sl,1780952400000,1780963200000,3
1780956000000|ADA/USDT:USDT|ada_trend_discovery|long,2026-06-08 22:00:00+00:00,ADA/USDT:USDT,ADA,long,ada_trend_discovery,34.05353893829395,0.0110529377545083,0.014543339150669,0.0703897614892379,0.024475607638156,0.081189134917129,0.0279232111692844,0.0023323615160348,0.0064402810304449,0.0462568472306754,0.0449848024316108,0.0553585920993486,0.0166425130761936,-0.6997242698363189,0.0085967014751008,0.0110320775729273,24.21101787484924,0.0084036715740653,0.0091352542831451,0.004255137021569,-0.558550748779327,0,sl,1780956000000,1780963200000,2
1780963200000|BCH/USDT:USDT|bch_trend|short,2026-06-09 00:00:00+00:00,BCH/USDT:USDT,BCH,short,bch_trend,25.718994016924533,0.0272878698804624,0.1284538506760729,0.0250342935528121,-0.03323505092691,-0.0493455683202416,-0.0517097785616304,-0.0243762546601663,-0.0378959276018099,-0.017520215633423,-0.1125217391304347,-0.0166643581863181,0.0201015234149787,0.5759749522309116,0.0190168003515234,0.0159630912645067,22.11091886112605,0.0089013307564474,-0.0169278858853569,0.0043406413717144,1.2940095818445057,1,tp,1780963200000,1780981200000,9
1780977600000|BTC/USDT:USDT|btc_trend_loose|long,2026-06-09 04:00:00+00:00,BTC/USDT:USDT,BTC,long,btc_trend_loose,19.563235912874664,0.0108615695648253,0.015278333652357,0.0132360548425419,0.0014557657573601,0.0251263806573156,-0.0010211394049075,0.005930841329705,0.011053603017149,-0.0044584923964673,0.0089219164723477,0.0236362061204513,0.0082523771791908,-0.7691679082419406,0.0041552099757942,0.0052260376996536,19.563235912874664,0.0082523771791908,0.0089219164723477,0.0041552099757942,-0.0543015346079034,0,sl,1780977600000,1780992000000,5
1780977600000|BNB/USDT:USDT|bnb_trend|long,2026-06-09 04:00:00+00:00,BNB/USDT:USDT,BNB,long,bnb_trend,20.2379887705343,0.0112016462271196,0.0136079257870192,0.0179060389319439,0.0017600444773677,0.0297988128342267,0.0021490565724623,0.0055736337088028,0.0112945994025441,-0.0025326094153479,0.0099555853515462,0.0279895055821348,0.0080885383512908,-0.9239433523153636,0.0043507190642557,0.0054374245305638,19.563235912874664,0.0082523771791908,0.0089219164723477,0.0041552099757942,0.0448019273800903,1,tp,1780977600000,1780995600000,8
1780977600000|DOGE/USDT:USDT|doge_trend_loose|long,2026-06-09 04:00:00+00:00,DOGE/USDT:USDT,DOGE,long,doge_trend_loose,22.19952973658289,0.016604737575476,0.0159080352995819,0.0210171853228054,0.0025056263207004,0.0376023702442631,0.0025545750116116,0.0099683358742816,0.0156858120061327,-0.0032407407407407,0.0144893391447757,0.0350090243905875,0.0107371690196638,-1.0516174445009168,0.0061907108795059,0.0075230358584011,19.563235912874664,0.0082523771791908,0.0089219164723477,0.0041552099757942,0.0618477151082666,1,tp,1780977600000,1780995600000,8
1780977600000|SOL/USDT:USDT|sol_trend_discovery|long,2026-06-09 04:00:00+00:00,SOL/USDT:USDT,SOL,long,sol_trend_discovery,23.31100876277289,0.0241899357921458,0.0177691503658354,0.0306107212184559,0.0074123510891444,0.0418977703350608,0.0064207854263103,0.0151584053357587,0.024319363719792,0.0008967269466448,0.0244760593544437,0.0342316820005563,0.0130188607597149,-1.072407501094839,0.0076206261929487,0.0088659608569738,19.563235912874664,0.0082523771791908,0.0089219164723477,0.0041552099757942,0.046382119732362,1,tp,1780977600000,1780995600000,7
1780977600000|ADA/USDT:USDT|ada_trend_discovery|long,2026-06-09 04:00:00+00:00,ADA/USDT:USDT,ADA,long,ada_trend_discovery,28.453643440755904,0.023767082590612,0.0362448009506832,0.0505050505050505,0.0037921807947301,0.0552290170508445,0.0071301247771836,0.012635379061372,0.0089928057553956,0.0035778175313059,0.0433973961562306,0.0512425153734415,0.0168884770719794,-0.5436034382184252,0.0092977304033292,0.0104114986971592,19.563235912874664,0.0082523771791908,0.0089219164723477,0.0041552099757942,0.0640563866202769,1,tp,1780977600000,1780995600000,6
1780977600000|SUI/USDT:USDT|sui_trend_discovery|long,2026-06-09 04:00:00+00:00,SUI/USDT:USDT,SUI,long,sui_trend_discovery,21.50912225861022,0.0262394514767932,0.0196466244725738,0.0399525316455696,0.0073140341128438,0.0528953705242516,0.0101529535864979,0.0178499530264393,0.0350757472362495,-0.0035474970437524,0.0268074735987,0.0452503736350223,0.0162308368427503,-0.9036822711976904,0.0107936739703738,0.0112035075995194,19.563235912874664,0.0082523771791908,0.0089219164723477,0.0041552099757942,0.0601609350897033,1,tp,1780977600000,1780992000000,6
1780977600000|ENA/USDT:USDT|ena_trend_discovery|short,2026-06-09 04:00:00+00:00,ENA/USDT:USDT,ENA,short,ena_trend_discovery,23.106747297981084,0.0191767436179308,0.1072431904238426,0.0295590570416512,-0.0417432167629972,-0.1001783906326058,-0.0388420666910956,0.0112401185770749,0.0080029549372075,-0.0739735324058364,-0.0546189376443417,-0.0609807046418329,0.0251966369622665,-0.6829807379757493,0.0143207426911028,0.0158706076308806,19.563235912874664,0.0082523771791908,0.0089219164723477,0.0041552099757942,-0.4757063311336475,0,sl,1780977600000,1781010000000,9
1780977600000|ONDO/USDT:USDT|ondo_trend_discovery|long,2026-06-09 04:00:00+00:00,ONDO/USDT:USDT,ONDO,long,ondo_trend_discovery,33.01090814632063,0.0351744984885958,0.0428689200329761,0.0621049738939269,0.0060440181680595,0.0705792702118855,0.0096180269304754,0.0236286919831223,0.0256482525366403,-0.0114099429502851,0.0523423944476575,0.0641475431277256,0.02169635206693,-1.0418680389591468,0.0134195381889229,0.0138875688431907,19.563235912874664,0.0082523771791908,0.0089219164723477,0.0041552099757942,0.6695926652397455,1,tp,1780977600000,1780984800000,2
1780977600000|TON/USDT:USDT|ton_trend_discovery|long,2026-06-09 04:00:00+00:00,TON/USDT:USDT,TON,long,ton_trend_discovery,22.9274784714084,0.022571543732366,0.041803420279841,0.0395002015316404,0.0058747209013041,0.0862147326761257,-0.0011516093741003,0.0088295091489978,0.0300711743772241,-0.0057250815824125,0.0228517580540668,0.0798707931568593,0.0196349177661481,-0.5537693671368715,0.0125388586086359,0.0155889898400063,19.563235912874664,0.0082523771791908,0.0089219164723477,0.0041552099757942,0.6214254006350185,1,tp,1780977600000,1780984800000,2
1780981200000|NEAR/USDT:USDT|near_trend_discovery|long,2026-06-09 05:00:00+00:00,NEAR/USDT:USDT,NEAR,long,near_trend_discovery,26.083566843200067,0.0482093663911845,0.0394857667584939,0.0624426078971534,0.0273839804921099,0.0899498285911928,0.0114784205693298,0.0406115623506928,0.0456072971675467,-0.0063868613138686,0.0506512301013024,0.0608982126323541,0.0272703649798641,-0.0096621188071476,0.0190580160219145,0.0169685134724905,18.652960063199124,0.0081148962769838,0.0092077244791268,0.0041585676657836,0.1386588509681434,1,sl,1780981200000,1781013600000,9
1780981200000|INJ/USDT:USDT|inj_trend_discovery|long,2026-06-09 05:00:00+00:00,INJ/USDT:USDT,INJ,long,inj_trend_discovery,29.286442854670057,0.0206222222222221,0.0531555555555556,0.0455111111111111,0.0065187752020083,0.0717580343777807,-0.0038222222222221,0.0129659643435979,0.02161278605158,-0.0179818435754189,0.0426320667284523,0.0648167334610115,0.0236546241214113,-0.1891397575670485,0.0166606136283496,0.014580514864511,18.652960063199124,0.0081148962769838,0.0092077244791268,0.0041585676657836,0.7210474110980535,1,tp,1780981200000,1781006400000,7
1780984800000|BCH/USDT:USDT|bch_trend|short,2026-06-09 06:00:00+00:00,BCH/USDT:USDT,BCH,short,bch_trend,24.779798448089124,0.0099104706276631,0.0661176808541198,0.0472063963230718,-0.0029966867879642,-0.0252822287641966,-0.0094556422655239,0.0057783984205712,0.0133417426741704,-0.0033877278366256,-0.0600333018316007,-0.022352525494058,0.0172427102860938,-0.4162185357773319,0.0182268617524757,0.0133943487324756,17.807703917071837,0.0078610549617869,0.0050922190384823,0.0041102175313181,-0.9955825860402168,0,sl,1780984800000,1780988400000,2
1780988400000|ONDO/USDT:USDT|ondo_trend_discovery|long,2026-06-09 07:00:00+00:00,ONDO/USDT:USDT,ONDO,long,ondo_trend_discovery,32.0377209908336,0.0155830198817839,0.0196131112305213,0.0540032240730788,0.0229660572123663,0.0921550618227173,0.0171950564212787,0.0119630233822729,0.0469760900140647,-0.0064068339562199,0.0276090557702926,0.0676356797202972,0.0203512559767854,-1.7827073248627243,0.0125732250664111,0.0132187789536151,16.681433485794397,0.0078247691039166,-0.0014084751951868,0.0040093862747088,-0.0962959800167953,0,sl,1780988400000,1780995600000,3
1780988400000|TON/USDT:USDT|ton_trend_discovery|long,2026-06-09 07:00:00+00:00,TON/USDT:USDT,TON,long,ton_trend_discovery,23.201568466694404,0.0131951523388831,0.0246347264695887,0.0553290293351456,0.0161948030211009,0.1009379177844505,0.0153471514327784,0.0002832379765478,0.0257333720592507,-0.006079027355623,0.0230590961761298,0.0833925882236478,0.019540923608816,-0.7863761949071053,0.0133995051050049,0.015412923620468,16.681433485794397,0.0078247691039166,-0.0014084751951868,0.0040093862747088,-0.7723370272824862,0,sl,1780988400000,1780995600000,2
1780999200000|ONDO/USDT:USDT|ondo_trend_discovery|long,2026-06-09 10:00:00+00:00,ONDO/USDT:USDT,ONDO,long,ondo_trend_discovery,30.01125526803292,0.0117905127502055,0.0405812996983821,0.0345489443378119,0.0009754979610848,0.0678211354226464,-0.0030161776802851,0.0033012379642367,-0.0084284937466013,-0.0059961842463885,0.0192845164896591,0.0667804932265787,0.0203736868991,-1.6178900361041462,0.0118898201843666,0.0129002088962655,16.319146623438126,0.0074984525006039,-0.0060429421128913,0.0038249789914989,-0.2310059249429459,0,sl,1780999200000,1781002800000,2
1781006400000|ADA/USDT:USDT|ada_trend_discovery|long,2026-06-09 12:00:00+00:00,ADA/USDT:USDT,ADA,long,ada_trend_discovery,22.595190096517165,0.01185536455246,0.033787788974511,0.0225251926496739,0.0034877119110295,0.053102360555553,-0.0056312981624185,0.0083682008368199,-0.0005924170616115,0.0113908872901677,0.0065632458233888,0.049442208465152,0.0146183133011294,-1.538372443160233,0.0083702802100567,0.009140300950263,16.42868919002489,0.0073583070604459,-0.0193109821519473,0.003366445328114,-0.8789718608057299,0,sl,1781006400000,1781013600000,3
1781006400000|ONDO/USDT:USDT|ondo_trend_discovery|long,2026-06-09 12:00:00+00:00,ONDO/USDT:USDT,ONDO,long,ondo_trend_discovery,27.287750053760465,0.0159122085048011,0.0411522633744856,0.0340192043895746,0.0012963146541665,0.0659393766411584,-0.0035665294924554,0.0110957004160887,-0.0137987012987013,0.0273393461104847,-0.0103176758077654,0.0645593727260632,0.0197505379251029,-1.8596586598477869,0.0115946210869935,0.0130045039399666,16.42868919002489,0.0073583070604459,-0.0193109821519473,0.003366445328114,-0.1368214498262645,0,sl,1781006400000,1781013600000,3
1781006400000|TON/USDT:USDT|ton_trend_discovery|long,2026-06-09 12:00:00+00:00,TON/USDT:USDT,TON,long,ton_trend_discovery,18.701926694000104,0.0190470743007492,0.0348910370073785,0.0458731339015043,0.0066837386105773,0.0857040283987375,0.0054910484470628,0.009119769119769,0.0022931835120105,0.0369513641755634,0.0088286208886323,0.0784956454121568,0.0183374295966352,-1.6904342502328875,0.0128896956705538,0.0151384449772355,16.42868919002489,0.0073583070604459,-0.0193109821519473,0.003366445328114,-0.1255628013305546,0,sl,1781006400000,1781013600000,3
1781010000000|BCH/USDT:USDT|bch_trend|short,2026-06-09 13:00:00+00:00,BCH/USDT:USDT,BCH,short,bch_trend,22.445072309493582,0.0120967741935482,0.040079673532841,0.0100563544500582,-0.0115720058491219,-0.0372769031600027,-0.0150116595413913,-0.001164596273292,-0.0034856700232377,-0.0021330230754313,-0.0062759486337742,-0.0260058370088585,0.0155658198149278,-0.8477393710299357,0.0075170417505931,0.0131791313703066,17.008605124906172,0.0075531750859694,-0.0231667623970897,0.003515888950482,0.3097012467175944,1,sl,1781010000000,1781024400000,4
1781010000000|INJ/USDT:USDT|inj_trend_discovery|long,2026-06-09 13:00:00+00:00,INJ/USDT:USDT,INJ,long,inj_trend_discovery,29.43228582186357,0.0223337950138503,0.025623268698061,0.0604224376731302,0.019109498610951,0.0929610899118682,0.0173995844875346,0.00017316017316,0.0197740112994351,0.0490374137304756,0.0275751645614659,0.0724667873291114,0.0226684869633958,-0.4333176354867591,0.0146195942842543,0.0142481097720139,17.008605124906172,0.0075531750859694,-0.0231667623970897,0.003515888950482,-0.1476319630535853,0,sl,1781010000000,1781013600000,2
1781017200000|ENA/USDT:USDT|ena_trend_discovery|short,2026-06-09 15:00:00+00:00,ENA/USDT:USDT,ENA,short,ena_trend_discovery,25.01754990345704,0.0435542243853736,0.1312866591788342,0.008486209908898,-0.0321222523279821,-0.1095787771555291,-0.061400224634968,-0.0373618452666986,-0.0034821539609499,-0.0102519762845849,-0.0997640714526457,-0.0800271780334332,0.0252873841475735,-0.304379767265987,0.0157099725885154,0.0148467733848792,21.34375354041432,0.0088359355341622,-0.0414884838749149,0.0041509061420509,9.028181815641096,1,tp,1781017200000,1781020800000,1
1781024400000|ENA/USDT:USDT|ena_trend_discovery|short,2026-06-09 17:00:00+00:00,ENA/USDT:USDT,ENA,short,ena_trend_discovery,23.03376773396981,0.0368075350105341,0.1234353699343164,0.0360639484446647,-0.0185963414117783,-0.1013002247099571,-0.0436857107448258,0.0280290482864058,-0.0300516889049164,-0.0142926948448571,-0.1069175428887659,-0.084271015880612,0.0264928636874885,0.1222753832607051,0.0165328117587947,0.0152825570658092,24.499213574575663,0.0089103371681254,-0.0291581128225796,0.0044816921594581,-7.8477870715212,0,sl,1781024400000,1781028000000,1
1781028000000|ADA/USDT:USDT|ada_trend_discovery|long,2026-06-09 18:00:00+00:00,ADA/USDT:USDT,ADA,long,ada_trend_discovery,18.14930166926302,0.0173860911270984,0.0455635491606714,0.0365707434052757,0.0001152125097894,0.0393409634775667,-0.0044964028776978,0.0102967898243488,0.0030066145520144,-0.0147666863555818,-0.0234192037470726,0.0392212321911795,0.017433464999779,0.4528231904678734,0.009582598234138,0.0095520783585606,25.096043204796263,0.0086965041178657,-0.0265125003940855,0.0045145310757519,0.3453164168092593,1,sl,1781028000000,1781038800000,5
1781028000000|NEAR/USDT:USDT|near_trend_discovery|long,2026-06-09 18:00:00+00:00,NEAR/USDT:USDT,NEAR,long,near_trend_discovery,19.603881771013995,0.0328703703703704,0.0273148148148146,0.0592592592592593,0.0132551069210191,0.071487523989238,0.0159722222222224,0.0203117619272557,0.0232117479867361,-0.0041493775933609,-0.0168411470186617,0.0574706376217238,0.0290119551181068,0.7271073992437007,0.0164507359772265,0.0171515046738034,25.096043204796263,0.0086965041178657,-0.0265125003940855,0.0045145310757519,5.966677601192685,1,tp,1781028000000,1781035200000,2
1781028000000|ONDO/USDT:USDT|ondo_trend_discovery|long,2026-06-09 18:00:00+00:00,ONDO/USDT:USDT,ONDO,long,ondo_trend_discovery,20.67240308617967,0.0229155162893428,0.0477636664826062,0.0427940364439536,0.0017928885046724,0.0561909178820489,-0.0024848150193262,0.0159887798036466,0.003602105846495,-0.0152256661228928,-0.0302543507362783,0.0543006743225875,0.0227524841736925,-0.0409006775883532,0.0124341602185982,0.0131843474707364,25.096043204796263,0.0086965041178657,-0.0265125003940855,0.0045145310757519,0.4676304612762262,1,tp,1781028000000,1781031600000,2
1781031600000|BNB/USDT:USDT|bnb_trend|long,2026-06-09 19:00:00+00:00,BNB/USDT:USDT,BNB,long,bnb_trend,23.33128668175316,0.0061468888702789,0.0230131479775563,0.0218742148898751,0.0006236686485856,0.0175242231894153,-0.0005694665438406,0.0039853366516446,0.0167225788873184,-0.0120463984908908,-0.0178806421897618,0.0168900207644049,0.0083054814515849,-0.3731637640697072,0.0044255972553512,0.005138538902484,25.224340229120784,0.0084886314096998,-0.0201963118131216,0.0046858778974641,0.4647272576498472,1,tp,1781031600000,1781038800000,3
1781035200000|ONDO/USDT:USDT|ondo_trend_discovery|long,2026-06-09 20:00:00+00:00,ONDO/USDT:USDT,ONDO,long,ondo_trend_discovery,18.45878489791083,0.0166575641725832,0.0324959038776623,0.0532495903877662,0.0117987372284565,0.066587443728491,0.0103768432550519,0.0149667405764968,0.0430076901167757,-0.009199134199134,-0.0203317281968967,0.0541498071544475,0.0218978214027022,-0.5378943719642078,0.0128572326368437,0.013243581272069,24.832415152181685,0.0082562637056627,-0.0209079548874786,0.004670723019782,-0.2427185162374091,0,sl,1781035200000,1781038800000,2
1781035200000|INJ/USDT:USDT|inj_trend_discovery|long,2026-06-09 20:00:00+00:00,INJ/USDT:USDT,INJ,long,inj_trend_discovery,20.485730945731625,0.0227433004231312,0.0310296191819464,0.0468970380818053,0.0075592147657274,0.0691558341768581,0.0079337094499294,0.0105113130233385,0.0316478719534374,-0.0097765363128491,-0.0147646343581726,0.0611344906665886,0.0238914239292124,0.5772821419678048,0.0134295151027998,0.0147190050494654,24.832415152181685,0.0082562637056627,-0.0209079548874786,0.004670723019782,-0.2604556490715812,0,sl,1781035200000,1781038800000,2
1781038800000|NEAR/USDT:USDT|near_trend_discovery|long,2026-06-09 21:00:00+00:00,NEAR/USDT:USDT,NEAR,long,near_trend_discovery,18.71090720300775,0.0402745995423339,0.0343249427917618,0.0700228832951945,0.0152500731766494,0.0807885912823294,0.0178489702517163,-0.0210573476702509,0.0321209258384507,0.022940074906367,0.0167519776640296,0.0645540639072444,0.0298139670247177,1.092424753309268,0.0173317047323921,0.0175984865403256,24.94766712528372,0.0082829526969619,-0.0307516941222281,0.0047001621775797,-13.251186866299042,0,sl,1781038800000,1781049600000,5
1781049600000|BCH/USDT:USDT|bch_trend|short,2026-06-10 00:00:00+00:00,BCH/USDT:USDT,BCH,short,bch_trend,26.560376012870204,0.0205607476635514,0.0371372356123953,0.0153467781603541,-0.0086942132378611,-0.0443384234266939,-0.0108952287260205,-9.836710603960964e-05,-0.0122916970315308,-0.0134899068322981,-0.0040172447579854,-0.0359568265058312,0.0146370177517031,-0.9789177173540604,0.0060951118794773,0.0132692824332167,25.99799172415385,0.0078657489012863,-0.0101739211101266,0.0043327951630415,0.9889810870893988,1,tp,1781049600000,1781053200000,2
1781056800000|BCH/USDT:USDT|bch_trend|short,2026-06-10 02:00:00+00:00,BCH/USDT:USDT,BCH,short,bch_trend,28.238106003136696,0.0106494152774322,0.0492659865638218,0.0057725802438417,-0.0167483826581157,-0.0543682362957938,-0.02174670315999,-0.0022838985154659,-0.0094641888894366,-0.0118509047993706,-0.0250824762274404,-0.0382606577748423,0.0144597413512268,-1.011218165162313,0.0059272885420966,0.0130351074263044,27.302530958434797,0.0079942745212709,-0.0249633991088478,0.0044267593776648,-0.8533980573864495,0,sl,1781056800000,1781060400000,2
1781064000000|BCH/USDT:USDT|bch_trend|short,2026-06-10 04:00:00+00:00,BCH/USDT:USDT,BCH,short,bch_trend,28.906513824160324,0.0140542162648794,0.0545663699109732,0.003150945283585,-0.0186398914038823,-0.0581040185774053,-0.025707712313694,-0.0097077761267955,-0.0165272995573045,-0.0125932144797275,-0.037222516492512,-0.0402137062917487,0.0142943589491492,-1.0335128258129025,0.0060586581245038,0.0129205285824127,29.168903456283545,0.0076855715315871,-0.0307544092498935,0.004344877436947,8.367288585075958,1,tp,1781064000000,1781078400000,5
1781067600000|XLM/USDT:USDT|xlm_trend_discovery|short,2026-06-10 05:00:00+00:00,XLM/USDT:USDT,XLM,short,xlm_trend_discovery,23.73277396256295,0.0140305434137392,0.1041498030327558,0.003669526738978,-0.0374129417277114,-0.0677001946815058,-0.0502401381468889,-0.0095141375808435,-0.0254535892716276,-0.0476900149031297,-0.0838030258083654,-0.0314644298336566,0.0166826821594046,-1.350584077041494,0.0090586302178277,0.0097602747207033,30.27128496882136,0.0075059715798727,-0.0315373863878645,0.004324084687274,-0.5788966233338833,0,sl,1781067600000,1781092800000,8
1781071200000|RENDER/USDT:USDT|render_trend_discovery|short,2026-06-10 06:00:00+00:00,RENDER/USDT:USDT,RENDER,short,render_trend_discovery,22.612006536669654,0.0145661811272958,0.0506649778340722,0.0113996200126662,-0.0171428082304444,-0.0344934368641267,-0.0196326789107029,0.0050922978994272,-0.0087884494664155,-0.0271102895871842,-0.0401215805471124,-0.0176532549987693,0.0156697259203134,-1.766447557345744,0.0083363875399795,0.010882798863011,30.74509584961693,0.0074034821422121,-0.0291232217751749,0.004371457683691,0.8202476324708129,1,sl,1781071200000,1781092800000,6
1781078400000|AVAX/USDT:USDT|avax_trend|short,2026-06-10 08:00:00+00:00,AVAX/USDT:USDT,AVAX,short,avax_trend,21.119690375383986,0.0202629543696828,0.0431554524361948,0.0055684454756379,-0.0189906617422954,-0.0301409872173359,-0.0187935034802784,-0.014331452965391,-0.0120721271393642,-0.031750786281264,-0.0367997616209773,-0.0113661766918995,0.012094778730145,-1.1695699895815952,0.0069692139801429,0.008189744770315,29.9765310174106,0.0074951796795167,-0.0252830050511885,0.0045417526618709,0.1852938000203197,1,sl,1781078400000,1781092800000,4
1781082000000|BCH/USDT:USDT|bch_trend|short,2026-06-10 09:00:00+00:00,BCH/USDT:USDT,BCH,short,bch_trend,33.922907692627334,0.0189998480012159,0.0530982418807315,0.0175305264224553,-0.0213064735743372,-0.0672885535135282,-0.0177838577291381,0.0046831254772208,-0.0121621621621621,-0.0274944567627494,-0.044490704879938,-0.0469831246428333,0.0149466956547071,-0.7733958362462824,0.0061886808757367,0.0128785504885672,30.70483780328961,0.0077722764070307,-0.0220125234315797,0.0045584302465249,-2.444102475641273,0,time_stop,1781082000000,1781103600000,7
1781092800000|NEAR/USDT:USDT|near_trend_discovery|long,2026-06-10 12:00:00+00:00,NEAR/USDT:USDT,NEAR,long,near_trend_discovery,18.445272962457526,0.0496219281663515,0.0680529300567106,0.0581285444234404,0.0050942067794038,0.0408695634146689,-0.0049621928166351,0.0382728164867518,0.0192678227360307,-0.011214953271028,-0.022181146025878,0.0355940332696763,0.0287479613165305,0.1130530278261142,0.0171869746375896,0.0173490624803226,31.43053762881684,0.0082872763748211,-0.0172476026806533,0.0050648202108974,2.9576480748343745,1,tp,1781092800000,1781096400000,1
1781096400000|BNB/USDT:USDT|bnb_trend|long,2026-06-10 13:00:00+00:00,BNB/USDT:USDT,BNB,long,bnb_trend,29.576624386612423,0.0151548355557054,0.0098784578816945,0.0207515045262218,0.0059772152769849,0.0102814751995865,0.0054365233222636,0.0066179090801108,0.0137742459198497,0.0017055048969942,-0.0028240515053202,0.0042786852994641,0.0082290019157768,-0.0482739482703666,0.0047651989362559,0.0048845593702198,29.3220154319389,0.0088156693412721,-0.0019359171266812,0.0053580833847625,0.6444063762375658,1,tp,1781096400000,1781103600000,2
1781096400000|DOGE/USDT:USDT|doge_trend_loose|long,2026-06-10 13:00:00+00:00,DOGE/USDT:USDT,DOGE,long,doge_trend_loose,24.414571111509822,0.0172617640104042,0.0153700638448805,0.0213998581224876,0.0048847398967809,0.0135043961964876,0.0030148971388035,0.0085857381349867,0.0130554557432027,-0.0004727014890096,-0.0127232403408427,0.0085777561918117,0.0107004494143949,-0.0971582043016661,0.0058401136604746,0.0061831510640854,29.3220154319389,0.0088156693412721,-0.0019359171266812,0.0053580833847625,0.8025516489521524,1,tp,1781096400000,1781103600000,2
1781096400000|XLM/USDT:USDT|xlm_trend_discovery|short,2026-06-10 13:00:00+00:00,XLM/USDT:USDT,XLM,short,xlm_trend_discovery,28.126538685864148,0.0173471546435371,0.075206261899725,0.0410937169452083,-6.752338538380115e-05,-0.0440033326994636,-0.0170562724772583,-0.0042656274685344,0.0267158992180713,-0.005627136471207,-0.0641920316753279,-0.0439387762089991,0.0178583428879377,-0.5893376975442981,0.0110589252515489,0.0103750613239033,29.3220154319389,0.0088156693412721,-0.0019359171266812,0.0053580833847625,0.0988833119753082,1,tp,1781096400000,1781100000000,2
1781096400000|ONDO/USDT:USDT|ondo_trend_discovery|long,2026-06-10 13:00:00+00:00,ONDO/USDT:USDT,ONDO,long,ondo_trend_discovery,19.1433546292883,0.0367255396691897,0.0322399775721895,0.0499018783291282,0.0142809267838773,0.0354252171556818,0.0088309503784692,0.0220630372492838,0.0348128807658834,-0.0005603810591201,-0.0240766073871407,0.0208465818625315,0.0206225086103538,-1.089767092620399,0.0129457900244945,0.0125722532964324,29.3220154319389,0.0088156693412721,-0.0019359171266812,0.0053580833847625,-0.0916106981714612,0,sl,1781096400000,1781103600000,3
1781096400000|RENDER/USDT:USDT|render_trend_discovery|short,2026-06-10 13:00:00+00:00,RENDER/USDT:USDT,RENDER,short,render_trend_discovery,29.09902550722528,0.0271293375394322,0.0410094637223974,0.0378548895899054,-0.0009634318482421,-0.028058957863718,-0.001577287066246,0.0069885641677254,0.01213282247765,-0.0185758513931888,-0.0364741641337386,-0.0271216558825302,0.0175750063769093,-0.0837251891915026,0.0108169401631051,0.0108959257369902,29.3220154319389,0.0088156693412721,-0.0019359171266812,0.0053580833847625,0.8734283065241139,1,tp,1781096400000,1781121600000,7
1781096400000|TON/USDT:USDT|ton_trend_discovery|long,2026-06-10 13:00:00+00:00,TON/USDT:USDT,TON,long,ton_trend_discovery,22.721907462427986,0.0196475351274112,0.0429864253393665,0.0290545367944748,0.0007021748430262,0.0324083857057493,-0.0069659442724458,0.0052669379937753,0.0104680543857538,-0.0028496794110661,-0.0396249070844529,0.0316839631808501,0.0174428012195474,-1.4136385940657104,0.0089520598733302,0.0115966827312099,29.3220154319389,0.0088156693412721,-0.0019359171266812,0.0053580833847625,-0.0773199887847243,0,sl,1781096400000,1781107200000,4
1781100000000|AVAX/USDT:USDT|avax_trend|short,2026-06-10 14:00:00+00:00,AVAX/USDT:USDT,AVAX,short,avax_trend,20.97220141435676,0.0157251908396946,0.0225954198473283,0.0210687022900763,-0.0016541598869084,-0.0161359646997706,-0.0007633587786259,-0.0065220688609131,0.0084680523479598,-0.0018287107589149,-0.0081768625075712,-0.0145057997248945,0.013677036142233,-0.1465831208748375,0.0073196641200015,0.0080396597904153,27.364101963409382,0.0086945144754144,0.0107166778298728,0.0047430242006556,-0.8229865068507316,0,sl,1781100000000,1781103600000,2
1781103600000|SOL/USDT:USDT|sol_trend_discovery|long,2026-06-10 15:00:00+00:00,SOL/USDT:USDT,SOL,long,sol_trend_discovery,25.388277147389747,0.0189602446483179,0.0051987767584096,0.0380733944954129,0.0120941891284979,0.014188208145756,0.0164373088685017,0.0059990770650668,0.0304080668032142,0.0142679900744417,0.0172655156322911,0.0020689961860774,0.0130299162551068,0.0055024157638373,0.0066174623217933,0.0074714386095157,26.535708041353708,0.009188346086568,0.02461673925176,0.0046686500944747,-0.0967677793272987,0,sl,1781103600000,1781107200000,2
1781103600000|XLM/USDT:USDT|xlm_trend_discovery|short,2026-06-10 15:00:00+00:00,XLM/USDT:USDT,XLM,short,xlm_trend_discovery,25.344525332043563,0.0139206205833909,0.0505286647893311,0.0366611763455713,-0.0042562252697926,-0.0475342839759064,-0.0069337442218798,-0.0050222034256713,0.019500568766589,0.0019164226776684,-0.0347215098984511,-0.0434630472260194,0.0174610854511044,-0.7731277959463604,0.0100814924599422,0.0103379312926737,26.535708041353708,0.009188346086568,0.02461673925176,0.0046686500944747,1.0173692825966272,1,tp,1781103600000,1781125200000,6
1781107200000|BNB/USDT:USDT|bnb_trend|long,2026-06-10 16:00:00+00:00,BNB/USDT:USDT,BNB,long,bnb_trend,25.84951709032361,0.0109146732345896,0.0106110192651575,0.020041161982523,0.0031683049351363,0.009181120675942,0.0047150713586827,-0.007401205626256,0.0058882421815342,0.0121226608386832,0.0064176570458402,0.0059938254739761,0.0086223372853975,0.5318954418682986,0.0046987902698915,0.0049719280823798,25.766485113730575,0.0094219968899924,0.0134761885362773,0.0048570938656411,-1.3138348139109193,0,sl,1781107200000,1781110800000,1
1781107200000|BCH/USDT:USDT|bch_trend|short,2026-06-10 16:00:00+00:00,BCH/USDT:USDT,BCH,short,bch_trend,30.883683291379597,0.0187762868015221,0.0312938113358702,0.0353995593831363,-0.0026613275719441,-0.0522055284324202,0.002052874023633,-0.0107974244675582,0.0126761991684414,-0.0011003300990296,-0.0136796878858215,-0.0496764060495709,0.0161901857945382,-0.4304578756344979,0.0082047587899469,0.0132000246157836,25.766485113730575,0.0094219968899924,0.0134761885362773,0.0048570938656411,9.637007946197944,1,tp,1781107200000,1781118000000,4
1781110800000|INJ/USDT:USDT|inj_trend_discovery|short,2026-06-10 17:00:00+00:00,INJ/USDT:USDT,INJ,short,inj_trend_discovery,27.48521626093884,0.0211650485436893,0.1050485436893202,0.0238834951456311,-0.0256351851873252,-0.0285712966165459,-0.0405825242718445,-0.0015509887553315,-0.0246212121212121,-0.0233263796700169,-0.0714028128380814,-0.0030133594569352,0.0239596196887785,0.5048087259202526,0.0123566675761377,0.0145477762030719,24.36436267580465,0.0096079705133169,0.0044983467683741,0.004853311659977,2.613576606526336,1,tp,1781110800000,1781125200000,4
1781114400000|BTC/USDT:USDT|btc_trend_loose|long,2026-06-10 18:00:00+00:00,BTC/USDT:USDT,BTC,long,btc_trend_loose,22.90767622798424,0.0094622995344025,0.0159111484738747,0.018819516295913,0.0003678828494573,0.0018798165101232,0.001454183911019,-0.0014286982702257,-0.0050634703108212,0.0068281884547458,0.0016176539645476,0.0015113776507491,0.009610330078856,0.954343270096084,0.004856686248769,0.0052189175799434,22.90767622798424,0.009610330078856,0.0016176539645476,0.004856686248769,-0.6228499915176565,0,sl,1781114400000,1781121600000,3
1781118000000|ENA/USDT:USDT|ena_trend_discovery|short,2026-06-10 19:00:00+00:00,ENA/USDT:USDT,ENA,short,ena_trend_discovery,23.731341431479542,0.0374723451327434,0.1467090707964603,0.0022123893805308,-0.0705375221838539,-0.1711640934296216,-0.0722483407079647,-0.0326377742108079,-0.0776686647111337,-0.0862918509159823,-0.1111111111111111,-0.1082631882915798,0.0269912791854635,1.6317122704561893,0.012143797739668,0.0136060445300192,21.555038812151004,0.0093738677227806,-0.0025793957672777,0.0047435117735059,2.5197889275492376,1,tp,1781118000000,1781125200000,2
1781121600000|XRP/USDT:USDT|xrp_trend|short,2026-06-10 20:00:00+00:00,XRP/USDT:USDT,XRP,short,xrp_trend,24.17024209106984,0.0091926822608537,0.0413215618458176,0.0050969327386912,-0.0154806503589279,-0.0193919948802381,-0.0181123145535631,0.0011846181884453,-0.0132028022274114,-0.0074080766103532,-0.0390098836700778,-0.0039728467731346,0.0116980292593164,0.1130612026832789,0.0060516142110515,0.0067110500400495,20.29901835459157,0.0090439173887887,-0.005829496091405,0.0047567400703666,-5.172548758522808,0,sl,1781121600000,1781139600000,5
1781125200000|AVAX/USDT:USDT|avax_trend|short,2026-06-10 21:00:00+00:00,AVAX/USDT:USDT,AVAX,short,avax_trend,20.83352263222984,0.0230465666929755,0.053670086819258,0.0067876874506709,-0.0270343854678658,-0.0466484152319938,-0.0234411996842935,-0.0159987573780676,-0.0232809127351217,-0.0234314783412979,-0.0430513595166163,-0.0201590163836979,0.0148772787867201,0.5277924138017613,0.007460888796671,0.0080928056591532,19.78698226333457,0.0091841734658182,-0.0065589757047375,0.0048002283375688,0.2828007412719623,1,tp,1781125200000,1781136000000,4
1781125200000|BCH/USDT:USDT|bch_trend|short,2026-06-10 21:00:00+00:00,BCH/USDT:USDT,BCH,short,bch_trend,31.116036634583093,0.0215355805243446,0.0630461922596754,0.0030170620058261,-0.0314055973215691,-0.0845862240950453,-0.0300145651269245,-0.0170774107781982,-0.0304619729675206,-0.0259917920656634,-0.052771618625277,-0.0549049495087077,0.0167462176659472,-0.316916678735165,0.0089485090363389,0.0131624264045071,19.78698226333457,0.0091841734658182,-0.0065589757047375,0.0048002283375688,0.0459207934305878,1,sl,1781125200000,1781132400000,3
1781125200000|RENDER/USDT:USDT|render_trend_discovery|short,2026-06-10 21:00:00+00:00,RENDER/USDT:USDT,RENDER,short,render_trend_discovery,32.32607558948728,0.0242424242424241,0.0942760942760942,0.004040404040404,-0.045739378092924,-0.0853374803488603,-0.045117845117845,-0.0191545574636723,-0.0382124352331605,-0.0517241379310344,-0.0793552386856788,-0.0414961084497022,0.0190953314631547,1.0050374365535288,0.0095474731687904,0.0104307117348961,19.78698226333457,0.0091841734658182,-0.0065589757047375,0.0048002283375688,-0.4919864570711039,0,sl,1781125200000,1781146800000,6
1781128800000|SOL/USDT:USDT|sol_trend_discovery|short,2026-06-10 22:00:00+00:00,SOL/USDT:USDT,SOL,short,sol_trend_discovery,22.469882711739643,0.0116353203697799,0.0478163850812877,0.0071724577621932,-0.0195407317787836,-0.0260398639250918,-0.0203219636595473,0.0028772378516623,-0.0166144200626958,-0.0141420490257699,-0.0325366229760986,-0.0066286610336185,0.0136894519551155,0.5263273331796783,0.0069994065133793,0.007101366660653,19.487598443512823,0.0090825711944161,-0.0054273116327324,0.0048011826700537,-0.4943980487720136,0,sl,1781128800000,1781139600000,4
1781128800000|ENA/USDT:USDT|ena_trend_discovery|short,2026-06-10 22:00:00+00:00,ENA/USDT:USDT,ENA,short,ena_trend_discovery,30.49317149780559,0.0272460528154253,0.1318988402962135,0.0252899259466255,-0.0599357204486502,-0.1753184476511455,-0.053304457174794,0.0127352483373426,-0.0426698769395398,-0.0858347170775323,-0.1067149276085871,-0.1227391889175516,0.0269415254509943,1.5705196702465354,0.011792259617992,0.0135628847562093,19.487598443512823,0.0090825711944161,-0.0054273116327324,0.0048011826700537,-0.772808945319402,0,sl,1781128800000,1781146800000,5
1781128800000|XLM/USDT:USDT|xlm_trend_discovery|short,2026-06-10 22:00:00+00:00,XLM/USDT:USDT,XLM,short,xlm_trend_discovery,26.50406392989725,0.0193075534649674,0.0553519663074988,0.0107203413006617,-0.0200766583419626,-0.0705818834704272,-0.0223158125034186,0.0060529356738017,-0.0142872546905327,-0.0174128016337938,-0.0473634847853272,-0.0515399756097343,0.0165844520280438,-1.155759816842383,0.0098627372154696,0.009547210085267,19.487598443512823,0.0090825711944161,-0.0054273116327324,0.0048011826700537,-0.5091077159048868,0,sl,1781128800000,1781139600000,3
1781128800000|INJ/USDT:USDT|inj_trend_discovery|short,2026-06-10 22:00:00+00:00,INJ/USDT:USDT,INJ,short,inj_trend_discovery,30.781999250546296,0.0176649746192892,0.1325888324873097,0.0083248730964465,-0.0477808658369436,-0.0684930303164899,-0.0621319796954314,0.0016270083384177,-0.0420151721454969,-0.0377100429855413,-0.1076281935133176,-0.0217514684765823,0.0237054196155027,0.1728279767217315,0.0120743004691088,0.0142381429781128,19.487598443512823,0.0090825711944161,-0.0054273116327324,0.0048011826700537,-0.7110591590016957,0,sl,1781128800000,1781139600000,3
1781132400000|ONDO/USDT:USDT|ondo_trend_discovery|short,2026-06-10 23:00:00+00:00,ONDO/USDT:USDT,ONDO,short,ondo_trend_discovery,22.782049668483893,0.0144187443676778,0.0952237909282067,0.0189246019825772,-0.0280357923601731,-0.0322118083532211,-0.0381495944728147,0.003012955709551,-0.0047832585949179,-0.0231807511737089,-0.0682899524209348,-0.0042964709607861,0.0213938535779322,-0.5270528579291526,0.0116493354857663,0.0122412619126919,19.10505519134702,0.0089344033936384,-0.0034249128778669,0.0048247199268096,-0.4717765339769751,0,sl,1781132400000,1781139600000,2
1781136000000|BCH/USDT:USDT|bch_trend|short,2026-06-11 00:00:00+00:00,BCH/USDT:USDT,BCH,short,bch_trend,31.17728329051789,0.026019476567255,0.0315479813349563,0.028403327246906,-0.0018900102561003,-0.0591336477111957,-0.0015723270440251,0.0149806949806949,0.0080785356375907,-0.0003042287800425,-0.0302016724053124,-0.0573520333864039,0.0166930109936673,-0.3368642644457754,0.0098108442912749,0.0128194455977371,17.78811234305199,0.0088003093117415,-0.0014849765296147,0.0048975717190412,-1.562783681427566,0,sl,1781136000000,1781146800000,5
1781143200000|ONDO/USDT:USDT|ondo_trend_discovery|short,2026-06-11 02:00:00+00:00,ONDO/USDT:USDT,ONDO,short,ondo_trend_discovery,22.112318932294876,0.0192935589195607,0.0682695161769071,0.0305728702879191,-0.0125083382339088,-0.0200212623809225,-0.0188483229444939,-0.0088261253309797,0.0150647785477553,-0.046149490373726,-0.0409906063193852,-0.0076080886937081,0.0202613353897239,-1.173441119422293,0.0112261940499356,0.0123412016304965,17.18660264916931,0.0085651184764472,0.0137454240402927,0.0047943305781665,-0.206134844738034,0,sl,1781143200000,1781146800000,2
1781143200000|INJ/USDT:USDT|inj_trend_discovery|short,2026-06-11 02:00:00+00:00,INJ/USDT:USDT,INJ,short,inj_trend_discovery,30.24088417227004,0.0247285886610374,0.0908725371934057,0.0182951347004423,-0.027058881167605,-0.0571419799830166,-0.0362887012464817,-0.0150495049504949,0.0099492385786803,-0.0611551528878822,-0.0711484593837535,-0.0309197527302717,0.022755535476842,-0.7709428976036824,0.0127174167863299,0.0141815934868063,17.18660264916931,0.0085651184764472,0.0137454240402927,0.0047943305781665,-1.9528438666560823,0,sl,1781143200000,1781146800000,1
1781146800000|BTC/USDT:USDT|btc_trend_loose|long,2026-06-11 03:00:00+00:00,BTC/USDT:USDT,BTC,long,btc_trend_loose,18.12726920063693,0.0151043370705821,0.0042213621673383,0.0313705462235167,0.0124989684363614,0.014705789758388,0.0135745920280892,0.0087581604643112,0.0190912388161414,0.0008417884890614,0.0185197226186721,0.0021795788349638,0.0089631537945274,0.4561826959895264,0.0050334524626296,0.0046044489844868,18.12726920063693,0.0089631537945274,0.0185197226186721,0.0050334524626296,3.965301149957857,1,tp,1781146800000,1781157600000,3
1781146800000|TON/USDT:USDT|ton_trend_discovery|long,2026-06-11 03:00:00+00:00,TON/USDT:USDT,TON,long,ton_trend_discovery,31.644672214846263,0.0292207792207792,0.021103896103896,0.0777417027417027,0.0153759706391964,0.0221448937397027,0.0283189033189034,0.0212452413115558,0.0443956043956044,-0.0172536043488535,-0.0092923516797712,0.0066664204159225,0.0196258628152277,0.2907760249614586,0.0121227052814259,0.0115219215258642,18.12726920063693,0.0089631537945274,0.0185197226186721,0.0050334524626296,5.5081865927249485,1,tp,1781146800000,1781172000000,8
1781150400000|BNB/USDT:USDT|bnb_trend|long,2026-06-11 04:00:00+00:00,BNB/USDT:USDT,BNB,long,bnb_trend,18.96838975217561,0.0042493155746654,0.0075412754665009,0.024336989200356,0.0077870701039707,0.0131341495298165,0.0083978568669275,-0.0022121298453186,0.0104371733079899,0.0044029825567664,0.0165790192596639,0.0053057630768116,0.0079693401697276,-0.2352801020062161,0.0047620637775886,0.0043577740308285,19.00074528414259,0.0086764376319759,0.0232301173828457,0.0049284741715811,1.2403147989334058,1,tp,1781150400000,1781164800000,4
1781157600000|ENA/USDT:USDT|ena_trend_discovery|short,2026-06-11 06:00:00+00:00,ENA/USDT:USDT,ENA,short,ena_trend_discovery,27.56211273854801,0.0216519647153167,0.0751136059877038,0.0676289762095695,-0.0058864161624364,-0.1282061534949424,-0.0037423148890671,-0.0099245732433504,0.0257746092678912,0.0008025682182986,-0.0564943253467843,-0.1230440256739242,0.0261876845994517,1.2084529855885076,0.0164589372488092,0.0146956614887068,21.06843810916113,0.0082079635453044,0.0211226225452296,0.0049665567300871,-0.2340903142005031,0,sl,1781157600000,1781164800000,3
1781161200000|BTC/USDT:USDT|btc_trend_loose|long,2026-06-11 07:00:00+00:00,BTC/USDT:USDT,BTC,long,btc_trend_loose,22.23528829304337,0.0037946638636025,0.0047867953991893,0.0319236664842973,0.0088099961467981,0.0146887169986261,0.013568435542554,-0.000651956986779,0.0005713601723655,0.0126735014626377,0.0168520281634858,0.0058273816420159,0.0078977001032576,-0.8628009984567268,0.0049425836465086,0.0044842517586824,22.23528829304337,0.0078977001032576,0.0168520281634858,0.0049425836465086,-0.2531438223800769,0,time_stop,1781161200000,1781193600000,9
1781164800000|ADA/USDT:USDT|ada_trend_discovery|long,2026-06-11 08:00:00+00:00,ADA/USDT:USDT,ADA,long,ada_trend_discovery,18.273504383898626,0.008998200359928,0.0077984403119377,0.0515896820635872,0.0173732485255095,0.0334181564647132,0.0218956208758247,0.0006002400960383,-0.0005995203836931,0.0412242348532168,0.0471105527638189,0.0157709158978356,0.0160776988500615,-0.5774053515325589,0.0112658975858128,0.0100083300439869,23.69302054768752,0.0077051934213393,0.0277402590615185,0.0047013568391714,1.6157226561321307,1,tp,1781164800000,1781218800000,15
1781168400000|BNB/USDT:USDT|bnb_trend|long,2026-06-11 09:00:00+00:00,BNB/USDT:USDT,BNB,long,bnb_trend,25.62451182462829,0.0046761632164016,0.0049257804699461,0.0333155827730812,0.0117703114001648,0.0216298922124147,0.0141949011515675,-0.0009144263221774,0.0104080843407932,0.0297660868820153,0.026950354609929,0.0097448805338095,0.0072083430356295,-1.6035885544000923,0.0046040121652404,0.0043314454861932,25.046629069857083,0.007404805341529,0.0260543173465443,0.0047124278591145,-0.2926239031440263,0,time_stop,1781168400000,1781197200000,8
1781168400000|DOGE/USDT:USDT|doge_trend_loose|long,2026-06-11 09:00:00+00:00,DOGE/USDT:USDT,DOGE,long,doge_trend_loose,20.284756392259336,0.0055268109125117,0.0049388523047976,0.0384524929444968,0.0085433940818701,0.017640724616441,0.0167568203198495,-0.0021121802393804,0.0033034450212363,0.0354316327773043,0.018565097616481,0.0090202668402311,0.0095166240467196,-1.3106642253665246,0.006061264663945,0.0057154778065135,25.046629069857083,0.007404805341529,0.0260543173465443,0.0047124278591145,-0.6107263046570311,0,sl,1781168400000,1781179200000,3
1781168400000|SOL/USDT:USDT|sol_trend_discovery|long,2026-06-11 09:00:00+00:00,SOL/USDT:USDT,SOL,long,sol_trend_discovery,22.80193139072588,0.0084149326805385,0.005813953488372,0.0469706242350061,0.0117578482752947,0.0140633872240527,0.0205783353733169,0.0012254901960784,0.0064675084693563,0.0447570332480817,0.0276729559748427,0.0022787458013675,0.0113405613731528,-1.5412240714134295,0.0078388425771505,0.007150216493284,25.046629069857083,0.007404805341529,0.0260543173465443,0.0047124278591145,0.7014665294177075,1,tp,1781168400000,1781197200000,8
1781175600000|TON/USDT:USDT|ton_trend_discovery|long,2026-06-11 11:00:00+00:00,TON/USDT:USDT,TON,long,ton_trend_discovery,21.79249418396828,0.0104882459312838,0.0236889692585894,0.0754068716094032,0.0068900464087051,0.0182581684836359,0.0258589511754069,-0.0086052348512011,0.0087559284932505,0.0417582417582418,0.0115853658536586,0.0112903311692053,0.0162531982011969,-1.8595030952620053,0.0118656652975584,0.0110292193236419,28.205213867456692,0.007049006390515,0.0340130255675532,0.0045286753367724,-0.6723884898750174,0,sl,1781175600000,1781179200000,1
1781179200000|XLM/USDT:USDT|xlm_trend_discovery|short,2026-06-11 12:00:00+00:00,XLM/USDT:USDT,XLM,short,xlm_trend_discovery,23.29333627193238,0.0206585236325013,0.0342007434944238,0.039458311205523,-0.0016893688223216,-0.0377719668017777,0.0026287838555496,-0.0124298526249542,-0.0091038257117297,0.0229803878959091,-0.0083732687345305,-0.0361436579483185,0.0152303084732991,-1.8135103053762305,0.0082946852260934,0.0097710719834647,27.54922785447046,0.0073702074777137,0.0235098331429166,0.0042911592011213,0.7893841135206076,1,tp,1781179200000,1781190000000,4
1781182800000|DOGE/USDT:USDT|doge_trend_loose|long,2026-06-11 13:00:00+00:00,DOGE/USDT:USDT,DOGE,long,doge_trend_loose,20.374801920946425,0.0085922787193974,0.0068267419962336,0.0375470809792843,0.0048905405093405,0.0159907681339547,0.0153601694915252,0.0027145048979109,-0.0009407337723426,0.0089063056644103,0.0044927878931189,0.011046205708124,0.0092391604246733,-1.47308207934604,0.0057343209555925,0.0055953286805753,26.99684738429572,0.0074655357505042,0.0148445284343061,0.0038770315038644,-0.1078726322663082,0,sl,1781182800000,1781190000000,3
1781197200000|BTC/USDT:USDT|btc_trend_loose|long,2026-06-11 17:00:00+00:00,BTC/USDT:USDT,BTC,long,btc_trend_loose,25.01138814481433,0.0208758421861785,0.0004527291076521,0.0400162227930241,0.0151170048863147,0.027729182843528,0.0197817468426859,0.0170688734479571,0.0090108666515453,0.0164984332480582,0.0269547740315927,0.0124243588635634,0.0079895656996152,-0.3470515874081764,0.0048717114854102,0.0047714738099583,25.01138814481433,0.0079895656996152,0.0269547740315927,0.0048717114854102,4.924331436088529,1,tp,1781197200000,1781200800000,1
1781197200000|DOGE/USDT:USDT|doge_trend_loose|long,2026-06-11 17:00:00+00:00,DOGE/USDT:USDT,DOGE,long,doge_trend_loose,21.098100937546924,0.0286076825470065,0.0014995962625445,0.056753950859384,0.02204882038313,0.035856361325327,0.0276271772984197,0.0236155390246781,0.0203625235404898,0.0227701746106654,0.0338700059630292,0.013509668683949,0.0101928351378619,-0.0977592172306361,0.0068611889746256,0.0061748934983026,25.01138814481433,0.0079895656996152,0.0269547740315927,0.0048717114854102,1.1020117386251915,1,tp,1781197200000,1781200800000,1
1781197200000|TON/USDT:USDT|ton_trend_discovery|long,2026-06-11 17:00:00+00:00,TON/USDT:USDT,TON,long,ton_trend_discovery,18.348923369935623,0.03541841757714,0.0130267739224397,0.0791811742105894,0.0152993573240143,0.0223459239607819,0.0330772001440748,0.0338877855014896,0.0156697762331565,0.0117832847424683,0.0133836233118385,0.0069403832337094,0.0170305589774032,-1.0771272174185815,0.0131459601238721,0.0112593305888763,25.01138814481433,0.0079895656996152,0.0269547740315927,0.0048717114854102,0.941093069050434,1,tp,1781197200000,1781200800000,1
1781200800000|BNB/USDT:USDT|bnb_trend|long,2026-06-11 18:00:00+00:00,BNB/USDT:USDT,BNB,long,bnb_trend,36.35764413997105,0.0072066115702479,0.0049421487603305,0.037487603305785,0.010831969251714,0.0265925916032222,0.0162727272727273,-0.0020124707202006,0.0096795727636849,0.0144368617850736,0.0252673321018828,0.0155917331771523,0.0074085356288159,-0.7528535040068302,0.00421728498929,0.0043820280170416,25.935790242101746,0.0079874271865414,0.0253815312984997,0.0049163133469595,-0.3793989663627355,0,time_stop,1781200800000,1781229600000,8
1781200800000|SOL/USDT:USDT|sol_trend_discovery|long,2026-06-11 18:00:00+00:00,SOL/USDT:USDT,SOL,long,sol_trend_discovery,28.948338486121006,0.0101857399640504,0.0079388855602157,0.0669562612342721,0.0212676881305977,0.0339326091231644,0.0295086878370281,-0.0055116937285861,0.0223583460949465,0.0258143822987093,0.0463949843260189,0.0124011766354318,0.0125248181595616,0.0992456270616241,0.0086379328994946,0.007767541380595,25.935790242101746,0.0079874271865414,0.0253815312984997,0.0049163133469595,-0.0592519553611091,0,sl,1781200800000,1781236800000,11
1781200800000|ONDO/USDT:USDT|ondo_trend_discovery|long,2026-06-11 18:00:00+00:00,ONDO/USDT:USDT,ONDO,long,ondo_trend_discovery,18.780465983083005,0.0187832912811886,0.0142977291841883,0.0843846369498178,0.0241357119971147,0.035358901135533,0.0350434538828147,-0.0088913587107529,0.0273617511520738,0.0321180555555555,0.0531443755535872,0.0109586932736995,0.0209424533257903,-0.0645334289152256,0.0142263711852331,0.0129811550468199,25.935790242101746,0.0079874271865414,0.0253815312984997,0.0049163133469595,-0.0798444329458823,0,sl,1781200800000,1781240400000,12
1781204400000|BTC/USDT:USDT|btc_trend_loose|long,2026-06-11 19:00:00+00:00,BTC/USDT:USDT,BTC,long,btc_trend_loose,27.02262214865045,0.0088866026088762,0.0054697676174655,0.0393124799426122,0.0119318861853929,0.0264511604744902,0.0169213561625734,0.0022325229401192,0.0134962556460265,0.0139456688354258,0.0267959107524466,0.0143480746948587,0.0080351324950991,-0.2411418420247024,0.0049218904710343,0.004786091008298,27.02262214865045,0.0080351324950991,0.0267959107524466,0.0049218904710343,-0.7313583027399779,0,time_stop,1781204400000,1781244000000,11
1781204400000|DOGE/USDT:USDT|doge_trend_loose|long,2026-06-11 19:00:00+00:00,DOGE/USDT:USDT,DOGE,long,doge_trend_loose,24.43946574304909,0.010641989589358,0.0070561017929438,0.0541353383458647,0.0156678560887068,0.0323130616961009,0.0235396182764604,-0.0001156604210038,0.0181368507831822,0.0192171657627917,0.0400625601539941,0.016388433982241,0.0101640238193075,-0.113858534582141,0.0065659052091593,0.0061827941977293,27.02262214865045,0.0080351324950991,0.0267959107524466,0.0049218904710343,-0.5770616830150206,0,sl,1781204400000,1781244000000,11
1781204400000|SUI/USDT:USDT|sui_trend_discovery|long,2026-06-11 19:00:00+00:00,SUI/USDT:USDT,SUI,long,sui_trend_discovery,18.054508511840904,0.0114053487152596,0.0091767173571054,0.0641059255374935,0.0154220966820702,0.0412302229652187,0.027464604090194,0.0017071569271176,0.0159829515183804,0.0193772551115862,0.0410809335335062,0.0254161558700342,0.0136203143095464,-0.9033814835032796,0.0094382943560234,0.0090575623716077,27.02262214865045,0.0080351324950991,0.0267959107524466,0.0049218904710343,-0.0640997524186009,0,sl,1781204400000,1781211600000,3
1781204400000|TON/USDT:USDT|ton_trend_discovery|long,2026-06-11 19:00:00+00:00,TON/USDT:USDT,TON,long,ton_trend_discovery,18.7671015172675,0.0126950228391766,0.0083051551284332,0.0900516106068695,0.0223682264922023,0.0338547215731599,0.0408732277392181,0.0002967006883456,0.0409410892923305,0.0249908792411528,0.0389522342064714,0.0112351839418643,0.0168029461794178,-1.1706344559002255,0.0130826874431837,0.0112471693948767,27.02262214865045,0.0080351324950991,0.0267959107524466,0.0049218904710343,0.7100984756870886,1,tp,1781204400000,1781229600000,7
1781215200000|SUI/USDT:USDT|sui_trend_discovery|long,2026-06-11 22:00:00+00:00,SUI/USDT:USDT,SUI,long,sui_trend_discovery,19.757346187917324,0.0081503878007099,0.011962665965558,0.0581043775469962,0.0092052332816659,0.0371750173461922,0.0230708557907191,-0.0026222630129801,-0.0010505581089952,0.0130510054601145,0.0569681811866056,0.0277146641160153,0.0127306682842959,-1.6353616361609542,0.0086921236449288,0.0090791719800616,28.7994904319551,0.0072935798023736,0.0344546005750312,0.0046451589243001,-0.4580985034797108,0,sl,1781215200000,1781226000000,4
1781222400000|ADA/USDT:USDT|ada_trend_discovery|long,2026-06-12 00:00:00+00:00,ADA/USDT:USDT,ADA,long,ada_trend_discovery,29.13340808417576,0.0082401412595643,0.0117716303708063,0.0517951736315479,0.0135687582578259,0.0469514320236315,0.0200117716303708,-0.0041031652989449,0.0095068330362446,0.0259661835748792,0.0539702233250618,0.0329357761807748,0.0146155278735342,-1.4264870903847156,0.0102647350034037,0.0099584292754582,29.3110437985721,0.0069969856784589,0.0295025778951558,0.004583803889429,-0.0657024598157235,0,sl,1781222400000,1781244000000,7
1781222400000|INJ/USDT:USDT|inj_trend_discovery|long,2026-06-12 00:00:00+00:00,INJ/USDT:USDT,INJ,long,inj_trend_discovery,20.343851782430487,0.0127423822714681,0.015697137580794,0.0866112650046168,0.0234843324827139,0.02625018302157,0.0354570637119113,0.0029635117614372,0.0127174116326911,0.0375550871814522,0.0843011613936723,0.0027023867890061,0.0214557680477074,-1.493030817123454,0.0146461102454377,0.0132704323014239,29.3110437985721,0.0069969856784589,0.0295025778951558,0.004583803889429,0.8848123842552373,1,tp,1781222400000,1781229600000,2
1781233200000|BNB/USDT:USDT|bnb_trend|long,2026-06-12 03:00:00+00:00,BNB/USDT:USDT,BNB,long,bnb_trend,37.575718425508015,0.0044640634594003,0.0089613169816956,0.01422194195058,0.0014657648675356,0.0203249319950038,0.0026303124844422,-0.0041974451770693,-0.0057583157338965,0.0060437083660283,0.0098540329473277,0.0188315644818499,0.0063910212860938,-2.095590568241937,0.003811521330608,0.0042337009470698,27.94565813964117,0.0066641518024745,0.0132865179747037,0.0042594275545407,-0.4527205224766233,0,sl,1781233200000,1781244000000,4
1781233200000|TON/USDT:USDT|ton_trend_discovery|long,2026-06-12 03:00:00+00:00,TON/USDT:USDT,TON,long,ton_trend_discovery,21.1729927616164,0.0100863718045329,0.0119993043881513,0.0688655730102602,0.0247454029875269,0.0540759748127135,0.0284331343110544,-0.0021979293192203,0.0156608772446276,0.0652710880573053,0.0372174122174122,0.0286223014415841,0.0163626017119099,-1.221409708510148,0.0106873423937634,0.0107036867536258,27.94565813964117,0.0066641518024745,0.0132865179747037,0.0042594275545407,-0.5340973936343104,0,sl,1781233200000,1781244000000,3
1781233200000|INJ/USDT:USDT|inj_trend_discovery|long,2026-06-12 03:00:00+00:00,INJ/USDT:USDT,INJ,long,inj_trend_discovery,24.02399246064918,0.0184115523465704,0.017509025270758,0.0904332129963899,0.0357194209447941,0.0485551286652462,0.036462093862816,-0.0019816249324445,0.0261159473976662,0.0742679852627496,0.0574537125405612,0.0123930356628276,0.0216448632132334,-1.2146068326448909,0.0100245912011833,0.0133875989326647,27.94565813964117,0.0066641518024745,0.0132865179747037,0.0042594275545407,-0.7224092542991993,0,sl,1781233200000,1781244000000,3
1781240400000|SOL/USDT:USDT|sol_trend_discovery|long,2026-06-12 05:00:00+00:00,SOL/USDT:USDT,SOL,long,sol_trend_discovery,32.66283687799033,0.0068975858449541,0.0100464837306942,0.0293897136002398,0.0049387849680378,0.0290684561868163,0.0096716149347727,-0.0049239033124439,0.0006001500375092,-0.0065544465961566,0.0269479519556514,0.0240110856300028,0.0096847164246473,-2.36916055516005,0.0068669883278206,0.0071288637477538,27.507349712787523,0.0067203388602038,0.0117590285978168,0.0044436929521169,-0.5696862572956723,0,sl,1781240400000,1781244000000,1
1781244000000|BCH/USDT:USDT|bch_trend|short,2026-06-12 06:00:00+00:00,BCH/USDT:USDT,BCH,short,bch_trend,23.633896612355787,0.0136850456168186,0.0395180483934946,0.0170567235224117,-0.0074592776433767,-0.0288695818934914,-0.0112306624355413,-0.0104994603081148,-0.015811048213937,-0.0151862883929878,0.0094094094094094,-0.0215712098938161,0.0124627831160495,-2.010210258813612,0.0071859870320207,0.0080711523532961,25.601880008369758,0.0069409181229501,0.0035339575542527,0.0045976777719434,-0.7594091975812688,0,sl,1781244000000,1781251200000,4
1781244000000|ENA/USDT:USDT|ena_trend_discovery|short,2026-06-12 06:00:00+00:00,ENA/USDT:USDT,ENA,short,ena_trend_discovery,24.98567089516349,0.0209350115592089,0.0400719239660929,0.0453377857693296,-0.0024637591646915,-0.0739374326652802,0.0026329309016182,-0.0072676271834757,-0.0196424074540418,0.0045155463811121,0.0406308473670142,-0.0716502023432639,0.0215902684453493,-0.8613019887734528,0.010099310313159,0.0137097287954103,25.601880008369758,0.0069409181229501,0.0035339575542527,0.0045976777719434,-0.378931197133405,0,sl,1781244000000,1781251200000,3
1781244000000|XLM/USDT:USDT|xlm_trend_discovery|short,2026-06-12 06:00:00+00:00,XLM/USDT:USDT,XLM,short,xlm_trend_discovery,22.152636283604064,0.0249379193744386,0.0553177999682992,0.0243567390500343,-0.0100306761561728,-0.0290275103408876,-0.0154805304591323,-0.0144753970320229,-0.0297826532704531,-0.0162170590987058,-0.0044708605091522,-0.0191893159991608,0.0160154575921734,-0.3590648308154813,0.0095860964081205,0.0099670803506799,25.601880008369758,0.0069409181229501,0.0035339575542527,0.0045976777719434,-0.2811661445468258,0,sl,1781244000000,1781251200000,4
1781247600000|DOGE/USDT:USDT|doge_trend_loose|long,2026-06-12 07:00:00+00:00,DOGE/USDT:USDT,DOGE,long,doge_trend_loose,25.174487394623696,0.0071012805587892,0.0220023282887078,0.020256111757858,0.0003368096342923,0.0223352331083355,-0.0008731082654248,0.0063261480787253,-0.0072807118918293,-0.0063620589936378,0.0127328460268805,0.0219910166877548,0.009938486206924,-0.1118629293345111,0.0066712651335847,0.0060364729700167,23.83251528283897,0.0067293284688569,0.0059527892135202,0.0046055333494487,6.100745090035867,1,tp,1781247600000,1781254800000,2
1781247600000|ADA/USDT:USDT|ada_trend_discovery|long,2026-06-12 07:00:00+00:00,ADA/USDT:USDT,ADA,long,ada_trend_discovery,29.591108595310462,0.0076968620485494,0.0278271166370634,0.029011249259917,0.0003475503733964,0.0373787168084954,0.0005920663114268,0.0047590719809635,-0.0163075131042516,-0.00177304964539,0.0138055222088835,0.0370183007108645,0.0134143421618206,-1.857621194354048,0.0092140119550393,0.010016508112546,23.83251528283897,0.0067293284688569,0.0059527892135202,0.0046055333494487,0.0459077966756478,1,sl,1781247600000,1781269200000,6
1781247600000|INJ/USDT:USDT|inj_trend_discovery|long,2026-06-12 07:00:00+00:00,INJ/USDT:USDT,INJ,long,inj_trend_discovery,23.81611853577039,0.0092575448990927,0.0436956119237177,0.0670246250694316,0.0044294784014301,0.0210544815390611,0.0116645065728569,0.0059601415533618,-0.0250902527075812,0.012940735183796,0.0254414277577368,0.01655168779404,0.0213583201086469,-1.3429680346363682,0.011927417338081,0.0136004405024833,23.83251528283897,0.0067293284688569,0.0059527892135202,0.0046055333494487,0.2991516666356408,1,tp,1781247600000,1781258400000,4
1781251200000|BTC/USDT:USDT|btc_trend_loose|long,2026-06-12 08:00:00+00:00,BTC/USDT:USDT,BTC,long,btc_trend_loose,23.19355389799832,0.0082455213940621,0.0074841780881298,0.0177410329363734,0.0033334575448209,0.0214080441978203,0.0051284274241217,0.0059302482300429,-0.0036107830326179,0.0012404931039,0.0081570449662466,0.0180145359621799,0.0068007903023363,-1.4619683534998265,0.004698594319356,0.0046731385753585,23.19355389799832,0.0068007903023363,0.0081570449662466,0.004698594319356,4.130187788489374,1,tp,1781251200000,1781254800000,1
1781251200000|BNB/USDT:USDT|bnb_trend|long,2026-06-12 08:00:00+00:00,BNB/USDT:USDT,BNB,long,bnb_trend,30.2629750128303,0.0102542932628798,0.0039464993394979,0.0151915455746367,0.0063440596431084,0.0244703869998168,0.0056225231175694,0.0090474365596415,0.0028316415241187,0.0045116772823778,0.0068665103828953,0.0180120577878074,0.0066295963440619,-1.3718228398012573,0.0042782473174588,0.0043760143805415,23.19355389799832,0.0068007903023363,0.0081570449662466,0.004698594319356,0.5218135182791755,1,tp,1781251200000,1781254800000,1
1781251200000|SOL/USDT:USDT|sol_trend_discovery|long,2026-06-12 08:00:00+00:00,SOL/USDT:USDT,SOL,long,sol_trend_discovery,27.499005820407493,0.0112157918349035,0.0073276506654702,0.0302078660086736,0.0073587340774594,0.0310905730428002,0.0114401076716018,0.0089016294508148,-0.0022381378692926,0.0049594229035165,0.0243566176470588,0.0235584783876168,0.0097302967376778,-2.03165871678984,0.0073438727685517,0.0072653759242098,23.19355389799832,0.0068007903023363,0.0081570449662466,0.004698594319356,0.4070300419868825,1,tp,1781251200000,1781272800000,6
1781251200000|ONDO/USDT:USDT|ondo_trend_discovery|long,2026-06-12 08:00:00+00:00,ONDO/USDT:USDT,ONDO,long,ondo_trend_discovery,23.170847880744187,0.0130085801273179,0.0224190423470799,0.0534182120121781,0.0078917054925605,0.0416275125214939,0.0154995848325491,0.0111950741673663,-0.0098657166346943,0.0055663790704147,0.0325807373535296,0.033471658557252,0.0171760166668333,-2.204400817379701,0.0136344212891768,0.0125584934695434,23.19355389799832,0.0068007903023363,0.0081570449662466,0.004698594319356,0.6401977239720869,1,tp,1781251200000,1781265600000,4
1781251200000|RENDER/USDT:USDT|render_trend_discovery|long,2026-06-12 08:00:00+00:00,RENDER/USDT:USDT,RENDER,long,render_trend_discovery,23.11120290808612,0.021135265700483,0.0096618357487922,0.073671497584541,0.0220697846796416,0.0254847919483504,0.0320048309178743,0.0203327171903882,-0.0036101083032491,0.015328019619865,0.0454545454545454,0.0033412662421863,0.0165925446505999,-0.2781976113110122,0.0133242349853749,0.0112701276440815,23.19355389799832,0.0068007903023363,0.0081570449662466,0.004698594319356,0.5068885789524574,1,tp,1781251200000,1781258400000,2
1781251200000|TON/USDT:USDT|ton_trend_discovery|long,2026-06-12 08:00:00+00:00,TON/USDT:USDT,TON,long,ton_trend_discovery,19.204565640442866,0.0148755490483161,0.0307467057101024,0.0592679355783308,0.0092923573550684,0.04118258281243,0.0142606149341142,0.0111927040151604,-0.0037341735223758,0.007850312832015,0.0289243748116903,0.0315966183880877,0.017640001419197,-0.2442094595386637,0.0120807351313213,0.0107237337490217,23.19355389799832,0.0068007903023363,0.0081570449662466,0.004698594319356,0.6043623011008769,1,tp,1781251200000,1781272800000,6
1781258400000|BTC/USDT:USDT|btc_trend_loose|long,2026-06-12 10:00:00+00:00,BTC/USDT:USDT,BTC,long,btc_trend_loose,23.504609201765224,0.004430999087412,0.0041592646520621,0.0212062809922547,0.0055413281430117,0.0245060373915467,0.0085235081700963,-0.001010521030292,0.0112650283770068,0.0031197265985054,0.0086311376847068,0.018860198698703,0.0067135824313507,-1.5019048659612522,0.0047398975435491,0.0046947551617111,23.504609201765224,0.0067135824313507,0.0086311376847068,0.0047398975435491,-3.2843452935737707,0,sl,1781258400000,1781269200000,3
1781258400000|BNB/USDT:USDT|bnb_trend|long,2026-06-12 10:00:00+00:00,BNB/USDT:USDT,BNB,long,bnb_trend,29.73444495039104,0.0057385970119719,0.0033310247023516,0.0165232017413673,0.0061761054297617,0.0253178737311407,0.0065960885195077,-0.0014161507047819,0.0133008054005279,0.0043225517960947,0.0103632122625789,0.0190242723893776,0.0065133456308982,-1.4588339566436903,0.0043030105481436,0.0043757310400678,23.504609201765224,0.0067135824313507,0.0086311376847068,0.0047398975435491,-0.1142021117300088,0,time_stop,1781258400000,1781290800000,9
1781258400000|DOGE/USDT:USDT|doge_trend_loose|long,2026-06-12 10:00:00+00:00,DOGE/USDT:USDT,DOGE,long,doge_trend_loose,23.36142007080404,0.0086665125953316,0.014444187658886,0.0275017333025191,0.005222810503037,0.028976249694584,0.0065287728218166,-0.005173008391769,0.0138238050609185,0.0023164234422052,0.0166823308270678,0.0236300240537321,0.0096775382500996,-0.3944741618058823,0.0069386517024101,0.0060881518291466,23.504609201765224,0.0067135824313507,0.0086311376847068,0.0047398975435491,0.753863068471099,1,tp,1781258400000,1781272800000,4
1781262000000|RENDER/USDT:USDT|render_trend_discovery|long,2026-06-12 11:00:00+00:00,RENDER/USDT:USDT,RENDER,long,render_trend_discovery,25.15928439826,0.0090198436560433,0.0144317498496692,0.0775706554419723,0.0192868948349699,0.0288944041456834,0.0315694527961515,0.0024110910186858,0.0246457178065311,0.0202453987730062,0.0545339251743817,0.0094257165076855,0.0162321086512575,-0.6079388525126318,0.0133768735182513,0.0112985487871191,23.713829988706333,0.0064584137429422,0.0103268968578584,0.0047362907030671,-0.0678647973299253,0,sl,1781262000000,1781298000000,11
1781269200000|BCH/USDT:USDT|bch_trend|short,2026-06-12 13:00:00+00:00,BCH/USDT:USDT,BCH,short,bch_trend,22.425947526276826,0.0180491172699478,0.0338790807771969,0.0223887957392247,-0.0036426878765934,-0.0223505196021101,-0.005745142518986,-0.0080712224233233,-0.0091859669696081,-0.0071970624235006,0.0103637269556553,-0.0187762276623906,0.0114608196854497,-1.949144278425047,0.0073355207645313,0.0080524991307017,21.308344287927422,0.0065997370412103,0.0024458293217186,0.0048975194110684,-0.7346484382464307,0,sl,1781269200000,1781272800000,2
1781272800000|BTC/USDT:USDT|btc_trend_loose|long,2026-06-12 14:00:00+00:00,BTC/USDT:USDT,BTC,long,btc_trend_loose,20.812651103439485,0.0129371121289334,0.0002657454158915,0.025886729924497,0.0089175467193254,0.0284928161900558,0.0128104922543027,0.0121945623675836,0.0048048302759282,0.0060025821954321,0.0202776413246654,0.0194022490087349,0.0069785747694076,-1.0441897176120751,0.0053288666825827,0.0046803093820552,20.812651103439485,0.0069785747694076,0.0202776413246654,0.0053288666825827,4.310276301653372,1,tp,1781272800000,1781276400000,1
1781272800000|ADA/USDT:USDT|ada_trend_discovery|long,2026-06-12 14:00:00+00:00,ADA/USDT:USDT,ADA,long,ada_trend_discovery,27.48109100742473,0.0301100173711637,0.0052113491603938,0.0503763752171394,0.0166707395124498,0.0571754003957201,0.0225825130283728,0.0267538644470868,0.0087616822429905,0.0099415204678361,0.0447670901391408,0.0398404904450132,0.0138744472856003,-1.1302136236268991,0.0112223059115773,0.0105447984808443,20.812651103439485,0.0069785747694076,0.0202776413246654,0.0053288666825827,0.6990016181928302,1,tp,1781272800000,1781276400000,1
1781272800000|ONDO/USDT:USDT|ondo_trend_discovery|long,2026-06-12 14:00:00+00:00,ONDO/USDT:USDT,ONDO,long,ondo_trend_discovery,21.2860495758233,0.0229445506692161,0.0101065282709643,0.0606391696257853,0.0135539021037054,0.0523068944223245,0.0252663206774104,0.0206300529690548,-0.0013638843426077,-0.0016362148895555,0.0544354838709677,0.0382347620962086,0.0176838937201624,-1.4329609896363429,0.0128683382211172,0.012685880318701,20.812651103439485,0.0069785747694076,0.0202776413246654,0.0053288666825827,0.0258748145683231,1,sl,1781272800000,1781276400000,1
1781276400000|DOGE/USDT:USDT|doge_trend_loose|long,2026-06-12 15:00:00+00:00,DOGE/USDT:USDT,DOGE,long,doge_trend_loose,27.726338290617605,0.0424582284275578,0.0581368734264133,0.0347905699244678,0.0069523300368962,0.0367683190219646,-0.0116731517509728,-0.034901700905677,0.0056393140752675,0.0098231827111985,0.0290896243080909,0.0296101295917115,0.0150205934918812,4.4135578227944,0.0131374172170179,0.0086867794035688,21.082504240794567,0.007487028837398,0.0133272535079902,0.0055346587109727,-1.0771834778480684,0,sl,1781276400000,1781280000000,1
1781276400000|SOL/USDT:USDT|sol_trend_discovery|long,2026-06-12 15:00:00+00:00,SOL/USDT:USDT,SOL,long,sol_trend_discovery,25.15049832367908,0.0247023809523809,0.0235119047619047,0.0327380952380952,0.0070110536723047,0.0338161424883971,0.0046130952380952,-0.0101634997790542,0.0046344745103901,0.0031347962382446,0.0257975881544803,0.0266184653270102,0.0110639667413555,-0.5900511039569543,0.008232430702773,0.0073482753039568,21.082504240794567,0.007487028837398,0.0133272535079902,0.0055346587109727,-0.485700675444766,0,sl,1781276400000,1781290800000,4
1781276400000|ENA/USDT:USDT|ena_trend_discovery|short,2026-06-12 15:00:00+00:00,ENA/USDT:USDT,ENA,short,ena_trend_discovery,29.579409460250407,0.0525639377971984,0.0655442745148437,0.0364991646317955,-0.0141561852296941,-0.0701200569408537,-0.0145225549415241,-0.044220611718462,-0.0176745360434288,-0.0210115752390537,0.0216649159663866,-0.0567674827114463,0.0262667586518537,1.4967757867142504,0.0141933325798606,0.014186224726176,21.082504240794567,0.007487028837398,0.0133272535079902,0.0055346587109727,0.8489928737676516,1,time_stop,1781276400000,1781301600000,12
1781280000000|BTC/USDT:USDT|btc_trend_loose|long,2026-06-12 16:00:00+00:00,BTC/USDT:USDT,BTC,long,btc_trend_loose,21.252279562819503,0.0077762418844369,0.0064330301855164,0.025585133664419,0.0075721758443213,0.0276653127943949,0.0095760517394512,0.006202306590934,0.0081581241516732,0.0044102125948635,0.0224568561680411,0.0199421316227158,0.0074648327761085,-0.4410330571959733,0.0056017612177828,0.0047018257970834,21.252279562819503,0.0074648327761085,0.0224568561680411,0.0056017612177828,-0.5236095528168376,0,sl,1781280000000,1781294400000,5
1781280000000|ADA/USDT:USDT|ada_trend_discovery|long,2026-06-12 16:00:00+00:00,ADA/USDT:USDT,ADA,long,ada_trend_discovery,26.72837644179555,0.0230680507497116,0.0057670126874279,0.0542099192618223,0.0185515824867947,0.0603681705311545,0.0242214532871971,0.0182031708749266,0.015817223198594,0.0075537478210343,0.0515463917525773,0.0410549536845886,0.0152073706191805,-0.3076221354257294,0.0120364011888072,0.0105749749223561,21.252279562819503,0.0074648327761085,0.0224568561680411,0.0056017612177828,-0.0725993436216125,0,sl,1781280000000,1781294400000,5
1781280000000|ONDO/USDT:USDT|ondo_trend_discovery|long,2026-06-12 16:00:00+00:00,ONDO/USDT:USDT,ONDO,long,ondo_trend_discovery,20.491332500990296,0.0277475516866158,0.0076169749727965,0.0644722524483133,0.0165027704060919,0.0556889759211891,0.0284276387377584,0.0236702868281815,0.0096127437517166,0.0073992874760206,0.0612009237875288,0.0385500233309175,0.019260598531717,-0.5007403885329285,0.0140353450838131,0.0129691426893623,21.252279562819503,0.0074648327761085,0.0224568561680411,0.0056017612177828,0.0980673747879239,1,tp,1781280000000,1781287200000,4
1781280000000|TON/USDT:USDT|ton_trend_discovery|long,2026-06-12 16:00:00+00:00,TON/USDT:USDT,TON,long,ton_trend_discovery,25.226527748952208,0.0158647443691738,0.0284870592322389,0.0690174280585953,0.0098013742955736,0.0488930049713615,0.0202651844131782,0.01397287618153,-0.0057567209717345,0.0077017328899002,0.071933962264151,0.038712197934032,0.0176479575246917,-0.0381412038774071,0.0117741067233803,0.0107654538362983,21.252279562819503,0.0074648327761085,0.0224568561680411,0.0056017612177828,-0.069185049420663,0,sl,1781280000000,1781287200000,3
1781283600000|DOGE/USDT:USDT|doge_trend_loose|long,2026-06-12 17:00:00+00:00,DOGE/USDT:USDT,DOGE,long,doge_trend_loose,32.379152378826056,0.0146891368708722,0.0528353450239126,0.0352994762013207,0.0089107050948155,0.0410126707844027,-0.0087679344112959,-0.0102558323002367,0.0100057504312822,0.0125677389599907,0.0130349521282731,0.0318184409457429,0.0151366203961476,3.5556320897193188,0.0128182871018547,0.0089362998037841,21.618863797754504,0.0073639732995998,0.0035007907039623,0.0044440701105044,-1.0051448368622011,0,sl,1781283600000,1781298000000,6
1781287200000|BCH/USDT:USDT|bch_trend|short,2026-06-12 18:00:00+00:00,BCH/USDT:USDT,BCH,short,bch_trend,22.63670244307019,0.0080137659783677,0.0307276302851524,0.01007866273353,-0.003181077004775,-0.018801626889082,-0.0103244837758111,-0.004502740798747,-0.015488867376573,0.0085283617612059,-0.0067874407930074,-0.0156703986290415,0.0122688737215132,-1.2649179951513512,0.0068779405838154,0.0082788340077025,21.75805127760837,0.0071474931958298,0.0037177182858765,0.0044377180514754,-0.7661990045663244,0,sl,1781287200000,1781294400000,3
1781290800000|INJ/USDT:USDT|inj_trend_discovery|short,2026-06-12 19:00:00+00:00,INJ/USDT:USDT,INJ,short,inj_trend_discovery,24.418512591912364,0.0103394459617635,0.0996878657822862,0.0150214592274678,-0.0267341253724945,-0.0301483594332835,-0.0423332032774092,0.0013674545809729,0.0017588430721127,-0.0509164969450101,-0.038634658664666,-0.0035080178497943,0.0211290597290312,-1.136896138074606,0.0123432149281277,0.0135453839134716,21.57152842649442,0.0069131123683517,-0.0001966410561354,0.0044302205982875,-0.1418436472634105,0,sl,1781290800000,1781301600000,4
1781305200000|BTC/USDT:USDT|btc_trend_loose|long,2026-06-12 23:00:00+00:00,BTC/USDT:USDT,BTC,long,btc_trend_loose,18.56486973420098,0.0025241160086234,0.0128345948667914,0.0117550789179662,0.00059557421133,0.0196932794606423,-0.0005397579744126,0.0010112975483123,-0.0001274484659767,-0.0028621013221526,-0.000800340891759,0.0190863379186592,0.0059969279638134,-1.8870596406934672,0.0043682676249009,0.0046063449024621,18.56486973420098,0.0059969279638134,-0.000800340891759,0.0043682676249009,0.2820483538303185,1,tp,1781305200000,1781312400000,3
1781305200000|INJ/USDT:USDT|inj_trend_discovery|short,2026-06-12 23:00:00+00:00,INJ/USDT:USDT,INJ,short,inj_trend_discovery,26.19408921145617,0.0082726019302737,0.110301359070317,0.0055150679535157,-0.0263052058789821,-0.0381644863943612,-0.0523931455584006,-0.0068466353677621,-0.0095591104174795,-0.0474671669793621,-0.0596406741989257,-0.0121796692217963,0.0190408823754145,-2.3771073162198317,0.0121635929772298,0.0133622429206359,18.56486973420098,0.0059969279638134,-0.000800340891759,0.0043682676249009,-0.6393009129577827,0,sl,1781305200000,1781316000000,4
1781308800000|BNB/USDT:USDT|bnb_trend|long,2026-06-13 00:00:00+00:00,BNB/USDT:USDT,BNB,long,bnb_trend,23.692850528042545,0.0031403401484225,0.0146604300613192,0.0136356874865709,0.0007233675868288,0.0197611322033167,-0.000512371287374,0.0015726393855117,0.003116969244798,-0.0028183406401424,0.0008602008238076,0.0190240032691511,0.0056227930588979,-2.0902514871675595,0.0040071467193573,0.0042304938105047,18.01006390739896,0.0057031182220859,-0.0010515941318217,0.0043677292183459,0.0701058818784847,1,tp,1781308800000,1781312400000,2
