window,baseline_return,combo_return,delta_return,baseline_sharpe,combo_sharpe,delta_sharpe,baseline_mdd,combo_mdd,delta_mdd,baseline_trades,combo_trades,baseline_win_rate,combo_win_rate,selected_final_diff_count,pipeline_diff_count,baseline_selected_final,combo_selected_final,baseline_longs,combo_longs
1m,5.227359896614181,9.020114255760369,3.792754359146188,4.449251659140352,6.298576811627404,1.8493251524870518,-2.0497822676704747,-2.0147342990339157,0.03504796863655901,135,144,46.666666666666664,49.30555555555556,64,64,571,523,6,14
3m,43.23216756708814,62.12582169494698,18.893654127858838,7.3239792894319224,9.141186367681364,1.8172070782494414,-2.8233366726963194,-2.6176002123122433,0.20573646038407611,608,657,51.64473684210527,53.42465753424658,283,283,2954,2709,19,38
6m,138.06790179068247,172.22080704861034,34.15290525792787,7.735080185927361,8.554744995164791,0.8196648092374303,-2.7828509169248505,-2.807444880699639,-0.024593963774788286,1215,1328,54.32098765432099,54.21686746987952,707,707,6164,5573,55,112
12m,517.4354924205348,726.0895773939723,208.65408497343742,7.7575515405870235,8.747127900602635,0.9895763600156116,-3.4241300512531603,-3.8272946050361023,-0.403164553782942,2350,2644,53.91489361702128,54.08472012102874,1316,1316,12017,10953,106,232
24m,3157.902009387595,6765.25589419646,3607.3538848088647,7.15668780525073,8.42543291323765,1.2687451079869199,-7.2596767059864735,-4.430937211791807,2.828739494194666,4512,5057,55.40780141843972,55.25014830927427,2578,2578,23088,20978,211,443
