{
  "equity_start": 1000.0,
  "equity_final": 999.1889550932127,
  "total_return_pct": -0.08110449067872949,
  "sharpe_annual": -0.1326140605538335,
  "max_drawdown_pct": -1.0394815854346984,
  "vol_annual": 0.023224274662471775,
  "trade_count": 381,
  "win_rate_pct": 46.981627296587924,
  "rows": 2123,
  "load_seconds": 1.2580847840290517,
  "run_seconds": 69.63097331899917,
  "total_seconds": 70.88905810302822,
  "avg_n_opps": 10.0,
  "avg_n_accepts": 3.5157795572303345,
  "avg_active_symbols": 0.9119170984455959,
  "avg_gross_weight": 0.03808290155440416
}