{
  "equity_start": 1000.0,
  "equity_final": 999.1889550932127,
  "total_return_pct": -0.08110449067872949,
  "sharpe_annual": -0.1326140605538335,
  "max_drawdown_pct": -1.0394815854346984,
  "vol_annual": 0.023224274662471775,
  "trade_count": 381,
  "win_rate_pct": 46.981627296587924
}