{
  "equity_start": 1000.0,
  "equity_final": 1001.1029219435252,
  "total_return_pct": 0.11029219435252369,
  "sharpe_annual": 0.22073220354411913,
  "max_drawdown_pct": -0.8933375208861616,
  "vol_annual": 0.021680234799984592,
  "trade_count": 335,
  "win_rate_pct": 48.95522388059702,
  "rows": 2123,
  "load_seconds": 1.2237637449870817,
  "run_seconds": 70.12655858398648,
  "total_seconds": 71.35032232897356,
  "avg_n_opps": 10.0,
  "avg_n_accepts": 3.5157795572303345,
  "avg_active_symbols": 0.9119170984455959,
  "avg_gross_weight": 0.03808290155440416
}