trace_candidate_id,ts,symbol,symbol_code,side,strategy_id,adx,range_pct,breakout_distance_up,breakout_distance_down,dist_close_ema_fast,dist_close_ema_slow,pullback_depth,ret_1h_lag,ret_4h_lag,ret_12h_lag,ret_24h_lag,ema_gap_fast_slow,atrp,atrp_zscore,rolling_vol_24h,rolling_vol_72h,btc_adx,btc_atrp,btc_ret_24h_lag,btc_rolling_vol_24h,pnl,target_win,exit_reason,entry_ts,exit_ts,bars_held
1778731200000|INJ/USDT:USDT|inj_trend_discovery|long,2026-05-14 04:00:00+00:00,INJ/USDT:USDT,INJ,long,inj_trend_discovery,100.0,0.0665652339292507,0.0,0.0,0.0567784540571829,0.0626100775213768,0.0,0.0615788411063999,0.0,0.0,0.0,0.0055183027642219,0.0455748674517354,0.0,0.0,0.0,99.40384568398952,0.0060995525500237,0.0,0.0,14.166323440339196,1,time_stop,1778731200000,1778778000000,13
1778734800000|TON/USDT:USDT|ton_trend_discovery|long,2026-05-14 05:00:00+00:00,TON/USDT:USDT,TON,long,ton_trend_discovery,94.6715243239203,0.0244527247321845,0.0,0.0,0.0288141660154403,0.0331386224305493,0.0,0.0068939642639402,0.0,0.0,0.0,0.0042033406595259,0.0195105618932648,0.0,0.0,0.0,94.76579090684854,0.0062011509038872,0.0,0.0,-5.354080086573177,0,time_stop,1778734800000,1778763600000,9
1778742000000|XRP/USDT:USDT|xrp_trend|long,2026-05-14 07:00:00+00:00,XRP/USDT:USDT,XRP,long,xrp_trend,83.47401956027811,0.0044003632045819,0.0,0.0,0.0028826407102508,0.004242938888148,0.0,-0.0015342771462445,0.0070338327354575,0.0,0.0,0.0013563881980585,0.007254392061934,0.0,0.0,0.0,85.6422363954924,0.005722108777175,0.0,0.0,-0.4952640794532635,0,sl,1778742000000,1778756400000,5
1778742000000|ETH/USDT:USDT|eth_trend|long,2026-05-14 07:00:00+00:00,ETH/USDT:USDT,ETH,long,eth_trend,84.242203335978,0.0032196375809877,0.0,0.0,0.0044198300916943,0.0059098729522939,0.0,-0.0010720619766527,0.0103523826097819,0.0,0.0,0.0014834861040762,0.0078936376558627,0.0,0.0,0.0,85.6422363954924,0.005722108777175,0.0,0.0,-0.5986218776428465,0,sl,1778742000000,1778760000000,6
1778742000000|ONDO/USDT:USDT|ondo_trend_discovery|long,2026-05-14 07:00:00+00:00,ONDO/USDT:USDT,ONDO,long,ondo_trend_discovery,84.32779597693487,0.0200051961548453,0.0,0.0,0.0103659916880469,0.012180365801928,0.0,-0.003108003108003,0.0280448717948718,0.0,0.0,0.0017957592880276,0.0148047115346459,0.0,0.0,0.0,85.6422363954924,0.005722108777175,0.0,0.0,1.2808307784977224,1,tp,1778742000000,1778767200000,8
1778745600000|LINK/USDT:USDT|link_trend|long,2026-05-14 08:00:00+00:00,LINK/USDT:USDT,LINK,long,link_trend,77.87837410091952,0.0095488648543311,0.0,0.0,0.0061151132460597,0.0080099103208281,0.0,0.0041091869680069,0.0070650574035913,0.0,0.0,0.0018832806006215,0.0097431486329917,0.0,0.0,0.0,80.390391529234,0.0055838552644822,0.0,0.0,0.13258390984709,1,tp,1778745600000,1778763600000,6
1778745600000|SUI/USDT:USDT|sui_trend_discovery|short,2026-05-14 08:00:00+00:00,SUI/USDT:USDT,SUI,short,sui_trend_discovery,75.91964848164065,0.0144648829431437,0.0,0.0,-0.0064945833116175,-0.0097966014063548,0.0,0.0055490163107447,-0.0074688796680498,0.0,0.0,-0.003323603514658,0.0120660796055999,0.0,0.0,0.0,80.390391529234,0.0055838552644822,0.0,0.0,-0.0614985197719832,0,sl,1778745600000,1778760000000,6
1778749200000|BTC/USDT:USDT|btc_trend_loose|long,2026-05-14 09:00:00+00:00,BTC/USDT:USDT,BTC,long,btc_trend_loose,74.86692817762905,0.004296757706838,0.0,0.0,0.0015898939923021,0.0031389908783251,0.0,-0.0022801115111161,-0.0022138232326082,0.0,0.0,0.0015466378957243,0.0055037691401137,0.0,0.0,0.0,74.86692817762905,0.0055037691401137,0.0,0.0,-0.2453766890677528,0,sl,1778749200000,1778760000000,4
1778752800000|TRX/USDT:USDT|trx_trend|long,2026-05-14 10:00:00+00:00,TRX/USDT:USDT,TRX,long,trx_trend,97.10959081680878,0.0084346525995091,0.0,0.0,0.0095408125045793,0.0119586877357203,0.0,0.0040787423877639,0.0100293472376558,0.0,0.0,0.0023950247490662,0.0030245161529114,0.0,0.0,0.0,70.65329969763107,0.0054371534607746,0.0,0.0,0.1926357893460273,1,tp,1778752800000,1778756400000,1
1778760000000|BNB/USDT:USDT|bnb_trend|long,2026-05-14 12:00:00+00:00,BNB/USDT:USDT,BNB,long,bnb_trend,66.79142901244691,0.0115679339817269,0.0,0.0,0.0108851747762216,0.0124517520455597,0.0,0.011085285177901,0.007692079237326,0.0,0.0,0.001549708422309,0.0079522498569852,0.0,0.0,0.0,63.851203369293096,0.005473646627426,0.0,0.0,0.3020513471895991,1,tp,1778760000000,1778767200000,2
1778760000000|XRP/USDT:USDT|xrp_trend|long,2026-05-14 12:00:00+00:00,XRP/USDT:USDT,XRP,long,xrp_trend,64.97540216618587,0.0142314335060448,0.0,0.0,0.0115227102780992,0.0149759777436071,0.0,0.0108946155457783,0.0093438393417475,0.0,0.0,0.0034139297421789,0.0073397670331278,0.0,0.0,0.0,63.851203369293096,0.005473646627426,0.0,0.0,4.262978669248324,1,tp,1778760000000,1778763600000,1
1778760000000|TRX/USDT:USDT|trx_trend|long,2026-05-14 12:00:00+00:00,TRX/USDT:USDT,TRX,long,trx_trend,96.9640847155274,0.0042567586615172,0.0,0.0,0.0084923891529786,0.0124062844581957,0.0,0.0015811615890675,0.007383636725073,0.0,0.0,0.0038809368789627,0.0031177084316887,0.0,0.0,0.0,63.851203369293096,0.005473646627426,0.0,0.0,0.0071385576708132,1,tp,1778760000000,1778763600000,2
1778760000000|DOGE/USDT:USDT|doge_trend_loose|long,2026-05-14 12:00:00+00:00,DOGE/USDT:USDT,DOGE,long,doge_trend_loose,63.04733328495989,0.0237744034707157,0.0,0.0,0.0140090758386694,0.0159468209342159,0.0,0.0190097259062775,0.0173905367231639,0.0,0.0,0.0019109741142541,0.0134199123351543,0.0,0.0,0.0,63.851203369293096,0.005473646627426,0.0,0.0,0.4973373970575481,1,tp,1778760000000,1778763600000,1
1778760000000|SOL/USDT:USDT|sol_trend_discovery|long,2026-05-14 12:00:00+00:00,SOL/USDT:USDT,SOL,long,sol_trend_discovery,62.52369390056902,0.0085563843791136,0.0,0.0,0.0046262331260317,0.0067402590481425,0.0,0.0064031795098256,0.0017582417582417,0.0,0.0,0.0021042909814654,0.0082884627782834,0.0,0.0,0.0,63.851203369293096,0.005473646627426,0.0,0.0,0.0213829949960176,1,tp,1778760000000,1778763600000,2
1778763600000|BTC/USDT:USDT|btc_trend_loose|long,2026-05-14 13:00:00+00:00,BTC/USDT:USDT,BTC,long,btc_trend_loose,60.32991291383426,0.0052472417459506,0.0047840282999565,0.0099358656505261,0.0021098836811769,0.003878016489773,0.0025759186752848,-0.0007338238872846,0.0008291988557056,0.0,0.0,0.0017644101085011,0.005461207375222,0.0,0.0,0.0,60.32991291383426,0.005461207375222,0.0,0.0,2.433114798828338,1,tp,1778763600000,1778767200000,1
1778767200000|DOT/USDT:USDT|dot_trend|long,2026-05-14 14:00:00+00:00,DOT/USDT:USDT,DOT,long,dot_trend,63.44620229227219,0.0262773722627737,0.0007299270072991,0.0423357664233577,0.0285930181441435,0.0333614542070258,0.0208029197080293,0.0208643815201192,0.0324039186134137,0.0339622641509436,0.0,0.0046358821990507,0.0111909040253569,0.0,0.008474831131546,0.0,59.741538778822026,0.006302735299382,0.0,0.0056179389510122,0.7572032047259811,1,sl,1778767200000,1778788800000,10
1778767200000|AVAX/USDT:USDT|avax_trend|long,2026-05-14 14:00:00+00:00,AVAX/USDT:USDT,AVAX,long,avax_trend,62.016478938199135,0.0307860914615922,0.0009963136395337,0.0409484905848362,0.0292870505302919,0.0314988883113936,0.0199760884726511,0.0269081235932067,0.0339960852992686,0.0316579299002981,0.0,0.0021489027574593,0.010052432654663,0.0,0.0094519068760558,0.0,59.741538778822026,0.006302735299382,0.0,0.0056179389510122,4.618228205359891,1,sl,1778767200000,1778774400000,2
1778767200000|DOGE/USDT:USDT|doge_trend_loose|long,2026-05-14 14:00:00+00:00,DOGE/USDT:USDT,DOGE,long,doge_trend_loose,61.03696958840733,0.0127055956835784,0.0152293098947002,0.0267165607867026,0.0094668930069588,0.012743624760053,0.0057436254460012,0.005336832895888,0.0113536349234288,0.0132263468829909,0.0,0.0032460021975892,0.0140079897279807,0.0,0.0095782459952364,0.0,59.741538778822026,0.006302735299382,0.0,0.0056179389510122,0.6079304381717534,1,tp,1778767200000,1778781600000,4
1778767200000|SOL/USDT:USDT|sol_trend_discovery|long,2026-05-14 14:00:00+00:00,SOL/USDT:USDT,SOL,long,sol_trend_discovery,57.28344962025313,0.018540605009216,0.0004336983627885,0.0271061476742925,0.0148411437836254,0.0183489645631298,0.0133362246557519,0.0165325691612476,0.0136278711946369,0.0188908528501989,0.0,0.0034565220389332,0.0089346503473318,0.0,0.006994370136507,0.0,59.741538778822026,0.006302735299382,0.0,0.0056179389510122,0.1719702627437219,1,tp,1778767200000,1778770800000,1
1778767200000|ADA/USDT:USDT|ada_trend_discovery|long,2026-05-14 14:00:00+00:00,ADA/USDT:USDT,ADA,long,ada_trend_discovery,61.92013336963174,0.0211032950758977,0.0011106997408366,0.029618659755646,0.0178821568207566,0.0208024166036684,0.0142539800074047,0.0131282820705176,0.0211720226843099,0.0211720226843099,0.0,0.0028689566501812,0.0080173559385647,0.0,0.0058035673808622,0.0,59.741538778822026,0.006302735299382,0.0,0.0056179389510122,0.1530142905669833,1,tp,1778767200000,1778770800000,1
1778767200000|NEAR/USDT:USDT|near_trend_discovery|long,2026-05-14 14:00:00+00:00,NEAR/USDT:USDT,NEAR,long,near_trend_discovery,56.244238498543865,0.025625,0.0125,0.0393750000000001,0.0202233659671004,0.0232888866230729,0.0134375,0.0210593490746651,0.0223642172523963,0.0236724248240562,0.0,0.0030047544079394,0.0244004973142918,0.0,0.0086186707106545,0.0,59.741538778822026,0.006302735299382,0.0,0.0056179389510122,0.0641253283438874,1,tp,1778767200000,1778788800000,8
1778767200000|ENA/USDT:USDT|ena_trend_discovery|long,2026-05-14 14:00:00+00:00,ENA/USDT:USDT,ENA,long,ena_trend_discovery,60.32249774617286,0.0413447312181488,0.0008219628472792,0.0549071181982574,0.0393633011318371,0.0436109184809191,0.027042577675489,0.0392960874765078,0.0453686200378071,0.0441125986955028,0.0,0.0040867494017312,0.0129661263189364,0.0,0.0137750472073343,0.0,59.741538778822026,0.006302735299382,0.0,0.0056179389510122,0.470937213805183,1,sl,1778767200000,1778778000000,3
1778767200000|XLM/USDT:USDT|xlm_trend_discovery|long,2026-05-14 14:00:00+00:00,XLM/USDT:USDT,XLM,long,xlm_trend_discovery,59.43123354028763,0.027931938769287,0.0008538147222052,0.0372019271818015,0.0274051657026456,0.0315173189997487,0.018174056229798,0.0239805158308874,0.0309336686576549,0.0320367573011077,0.0,0.0040024650784102,0.0091367682545314,0.0,0.0086624927333778,0.0,59.741538778822026,0.006302735299382,0.0,0.0056179389510122,0.1298406229753801,1,sl,1778767200000,1778774400000,2
1778767200000|RENDER/USDT:USDT|render_trend_discovery|long,2026-05-14 14:00:00+00:00,RENDER/USDT:USDT,RENDER,long,render_trend_discovery,57.98876501808957,0.0272251308900522,0.0031413612565445,0.0413612565445025,0.0220314567274852,0.0244818184062914,0.019109947643979,0.0219368646334938,0.023031601499732,0.0246781115879828,0.0,0.0023975403718513,0.0120016348082342,0.0,0.0105139043879839,0.0,59.741538778822026,0.006302735299382,0.0,0.0056179389510122,0.2531856662160018,1,tp,1778767200000,1778770800000,1
1778767200000|TON/USDT:USDT|ton_trend_discovery|long,2026-05-14 14:00:00+00:00,TON/USDT:USDT,TON,long,ton_trend_discovery,65.58058648002682,0.0355339442678135,0.0143538432766038,0.0428277538806806,0.0178294053962093,0.0278220481256605,0.0142369553020383,0.0182822319558177,0.0030013130744699,0.0297048769919596,0.0,0.0098176007457373,0.0199713397431692,0.0,0.0160074629749979,0.0,59.741538778822026,0.006302735299382,0.0,0.0056179389510122,0.1286492114637722,1,time_stop,1778767200000,1778803200000,13
1778770800000|BTC/USDT:USDT|btc_trend_loose|long,2026-05-14 15:00:00+00:00,BTC/USDT:USDT,BTC,long,btc_trend_loose,59.59806731682355,0.0064828205869863,0.0003040168378555,0.029245927466752,0.0183203656723063,0.0234038643841556,0.0144709553144483,0.0039046330448107,0.0256120560589572,0.0283550597238413,0.0,0.0049920426647788,0.0062928353951448,0.0,0.005414029948365,0.0,59.59806731682355,0.0062928353951448,0.0,0.005414029948365,0.0762802276810069,1,time_stop,1778770800000,1778814000000,12
1778770800000|BNB/USDT:USDT|bnb_trend|long,2026-05-14 15:00:00+00:00,BNB/USDT:USDT,BNB,long,bnb_trend,66.63929074683816,0.0063658683603111,0.0011173348623178,0.0214204854525942,0.0106363389754976,0.0144850157980116,0.010151575295138,0.0023726016092429,0.0134543178973718,0.0210303521570747,0.0,0.0038081718161999,0.0078580843634067,0.0,0.0050561669695689,0.0,59.59806731682355,0.0062928353951448,0.0,0.005414029948365,0.2744578021297182,1,tp,1778770800000,1778778000000,2
1778770800000|ETH/USDT:USDT|eth_trend|long,2026-05-14 15:00:00+00:00,ETH/USDT:USDT,ETH,long,eth_trend,57.83126106298409,0.0085358846676183,0.0006920987568337,0.026251871713619,0.015631290468656,0.0200970179196553,0.0127798864783926,0.0049737750383862,0.0197753028440037,0.0251357634659061,0.0,0.0043969967181088,0.0079919511762338,0.0,0.0060468583396932,0.0,59.59806731682355,0.0062928353951448,0.0,0.005414029948365,0.1419754287019064,1,tp,1778770800000,1778774400000,1
1778770800000|ONDO/USDT:USDT|ondo_trend_discovery|long,2026-05-14 15:00:00+00:00,ONDO/USDT:USDT,ONDO,long,ondo_trend_discovery,60.409901189083136,0.0310327706057597,0.0307845084409136,0.0734856007944389,0.0391351522104684,0.0569109362526944,0.0213505461767626,-0.0228044638524987,0.0594423987375065,0.0758547008547008,0.0,0.0171063253941636,0.019297808842573,0.0,0.0181149278114665,0.0,59.59806731682355,0.0062928353951448,0.0,0.005414029948365,-0.3145384396002462,0,sl,1778770800000,1778774400000,1
1778774400000|XRP/USDT:USDT|xrp_trend|long,2026-05-14 16:00:00+00:00,XRP/USDT:USDT,XRP,long,xrp_trend,68.1099710054428,0.0112860715009798,0.0006758126647292,0.0402784348178685,0.0254187195090118,0.0364144970844302,0.0198013110765696,0.0052309782608694,0.0222452504317789,0.0347552447552448,0.0,0.0107232073749184,0.0088908331128211,0.0,0.0066242911872096,0.0,60.13473370767229,0.0065492803363692,0.0,0.0054022464937471,5.215719432928236,1,tp,1778774400000,1778778000000,1
1778774400000|AAVE/USDT:USDT|aave_trend|long,2026-05-14 16:00:00+00:00,AAVE/USDT:USDT,AAVE,long,aave_trend,58.61087704972287,0.0121206050285484,0.0005008514474606,0.0449764599819692,0.0256324020008507,0.0318056764621181,0.0222378042672543,0.0074679584216368,0.0260020554984583,0.038165557404326,0.0,0.0060189932077265,0.0124432983017545,0.0,0.0091920062326576,0.0,60.13473370767229,0.0065492803363692,0.0,0.0054022464937471,-0.0678116858952562,0,sl,1778774400000,1778778000000,2
1778774400000|SOL/USDT:USDT|sol_trend_discovery|long,2026-05-14 16:00:00+00:00,SOL/USDT:USDT,SOL,long,sol_trend_discovery,57.90414123393626,0.0147957542618204,0.0039669775919374,0.0379543261498873,0.0215782335152269,0.0292430666874517,0.0169936742789749,0.0018259935553168,0.0231461167178586,0.0314055070220058,0.0,0.0075029331291155,0.0096348123321647,0.0,0.0067660602395192,0.0,60.13473370767229,0.0065492803363692,0.0,0.0054022464937471,-0.050361720049607,0,time_stop,1778774400000,1778792400000,5
1778774400000|ADA/USDT:USDT|ada_trend_discovery|long,2026-05-14 16:00:00+00:00,ADA/USDT:USDT,ADA,long,ada_trend_discovery,61.4904279642367,0.0113928702682836,0.0011025358324144,0.0367511944138184,0.0213728140230233,0.0278604150397702,0.017824329290702,0.0074046649389114,0.0217799474277131,0.0287334593572778,0.0,0.0063518442312883,0.0081634049005106,0.0,0.0055771410758338,0.0,60.13473370767229,0.0065492803363692,0.0,0.0054022464937471,0.0022344187343446,1,sl,1778774400000,1778778000000,1
1778774400000|RENDER/USDT:USDT|render_trend_discovery|long,2026-05-14 16:00:00+00:00,RENDER/USDT:USDT,RENDER,long,render_trend_discovery,59.074862754403576,0.0128733264675591,0.0030895983522142,0.0571575695159629,0.0320145816351357,0.0408096054090739,0.0270339855818743,0.0020639834881321,0.0313329792883696,0.0474649406688241,0.0,0.0085221894442646,0.0124293482937586,0.0,0.0102388799102257,0.0,60.13473370767229,0.0065492803363692,0.0,0.0054022464937471,-0.1867985056214654,0,sl,1778774400000,1778799600000,7
1778778000000|AVAX/USDT:USDT|avax_trend|long,2026-05-14 17:00:00+00:00,AVAX/USDT:USDT,AVAX,long,avax_trend,58.39080198387536,0.0130842988413903,0.0089892129444666,0.0385537355173792,0.0190039841275994,0.0279710338693811,0.0147822612864562,-0.0033844316145728,0.0243503171679968,0.0240360028638642,0.0,0.0087998181375696,0.0106977347889898,0.0,0.0085566647535719,0.0,60.739845215213975,0.0067868963638279,0.0,0.0053585447340308,-5.05312330022635,0,sl,1778778000000,1778799600000,8
1778778000000|XLM/USDT:USDT|xlm_trend_discovery|long,2026-05-14 17:00:00+00:00,XLM/USDT:USDT,XLM,long,xlm_trend_discovery,58.28896333426705,0.0131675201170445,0.0053035844915874,0.0376127773713727,0.0206849252311927,0.0310087807491168,0.0161545964398926,0.0020769700671958,0.0244176606507213,0.0267901852779166,0.0,0.0101146350482109,0.0099518820959236,0.0,0.007783150380348,0.0,60.739845215213975,0.0067868963638279,0.0,0.0053585447340308,0.2552195281760713,1,tp,1778778000000,1778781600000,1
1778778000000|ONDO/USDT:USDT|ondo_trend_discovery|long,2026-05-14 17:00:00+00:00,ONDO/USDT:USDT,ONDO,long,ondo_trend_discovery,57.46348852145861,0.0205410821643286,0.0400801603206413,0.0651302605210421,0.0236680455010489,0.0464056346660963,0.0125250501002004,-0.0069651741293532,0.0134551916730134,0.0385015608740895,0.0,0.0222118774391537,0.0199348135160914,0.0,0.017098480730431,0.0,60.739845215213975,0.0067868963638279,0.0,0.0053585447340308,-0.3956685856901947,0,sl,1778778000000,1778788800000,3
1778781600000|BNB/USDT:USDT|bnb_trend|long,2026-05-14 18:00:00+00:00,BNB/USDT:USDT,BNB,long,bnb_trend,69.06120040760133,0.0071591707659873,0.0078472710236589,0.0255036308268914,0.0110707345016614,0.0181837021002686,0.0088281799016162,0.0008352015473207,0.0065725485572811,0.0188240207631036,0.0,0.007035084050883,0.0078894230418012,0.0,0.0045969500631956,0.0,61.30173447221697,0.0067699126821687,0.0,0.0052315055101839,-0.0454470054733489,0,time_stop,1778781600000,1778796000000,4
1778781600000|BCH/USDT:USDT|bch_trend|long,2026-05-14 18:00:00+00:00,BCH/USDT:USDT,BCH,long,bch_trend,49.86370708162376,0.0066450493240773,0.001073255389112,0.0154137742053343,0.0080268587515163,0.0102628480772309,0.0071702594081111,0.004035216434336,0.0051413881748072,0.008869537171424,0.0,0.0022181842738634,0.0051660656522164,0.0,0.0025859239358696,0.0,61.30173447221697,0.0067699126821687,0.0,0.0052315055101839,-0.0372882918637051,0,sl,1778781600000,1778799600000,8
1778781600000|ADA/USDT:USDT|ada_trend_discovery|long,2026-05-14 18:00:00+00:00,ADA/USDT:USDT,ADA,long,ada_trend_discovery,63.17638740963263,0.0287150035893754,0.0025125628140702,0.0592246949030869,0.0392935280855302,0.0515732691535653,0.0283560660445083,0.0235121234386481,0.031469825990374,0.0501319261213721,0.0,0.0118154695821645,0.0096875294477029,0.0,0.0074998223584482,0.0,61.30173447221697,0.0067699126821687,0.0,0.0052315055101839,0.1465529936828784,1,sl,1778781600000,1778785200000,1
1778781600000|ENA/USDT:USDT|ena_trend_discovery|long,2026-05-14 18:00:00+00:00,ENA/USDT:USDT,ENA,long,ena_trend_discovery,63.15547353844365,0.0192012908430818,0.0137958854376763,0.072367890278338,0.0391294223816347,0.0606802156782508,0.0292860024203308,0.0021020292667153,0.0188229492026961,0.0578646411197405,0.0,0.0207392773531738,0.0155573675268584,0.0,0.0124003316152131,0.0,61.30173447221697,0.0067699126821687,0.0,0.0052315055101839,-0.2797234172521375,0,sl,1778781600000,1778792400000,3
1778785200000|DOGE/USDT:USDT|doge_trend_loose|long,2026-05-14 19:00:00+00:00,DOGE/USDT:USDT,DOGE,long,doge_trend_loose,58.02822716796403,0.0184355616815989,0.0216230186078566,0.036526533425224,0.0124126932587341,0.0220161970660959,0.0074517574086837,-0.010231923601637,0.0194080969526653,0.0194976286667838,0.0,0.0094857599784236,0.0154642244570029,0.0,0.0102607335752932,0.0,61.18457524083626,0.0066676105352899,0.0,0.005141759762285,-0.5447372179546023,0,sl,1778785200000,1778788800000,1
1778785200000|XLM/USDT:USDT|xlm_trend_discovery|long,2026-05-14 19:00:00+00:00,XLM/USDT:USDT,XLM,long,xlm_trend_discovery,59.14711246679491,0.0184570842632246,0.0164666143917004,0.0477712769165811,0.0246610064800047,0.0410193141815659,0.0156523312624403,-0.0113304311527223,0.0109762790414049,0.0450706001008571,0.0,0.01596460448686,0.0118610720623209,0.0,0.0094575918921554,0.0,61.18457524083626,0.0066676105352899,0.0,0.005141759762285,-0.2612071641579825,0,sl,1778785200000,1778788800000,1
1778788800000|ADA/USDT:USDT|ada_trend_discovery|long,2026-05-14 20:00:00+00:00,ADA/USDT:USDT,ADA,long,ada_trend_discovery,64.27633041201483,0.010252654705236,0.0263639692420358,0.0402782863419993,0.0150903213322305,0.0301581980705513,0.0069571585499817,-0.0025566106647186,0.0036751194413817,0.0309550773876934,0.0,0.0148438778517219,0.0109779221186449,0.0,0.0086081765571888,0.0,60.39728311215856,0.0065647318163376,0.0,0.0050013020854426,-0.2340552332827163,0,sl,1778788800000,1778810400000,6
1778788800000|INJ/USDT:USDT|inj_trend_discovery|long,2026-05-14 20:00:00+00:00,INJ/USDT:USDT,INJ,long,inj_trend_discovery,66.41700869488643,0.029434546862897,0.0321456235476375,0.0499612703330751,0.0127313904956519,0.038154508379926,0.0089078233927187,0.0209568999604585,-0.0050096339113681,0.0268443030423544,0.0,0.0251035152290792,0.0326567162197402,0.0,0.0209079918705487,0.0,60.39728311215856,0.0065647318163376,0.0,0.0050013020854426,0.1524555860604388,1,time_stop,1778788800000,1778817600000,13
1778792400000|NEAR/USDT:USDT|near_trend_discovery|long,2026-05-14 21:00:00+00:00,NEAR/USDT:USDT,NEAR,long,near_trend_discovery,48.96886527958092,0.0088607594936708,0.0335443037974683,0.0272151898734178,5.500489471377463e-05,0.009182347667479,-0.0031645569620252,0.0012674271229404,-0.0118824265165727,0.0134701731879409,0.0,0.0091268407518506,0.0207011137815367,0.0,0.0078061973307549,0.0,59.66622613552925,0.0063327103306933,0.0,0.0048754661945954,0.1021934707398326,1,tp,1778792400000,1778796000000,2
1778792400000|XLM/USDT:USDT|xlm_trend_discovery|long,2026-05-14 21:00:00+00:00,XLM/USDT:USDT,XLM,long,xlm_trend_discovery,56.05381443513804,0.0093913891938042,0.0276863032077083,0.0372606415416512,0.010616557398113,0.0290040085104477,0.0047871691669714,-0.0043715846994537,-0.0003657644476957,0.0347046945986873,0.0,0.0181942903841534,0.0119654203159687,0.0,0.0092757939069386,0.0,59.66622613552925,0.0063327103306933,0.0,0.0048754661945954,-0.3136224538944177,0,sl,1778792400000,1778806800000,5
1778792400000|ONDO/USDT:USDT|ondo_trend_discovery|long,2026-05-14 21:00:00+00:00,ONDO/USDT:USDT,ONDO,long,ondo_trend_discovery,47.747119483698846,0.0160020320040639,0.0546101092202184,0.0520701041402083,0.0064570767795055,0.0306873353740006,-0.001270002540005,0.0089697590978985,-0.0137775551102204,0.0300889586603871,0.0,0.024074805725474,0.0193536999499568,0.0,0.0157492711392477,0.0,59.66622613552925,0.0063327103306933,0.0,0.0048754661945954,0.0818865085838107,1,tp,1778792400000,1778796000000,2
1778796000000|ENA/USDT:USDT|ena_trend_discovery|long,2026-05-14 22:00:00+00:00,ENA/USDT:USDT,ENA,long,ena_trend_discovery,59.63382020129038,0.0093027084876923,0.034494113772948,0.0534288301638264,0.0111679530230229,0.0377062767700967,0.0094673581954391,-0.0015617294098307,-0.0200080677692618,0.0437360371197799,0.0,0.0262452183811145,0.0155091264329218,0.0,0.0117856753326736,0.0,59.05485954604354,0.0060891639767507,0.0,0.0047468277607777,-0.7157245663945594,0,sl,1778796000000,1778821200000,8
1778799600000|BNB/USDT:USDT|bnb_trend|long,2026-05-14 23:00:00+00:00,BNB/USDT:USDT,BNB,long,bnb_trend,62.76985961394927,0.0055689787259119,0.0142023690258706,0.0193588308091225,0.0018067974415335,0.011082508591612,0.0025782308916259,-0.0034941421734151,-0.0028646560209194,0.0113236784075332,0.0,0.0092589820450084,0.0067884643286741,0.0,0.0042264660499846,0.0,57.14074436678573,0.0060422512368518,0.0,0.0047998728976589,-0.0704633838510679,0,sl,1778799600000,1778817600000,6
1778799600000|SOL/USDT:USDT|sol_trend_discovery|long,2026-05-14 23:00:00+00:00,SOL/USDT:USDT,SOL,long,sol_trend_discovery,52.50430048159757,0.0058625556399957,0.016610574313321,0.0258386711540548,0.0011874440448525,0.0148311776433656,0.0046140484203669,-0.005291576673866,-0.007969843834141,0.0168911459483329,0.0,0.0136275516434682,0.008797461549356,0.0,0.0060722001091709,0.0,57.14074436678573,0.0060422512368518,0.0,0.0047998728976589,-0.0437043054580821,0,sl,1778799600000,1778806800000,3
1778799600000|SUI/USDT:USDT|sui_trend_discovery|short,2026-05-14 23:00:00+00:00,SUI/USDT:USDT,SUI,short,sui_trend_discovery,33.831627626841275,0.0068210526315789,0.0368,0.0021052631578946,-0.0122576857833837,-0.0162962116325985,-0.0173473684210525,-0.0051939348244952,-0.014359229747676,-0.0020169762164887,0.0,-0.0040886431522555,0.0136278244744738,0.0,0.0073217053528436,0.0,57.14074436678573,0.0060422512368518,0.0,0.0047998728976589,0.6431517471116853,1,tp,1778799600000,1778821200000,6
1778803200000|AVAX/USDT:USDT|avax_trend|long,2026-05-15 00:00:00+00:00,AVAX/USDT:USDT,AVAX,long,avax_trend,44.72890431797377,0.0070415451161855,0.01931395231868,0.0316869530228348,0.0041631960832225,0.0189701878033164,0.0061865003520773,0.0040399959600041,-0.0043068910256409,0.0183364064740831,0.0,0.0147456028839228,0.0100177660254268,0.0,0.0077341649883044,0.0,55.79844622540061,0.0061121910373609,0.0,0.0047668986119619,-0.6463879860937891,0,sl,1778803200000,1778806800000,2
1778803200000|BCH/USDT:USDT|bch_trend|long,2026-05-15 00:00:00+00:00,BCH/USDT:USDT,BCH,long,bch_trend,39.37877982472355,0.0061367955851709,0.0041904238510683,0.0126857640081517,0.0027900417084802,0.0070075231117498,0.0042476700785417,0.0047856797736005,-0.0026491881151941,0.0073351325167807,0.0,0.0042057471931852,0.004942626039466,0.0,0.0027456983190518,0.0,55.79844622540061,0.0061121910373609,0.0,0.0047668986119619,0.0208924082587213,1,tp,1778803200000,1778806800000,2
1778803200000|DOGE/USDT:USDT|doge_trend_loose|long,2026-05-15 00:00:00+00:00,DOGE/USDT:USDT,DOGE,long,doge_trend_loose,52.27370370630441,0.0144020574367766,0.0166309472781825,0.0412344620660095,0.0119728205416032,0.0258749664658422,0.0123017573939134,0.0108318890814558,0.0058635854100197,0.0121475054229935,0.0,0.0137376672990077,0.0139453511854913,0.0,0.0095421225435123,0.0,55.79844622540061,0.0061121910373609,0.0,0.0047668986119619,0.0735273853755709,1,tp,1778803200000,1778814000000,4
1778803200000|ONDO/USDT:USDT|ondo_trend_discovery|long,2026-05-15 00:00:00+00:00,ONDO/USDT:USDT,ONDO,long,ondo_trend_discovery,39.96171016080467,0.014070094653364,0.0621642363775901,0.0452801227935534,0.0002773456099789,0.0227484151816876,-0.0084420567920183,0.0072146354032467,0.0017939518195797,0.0064366632337795,0.0,0.02246483904722,0.0182429750397012,0.0,0.014896890143081,0.0,55.79844622540061,0.0061121910373609,0.0,0.0047668986119619,0.0505258809924646,1,tp,1778803200000,1778806800000,2
1778803200000|RENDER/USDT:USDT|render_trend_discovery|long,2026-05-15 00:00:00+00:00,RENDER/USDT:USDT,RENDER,long,render_trend_discovery,48.97167252549197,0.0150649350649351,0.0119480519480519,0.0488311688311688,0.0133252944827472,0.0295979663425488,0.0184415584415584,0.0142255005268705,0.0062728698379508,0.0223048327137547,0.0,0.0160586851511568,0.0118838194733155,0.0,0.0092500096664752,0.0,55.79844622540061,0.0061121910373609,0.0,0.0047668986119619,-0.0287019135308054,0,sl,1778803200000,1778817600000,6
1778810400000|AVAX/USDT:USDT|avax_trend|long,2026-05-15 02:00:00+00:00,AVAX/USDT:USDT,AVAX,long,avax_trend,39.37333635234563,0.0109956622616765,0.0221930797942095,0.0289518813679008,0.00147588605133,0.0158214200993235,0.0033794007868455,0.0044584051069005,-0.0063151563753007,-0.0123542891302182,0.0189125295508274,0.0143243928763535,0.0100832021433058,0.2996991406233575,0.0076191649765932,0.0076191649765932,51.86763334795028,0.0062417928351279,0.024366877182367,0.004713881829343,0.6222964456178077,1,tp,1778810400000,1778814000000,2
1778810400000|BCH/USDT:USDT|bch_trend|long,2026-05-15 02:00:00+00:00,BCH/USDT:USDT,BCH,long,bch_trend,36.924984379194704,0.0064603330966071,0.0046505234702527,0.0122333967148518,0.0021906102458857,0.0064485740343908,0.0037914366222995,0.0032867518617265,-0.001029842548517,0.0019050679397722,0.0072920272297218,0.0042486566377433,0.0050655211254772,-0.2931484004037606,0.002825060782777,0.002825060782777,51.86763334795028,0.0062417928351279,0.024366877182367,0.004713881829343,-0.0411543792597004,0,sl,1778810400000,1778814000000,2
1778810400000|SOL/USDT:USDT|sol_trend_discovery|long,2026-05-15 02:00:00+00:00,SOL/USDT:USDT,SOL,long,sol_trend_discovery,43.72899723392169,0.0108330625067706,0.0144079731340049,0.0279493012674682,0.0030268298715944,0.0165858390744505,0.0067706640667316,0.0067619151488711,-0.0031317494600431,0.0008673967255774,0.0197746354396819,0.0135180922374647,0.008828725652592,-0.4730344492584545,0.0060488241962322,0.0060488241962322,51.86763334795028,0.0062417928351279,0.024366877182367,0.004713881829343,0.0241090828816538,1,tp,1778810400000,1778814000000,2
1778810400000|ONDO/USDT:USDT|ondo_trend_discovery|long,2026-05-15 02:00:00+00:00,ONDO/USDT:USDT,ONDO,long,ondo_trend_discovery,35.796568786423855,0.0163057324840764,0.0578343949044585,0.049171974522293,0.0041509415839059,0.0264559764979923,-0.0043312101910827,0.0066683765067965,0.0064102564102563,-0.0477923338185346,0.0323513940031563,0.0222128307512249,0.0176585108718347,0.3317043623185154,0.0143006491907931,0.0143006491907931,51.86763334795028,0.0062417928351279,0.024366877182367,0.004713881829343,-0.0394638173928137,0,sl,1778810400000,1778814000000,2
1778824800000|BNB/USDT:USDT|bnb_trend|long,2026-05-15 06:00:00+00:00,BNB/USDT:USDT,BNB,long,bnb_trend,49.89252884505108,0.0116314796119914,0.0071837188547015,0.0219608187391183,0.0064849007081823,0.0171664819394671,0.0073885499422083,0.0101683392205258,0.0049550079397753,0.0006588193956431,0.0194952417887295,0.0106127585458748,0.0074382724389562,-0.5673390423437465,0.0047921773586411,0.0046437308178026,41.42381104142504,0.0060726053456224,0.0096791137487042,0.0047650999257698,4.418993064566064,1,tp,1778824800000,1778828400000,1
1778824800000|SUI/USDT:USDT|sui_trend_discovery|short,2026-05-15 06:00:00+00:00,SUI/USDT:USDT,SUI,short,sui_trend_discovery,33.079763316851135,0.0100502512562814,0.0667128747184198,0.0077976087333216,-0.0269604764165002,-0.0420524288084625,-0.0294576329925491,0.0036521739130435,-0.0278783795165502,-0.0523031447573693,-0.0381666666666666,-0.0155101124118595,0.0144117524974789,0.9472684355608958,0.0074054458635893,0.0073517650963805,41.42381104142504,0.0060726053456224,0.0096791137487042,0.0047650999257698,4.763329805784034,1,tp,1778824800000,1778850000000,7
1778828400000|BTC/USDT:USDT|btc_trend_loose|long,2026-05-15 07:00:00+00:00,BTC/USDT:USDT,BTC,long,btc_trend_loose,38.826924629138574,0.0055977262486568,0.0150551850146317,0.0197418262303361,0.0002582303549741,0.0142388215518642,0.0023433206078522,0.0029922350878675,-0.0029608986123641,-0.007261559938899,0.0135872190554819,0.0139769819158884,0.0060218629884603,-0.1583914757045385,0.0047850223726082,0.0045789167428054,38.826924629138574,0.0060218629884603,0.0135872190554819,0.0047850223726082,-0.4633296222619967,0,sl,1778828400000,1778832000000,2
1778828400000|NEAR/USDT:USDT|near_trend_discovery|long,2026-05-15 07:00:00+00:00,NEAR/USDT:USDT,NEAR,long,near_trend_discovery,29.21964027300138,0.020912547528517,0.0348542458808618,0.0253485424588086,0.0039333542818628,0.0077550042791829,-0.0047528517110266,0.0102432778489116,0.0025412960609911,-0.0012658227848101,0.0025412960609911,0.0038066769880893,0.0169751281922943,-1.147622268066255,0.0082363324224551,0.0078792731098244,38.826924629138574,0.0060218629884603,0.0135872190554819,0.0047850223726082,-0.1585195908272344,0,sl,1778828400000,1778832000000,2
1778832000000|BNB/USDT:USDT|bnb_trend|long,2026-05-15 08:00:00+00:00,BNB/USDT:USDT,BNB,long,bnb_trend,48.33277817763758,0.0065862330244216,0.0050125313283208,0.0239843795535348,0.0088351785395499,0.0209086845821709,0.009485924112607,0.002058784878882,0.0111684101959628,0.0076201383077125,0.0190965519289596,0.0119677686697041,0.0076321219231639,-0.3173593514335048,0.0046731506526444,0.0044933249660804,36.14792052540714,0.0059797864031848,0.0103977597497015,0.0048169064655632,-3.718140079872352,0,sl,1778832000000,1778850000000,5
1778832000000|DOGE/USDT:USDT|doge_trend_loose|long,2026-05-15 08:00:00+00:00,DOGE/USDT:USDT,DOGE,long,doge_trend_loose,35.78003320668137,0.0144047205831309,0.0290697674418605,0.0228219368274904,0.0010790679179757,0.012533854512434,-0.0031239153071851,0.0037453183520599,0.0084886671917387,-0.0062947313960507,0.0173022598870056,0.0114424394251712,0.0137863086244519,-0.8134826422339398,0.0090198414682608,0.0091139925200306,36.14792052540714,0.0059797864031848,0.0103977597497015,0.0048169064655632,-0.3264628401944034,0,sl,1778832000000,1778835600000,2
1778835600000|INJ/USDT:USDT|inj_trend_discovery|long,2026-05-15 09:00:00+00:00,INJ/USDT:USDT,INJ,long,inj_trend_discovery,43.48206481074255,0.0222699746044149,0.0412189880836101,0.0367259230318421,0.0042718714893592,0.0256477315210051,-0.0022465325258839,0.0187064676616914,0.0326810570909823,-0.0115852481173972,0.0049077345897132,0.0212849335309421,0.027022465063626,-1.2679118131895482,0.0142341573443155,0.0182756011164156,33.798546273403495,0.0058431379726092,0.0107406379051924,0.004809076514597,-0.4112417957249447,0,sl,1778835600000,1778846400000,5
1778839200000|DOGE/USDT:USDT|doge_trend_loose|long,2026-05-15 10:00:00+00:00,DOGE/USDT:USDT,DOGE,long,doge_trend_loose,32.063483110938705,0.0111940298507462,0.0290697674418605,0.0228219368274904,0.0015802437524506,0.0123640892545054,-0.0031239153071851,0.0081357711486309,0.0061114021302601,-0.0095401804899011,0.014258053159655,0.0107668312841842,0.0135443192553796,-1.1723421843935629,0.0093123388264184,0.0090531492416388,31.45136852700205,0.005734493818027,0.0143354708914875,0.0048229101347548,-1.4762865832927716,0,sl,1778839200000,1778850000000,5
1778839200000|RENDER/USDT:USDT|render_trend_discovery|long,2026-05-15 10:00:00+00:00,RENDER/USDT:USDT,RENDER,long,render_trend_discovery,31.277898808602227,0.0137058513442277,0.0268845545598312,0.0237216657880864,0.0021322509137477,0.0135190229438572,-0.0015814443858723,0.0095795635976583,0.0085061137692716,-0.003152916447714,0.0160685591858595,0.0113625442347824,0.011861810086244,0.0861345092384712,0.0094044843520477,0.008932725646361,31.45136852700205,0.005734493818027,0.0143354708914875,0.0048229101347548,-0.6798826109540795,0,sl,1778839200000,1778850000000,3
1778850000000|BCH/USDT:USDT|bch_trend|short,2026-05-15 13:00:00+00:00,BCH/USDT:USDT,BCH,short,bch_trend,37.79976967697827,0.0175446859618962,0.0327579304335539,0.0032969879659938,-0.0188183237576287,-0.0205517732508518,-0.0147304712337799,-0.0139101760252658,-0.0153278916612559,-0.0240185712972326,-0.0193302540415704,-0.0017666957457478,0.0061079222940592,2.341139139487997,0.0044494806956735,0.0038633320236268,29.58735973006577,0.006658377147989,-0.0117134001749916,0.0062523086395265,2.775780727819985,1,tp,1778850000000,1778853600000,1
1778850000000|NEAR/USDT:USDT|near_trend_discovery|short,2026-05-15 13:00:00+00:00,NEAR/USDT:USDT,NEAR,short,near_trend_discovery,25.60322706016698,0.0223537146614069,0.0736357659434583,0.0085470085470084,-0.0242256134530424,-0.0278583029739129,-0.0325443786982249,-0.0142579390797148,-0.0136186770428016,-0.025624599615631,-0.0293554562858966,-0.0037228785372464,0.0170300233087861,-0.9459221567371454,0.0093035345038089,0.0084485813382036,29.58735973006577,0.006658377147989,-0.0117134001749916,0.0062523086395265,-0.2908373890048492,0,sl,1778850000000,1778860800000,4
1778853600000|AAVE/USDT:USDT|aave_trend|short,2026-05-15 14:00:00+00:00,AAVE/USDT:USDT,AAVE,short,aave_trend,41.182185122306414,0.0176640616636333,0.0839310566320522,0.0131677550583448,-0.0314882301242733,-0.0357188521659394,-0.0353816507868537,0.0071159029649594,-0.0307149527861368,-0.0490685126743357,-0.0573216268039157,-0.0043681679182989,0.0128219067451277,0.6175941577097128,0.0095030952641477,0.0097176512963055,31.113420710693106,0.006797843145788,-0.0223515528948033,0.0053368376716001,-0.6795268198256645,0,sl,1778853600000,1778882400000,9
1778853600000|SUI/USDT:USDT|sui_trend_discovery|short,2026-05-15 14:00:00+00:00,SUI/USDT:USDT,SUI,short,sui_trend_discovery,45.66069301989658,0.0178505704821495,0.1328671328671329,0.0014722119985278,-0.0554568340091609,-0.0934294908864921,-0.0656974604343024,-0.0079415791875855,-0.0433098591549294,-0.0846458350880148,-0.1085226806660651,-0.0402021402986885,0.0151772885272713,1.418399870895339,0.0070926876058933,0.0078423912612916,31.113420710693106,0.006797843145788,-0.0223515528948033,0.0053368376716001,-0.1314994107698807,0,sl,1778853600000,1778878800000,9
1778857200000|BCH/USDT:USDT|bch_trend|short,2026-05-15 15:00:00+00:00,BCH/USDT:USDT,BCH,short,bch_trend,40.86616094511077,0.0051803711029482,0.032636337948573,0.0034143354996703,-0.0155587893501707,-0.0200621571289776,-0.0146110012244513,-0.0023491824844954,-0.0160789583429868,-0.0245314222712238,-0.0241055219799158,-0.0045745421159626,0.0060966623415585,1.9642252855624256,0.0042653349765679,0.0038000365380326,32.48841713063319,0.0066353354385748,-0.026186065689792,0.0052414966471345,-0.0979071799263843,0,sl,1778857200000,1778871600000,7
1778857200000|ONDO/USDT:USDT|ondo_trend_discovery|short,2026-05-15 15:00:00+00:00,ONDO/USDT:USDT,ONDO,short,ondo_trend_discovery,31.447862745548697,0.0257332595462092,0.1203652462645268,0.0052573325954621,-0.0462164387081622,-0.0531354492831794,-0.0575539568345323,-0.0157952069716775,-0.0511945392491468,-0.0702341137123745,-0.102780536246276,-0.007254277443874,0.018898907757245,0.8728846859688146,0.009686812252602,0.0137324514847808,32.48841713063319,0.0066353354385748,-0.026186065689792,0.0052414966471345,-0.0876877311038295,0,sl,1778857200000,1778871600000,5
1778857200000|TON/USDT:USDT|ton_trend_discovery|short,2026-05-15 15:00:00+00:00,TON/USDT:USDT,TON,short,ton_trend_discovery,29.297907659436305,0.0191541912394777,0.096224608095166,0.0092746610212208,-0.0414733584751384,-0.0479342270906053,-0.0434749735369726,-0.0081987701844724,-0.0507655502392343,-0.0554206541922581,-0.0706422448119173,-0.0067404163176817,0.0194901595845995,0.736988650567274,0.0099481562211807,0.0121822031232746,32.48841713063319,0.0066353354385748,-0.026186065689792,0.0052414966471345,0.1049784173704331,1,tp,1778857200000,1778871600000,5
1778860800000|ETH/USDT:USDT|eth_trend|short,2026-05-15 16:00:00+00:00,ETH/USDT:USDT,ETH,short,eth_trend,37.687794674289606,0.0058551326848616,0.0426813089954084,0.0090570178397168,-0.0119782223029594,-0.0139459974580913,-0.0168121455778457,0.0008011125563143,-0.0144222885078205,-0.0169493773292132,-0.0395008509204626,-0.001991631358287,0.0076105679913056,-0.2924574825588524,0.0051689203451808,0.0057179238750672,33.67360109295138,0.0063887816932912,-0.0314592133608181,0.0049727811885409,-0.0908029188376056,0,sl,1778860800000,1778864400000,2
1778860800000|AVAX/USDT:USDT|avax_trend|short,2026-05-15 16:00:00+00:00,AVAX/USDT:USDT,AVAX,short,avax_trend,36.15548892011006,0.0116120933152004,0.0600481221885134,0.0165289256198346,-0.0160848735223075,-0.019619428618755,-0.0217595982843393,0.0085461067735808,-0.0212962014948295,-0.0250892401835798,-0.0484770057734421,-0.003592337388999,0.0108369544838952,1.1710185190549751,0.0084669349764139,0.0087172182209686,33.67360109295138,0.0063887816932912,-0.0314592133608181,0.0049727811885409,-0.8103932775330733,0,sl,1778860800000,1778868000000,2
1778860800000|ENA/USDT:USDT|ena_trend_discovery|short,2026-05-15 16:00:00+00:00,ENA/USDT:USDT,ENA,short,ena_trend_discovery,36.60853656472949,0.0174906300196323,0.121363555238265,0.020524718900589,-0.0386864478090059,-0.0431394752087328,-0.050419418168838,0.0140258800108588,-0.0403357026633552,-0.0624163319946452,-0.0996304033424393,-0.0046322320012838,0.018150391927489,1.5297236548908668,0.0126592547004092,0.0133614613403961,33.67360109295138,0.0063887816932912,-0.0314592133608181,0.0049727811885409,-0.0358816002945715,0,sl,1778860800000,1778882400000,7
1778860800000|XLM/USDT:USDT|xlm_trend_discovery|short,2026-05-15 16:00:00+00:00,XLM/USDT:USDT,XLM,short,xlm_trend_discovery,35.918171354050294,0.0124123737860956,0.0837996012605313,0.0131841275966299,-0.0194441812408039,-0.0240604593897687,-0.0353077368319507,0.0054316197866148,-0.0204120204120205,-0.0287338372165658,-0.0501527183872939,-0.004707817811745,0.0114414532174965,0.87257966583874,0.0090965870494811,0.0088720752246495,33.67360109295138,0.0063887816932912,-0.0314592133608181,0.0049727811885409,-0.0268275178313767,0,sl,1778860800000,1778871600000,5
1778871600000|SOL/USDT:USDT|sol_trend_discovery|short,2026-05-15 19:00:00+00:00,SOL/USDT:USDT,SOL,short,sol_trend_discovery,37.292875715188806,0.0051477170993734,0.0401745747538048,0.0099597135183527,-0.0116777562748112,-0.0151872143677719,-0.0151074306177261,-0.0044563279857398,0.0040449438202248,-0.0240279598077763,-0.0375875067312869,-0.0035509249288296,0.0086420458275883,-0.7662690242208291,0.0058597290209241,0.00625873837824,35.39703148517919,0.005903256814907,-0.0278898464737378,0.005017594894357,0.3595966924667064,1,time_stop,1778871600000,1778893200000,11
1778871600000|ADA/USDT:USDT|ada_trend_discovery|short,2026-05-15 19:00:00+00:00,ADA/USDT:USDT,ADA,short,ada_trend_discovery,34.31436302237441,0.0057515337423312,0.0517638036809816,0.0161042944785275,-0.0128603836429117,-0.0168286930313377,-0.0178297546012269,-0.0045801526717558,0.0108527131782945,-0.0275913497390007,-0.0474799123447772,-0.0040200082365962,0.0104490226983142,0.6219478901914944,0.0075436375358852,0.0082356642536281,35.39703148517919,0.005903256814907,-0.0278898464737378,0.005017594894357,0.1176198845141712,1,tp,1778871600000,1778882400000,5
1778875200000|LINK/USDT:USDT|link_trend|short,2026-05-15 20:00:00+00:00,LINK/USDT:USDT,LINK,short,link_trend,36.08007860422551,0.0050791753809381,0.0564684792351359,0.0086644756498356,-0.0151410100478135,-0.0179968179969281,-0.0239020017926501,-0.0015909316893706,-0.0037702152991367,-0.0274118558698178,-0.0522888154789995,-0.0028997125256005,0.0095372939674545,-1.418883734685508,0.0068911716572782,0.0077008959479482,36.04288936414026,0.0056909401511242,-0.0281522245394293,0.0050152222068812,0.1261435646920017,1,tp,1778875200000,1778878800000,2
1778875200000|ETH/USDT:USDT|eth_trend|short,2026-05-15 20:00:00+00:00,ETH/USDT:USDT,ETH,short,eth_trend,39.20222366725035,0.0042407062736313,0.0367828316741552,0.0069491701104564,-0.010170413779805,-0.0155077658647552,-0.0149168307818494,-0.001502940633845,-0.0021225980240052,-0.016566578766592,-0.0340629108226464,-0.0053921929181078,0.0066302309817282,-2.056322407106244,0.0051440693934693,0.0054554586857161,36.04288936414026,0.0056909401511242,-0.0281522245394293,0.0050152222068812,0.061661597029103,1,tp,1778875200000,1778878800000,2
1778875200000|XLM/USDT:USDT|xlm_trend_discovery|short,2026-05-15 20:00:00+00:00,XLM/USDT:USDT,XLM,short,xlm_trend_discovery,37.0679674504689,0.0056394632786673,0.0692292733519156,0.0053801776106825,-0.019510810661849,-0.0306604695174659,-0.0319245478706165,-0.0006477942605429,-0.0078461637404334,-0.0310890591634217,-0.0633272616879175,-0.0113715265572108,0.0100693869275695,0.037725581073502,0.0072413007918368,0.0084777950195174,36.04288936414026,0.0056909401511242,-0.0281522245394293,0.0050152222068812,0.0259627639237632,1,tp,1778875200000,1778878800000,2
1778875200000|ONDO/USDT:USDT|ondo_trend_discovery|short,2026-05-15 20:00:00+00:00,ONDO/USDT:USDT,ONDO,short,ondo_trend_discovery,33.48302304234699,0.0112606426805822,0.085141444658061,0.0140071408953584,-0.0271831824928,-0.0442968562394649,-0.0355671518813513,-0.0089820359281437,-0.0024657534246576,-0.0365175972479492,-0.066888774987186,-0.0175918769481369,0.0170770323598026,-0.0573045930383827,0.0106594072467959,0.0132741442031214,36.04288936414026,0.0056909401511242,-0.0281522245394293,0.0050152222068812,0.2130345386159265,1,time_stop,1778875200000,1778900400000,12
1778875200000|TON/USDT:USDT|ton_trend_discovery|short,2026-05-15 20:00:00+00:00,TON/USDT:USDT,TON,short,ton_trend_discovery,32.46170092644494,0.0086693548387096,0.0885080645161291,0.0093245967741935,-0.0267296630391947,-0.0458131005525208,-0.0395917338709676,-0.0016605444573039,-0.0056633087756227,-0.0482130007195968,-0.0776383077638307,-0.0196075404629275,0.0164178735562049,-1.7345559739939311,0.0090544408908121,0.0114739966870011,36.04288936414026,0.0056909401511242,-0.0281522245394293,0.0050152222068812,0.0122266064051875,1,sl,1778875200000,1778889600000,6
1778878800000|BCH/USDT:USDT|bch_trend|short,2026-05-15 21:00:00+00:00,BCH/USDT:USDT,BCH,short,bch_trend,41.56598832953481,0.0041000023563232,0.0314569146304107,0.0027333349042153,-0.0101847112677909,-0.0197202544196019,-0.0143617898630976,-0.0011532668047449,-0.005460254968129,-0.0158844263055375,-0.0300543950267404,-0.0096336591891043,0.0053838694437659,0.0768318581503932,0.0043016843194164,0.0036577669905459,36.79270662461457,0.0055717490068722,-0.0297558757006588,0.0050131918573162,-0.1173013116331442,0,sl,1778878800000,1778882400000,2
1778878800000|RENDER/USDT:USDT|render_trend_discovery|short,2026-05-15 21:00:00+00:00,RENDER/USDT:USDT,RENDER,short,render_trend_discovery,26.544015620249017,0.0327780763030628,0.0386888769478775,0.0376141859215475,-0.0008554933072755,-0.0044318682042894,-0.000537345513165,0.0130647795318454,0.0032345013477088,-0.0095795635976583,-0.0261643118785975,-0.0035794370814809,0.0142768639825145,1.6590393668319618,0.0122506207597402,0.0110163838842756,36.79270662461457,0.0055717490068722,-0.0297558757006588,0.0050131918573162,-0.7438462783128796,0,sl,1778878800000,1778882400000,1
1778886000000|INJ/USDT:USDT|inj_trend_discovery|short,2026-05-15 23:00:00+00:00,INJ/USDT:USDT,INJ,short,inj_trend_discovery,22.62189272936432,0.012899262899263,0.083128583128583,0.035012285012285,-0.0127433922203355,-0.0193583829382279,-0.0240581490581489,0.000204792135982,-0.0075187969924811,-0.0387718952962015,-0.0523864959254947,-0.0067003762403469,0.0232709748999731,-1.3805643667448588,0.0163913079259346,0.0177536054670417,38.03038299014191,0.0050390496600999,-0.0243667711714778,0.0049882824583465,-1.256341885809469,0,sl,1778886000000,1778889600000,2
1778889600000|LINK/USDT:USDT|link_trend|short,2026-05-16 00:00:00+00:00,LINK/USDT:USDT,LINK,short,link_trend,36.026646079553075,0.0039706174310106,0.0466547548143737,0.0119118522930314,-0.0076202292226979,-0.0141480386767564,-0.0173714512606711,0.000993640699523,0.0032865252464893,-0.017649926864944,-0.0428503562945368,-0.0065779348252387,0.0080634192823219,-2.6489247539329286,0.0068615085938632,0.0073841088162524,38.20946678073924,0.0048307763770146,-0.0293744714227671,0.0048179675550581,-0.5552485062856772,0,sl,1778889600000,1778893200000,2
1778889600000|ADA/USDT:USDT|ada_trend_discovery|short,2026-05-16 00:00:00+00:00,ADA/USDT:USDT,ADA,short,ada_trend_discovery,31.974466039057795,0.0049694189602445,0.0424311926605504,0.0191131498470948,-0.0053440003838862,-0.013061772092349,-0.0116590214067278,0.0011481056257176,0.0034522439585731,-0.013202565069785,-0.0385887541345093,-0.0077592370743669,0.0085181101900689,-0.5190341468939901,0.0073425779103919,0.0077833890956927,38.20946678073924,0.0048307763770146,-0.0293744714227671,0.0048179675550581,-0.0725872367685183,0,sl,1778889600000,1778896800000,3
1778889600000|SUI/USDT:USDT|sui_trend_discovery|short,2026-05-16 00:00:00+00:00,SUI/USDT:USDT,SUI,short,sui_trend_discovery,51.92655835129507,0.018798716185236,0.0991288399816598,0.0091701054562127,-0.0231166077757969,-0.0829093226477514,-0.0449793672627235,-0.0075536949399344,-0.003563596491228,-0.0305804960440927,-0.0867599028557071,-0.0612076275918831,0.0127707683210152,-0.5410040566637626,0.0074008789331537,0.0074393658374843,38.20946678073924,0.0048307763770146,-0.0293744714227671,0.0048179675550581,0.1052445349783203,1,tp,1778889600000,1778896800000,3
1778889600000|ENA/USDT:USDT|ena_trend_discovery|short,2026-05-16 00:00:00+00:00,ENA/USDT:USDT,ENA,short,ena_trend_discovery,39.78304150603592,0.0072072072072072,0.1008108108108107,0.0111711711711712,-0.0233303922901674,-0.0486138348290094,-0.0448198198198197,0.0009919740283164,-0.0009000900090009,-0.0494133767234734,-0.0900147565174619,-0.0258874058732395,0.0135765180152106,-0.3709940255325188,0.0123472964263884,0.0121933810805488,38.20946678073924,0.0048307763770146,-0.0293744714227671,0.0048179675550581,-0.086931062794328,0,sl,1778889600000,1778896800000,3
1778889600000|XLM/USDT:USDT|xlm_trend_discovery|short,2026-05-16 00:00:00+00:00,XLM/USDT:USDT,XLM,short,xlm_trend_discovery,37.53879679053552,0.0076739536983297,0.0544270329528598,0.0105113819565358,-0.0087172017420666,-0.0245309669695336,-0.0219578254981618,0.0034295328070401,0.0051857133596941,-0.023058023058023,-0.0496997181027085,-0.0159528292584697,0.0086687065250064,-0.7938637115394437,0.0071444797013924,0.0081254177814868,38.20946678073924,0.0048307763770146,-0.0293744714227671,0.0048179675550581,-0.0639402106530931,0,sl,1778889600000,1778893200000,2
1778893200000|TON/USDT:USDT|ton_trend_discovery|short,2026-05-16 01:00:00+00:00,TON/USDT:USDT,TON,short,ton_trend_discovery,35.3951884141129,0.0096860895582939,0.0750038034383083,0.0146052031036056,-0.0182708431758883,-0.0490032927821665,-0.0301993001673512,-0.0030335204004247,0.0101946721311476,-0.0137541262378714,-0.0622057354829505,-0.0313044075269165,0.0153126217981201,-2.121207517585429,0.0100131207808649,0.0112626743435626,38.507533202850645,0.0046501712189822,-0.0242144425905853,0.0047768782519072,0.9540130822190876,1,tp,1778893200000,1778907600000,4
1778896800000|RENDER/USDT:USDT|render_trend_discovery|long,2026-05-16 02:00:00+00:00,RENDER/USDT:USDT,RENDER,long,render_trend_discovery,23.5935814178108,0.0078410872974385,0.0036591740721379,0.0637741766858338,0.0204604906204716,0.0228008494259911,0.0300575013068479,0.0073723012111637,0.02518756698821,0.0545755237045204,-0.0020865936358893,0.0022934340202592,0.0126197258971959,0.2052820186423661,0.0120461300313701,0.0105863915650355,38.66326030290765,0.0044427753195222,-0.0264342497108119,0.0047349345410718,-3.2885448220144715,0,sl,1778896800000,1778904000000,2
1778900400000|ENA/USDT:USDT|ena_trend_discovery|short,2026-05-16 03:00:00+00:00,ENA/USDT:USDT,ENA,short,ena_trend_discovery,39.48008237712645,0.0097740315638449,0.086890243902439,0.0157819225251075,-0.0132947797415245,-0.042833706812154,-0.0355541606886658,0.0047752049734208,0.0056813057985389,0.0091394443941723,-0.0793362503095848,-0.0299369319875408,0.0125991752934254,-0.747008452989116,0.0121127882323375,0.0118384935418916,38.86387505819736,0.0042521937069429,-0.0244499381037659,0.0047187420113485,7.788500061390965,1,tp,1778900400000,1778911200000,3
1778904000000|LINK/USDT:USDT|link_trend|short,2026-05-16 04:00:00+00:00,LINK/USDT:USDT,LINK,short,link_trend,36.60503808213119,0.0125987401259873,0.038996100389961,0.0065993400659932,-0.0115084201677911,-0.0206629536125209,-0.0161983801619838,-0.0058648111332009,-0.0072463768115942,-0.0077388629824388,-0.0311924828053861,-0.0092611142386095,0.0077374325529885,-2.1517362174411923,0.006568734948535,0.0071224081668724,39.52237775946623,0.0042089637828103,-0.0208509435786332,0.0046703565276326,4.499589912264305,1,tp,1778904000000,1778911200000,2
1778904000000|SOL/USDT:USDT|sol_trend_discovery|short,2026-05-16 04:00:00+00:00,SOL/USDT:USDT,SOL,short,sol_trend_discovery,39.17251701965228,0.0108083764917812,0.0323125422202207,0.0083314568790812,-0.0091577487363567,-0.019645159530416,-0.0119905426705696,-0.0021345916189193,-0.0041484471353291,-0.0072650050296189,-0.0264167488764661,-0.010584339515886,0.006898889233201,-2.2737791751983862,0.0052331583476609,0.0056998910140299,39.52237775946623,0.0042089637828103,-0.0208509435786332,0.0046703565276326,0.3649024865952354,1,tp,1778904000000,1778911200000,2
1778904000000|ADA/USDT:USDT|ada_trend_discovery|short,2026-05-16 04:00:00+00:00,ADA/USDT:USDT,ADA,short,ada_trend_discovery,31.125379360833577,0.0104206869934387,0.0378232342724815,0.0096487842531841,-0.0120428454059333,-0.0218824863729266,-0.0140872250096487,-0.00727969348659,-0.0095565749235474,-0.0061373225930188,-0.0321255136346656,-0.0099595826815346,0.0080565289887341,-0.7526827619861113,0.0072217552080252,0.0075313362921956,39.52237775946623,0.0042089637828103,-0.0208509435786332,0.0046703565276326,0.4097857566381144,1,tp,1778904000000,1778911200000,2
1778904000000|SUI/USDT:USDT|sui_trend_discovery|short,2026-05-16 04:00:00+00:00,SUI/USDT:USDT,SUI,short,sui_trend_discovery,54.004128776655854,0.0114921393766663,0.0756642456559713,0.0066194722809597,-0.0185659372944065,-0.082332898942258,-0.0345223866875057,-0.0045758213599341,-0.0025676295277397,-0.0112717025724935,-0.0671526586620926,-0.0649732509508181,0.0117971482041947,-1.2126225377529911,0.0072934380562771,0.007193208730006,39.52237775946623,0.0042089637828103,-0.0208509435786332,0.0046703565276326,0.6312003545342302,1,tp,1778904000000,1778911200000,2
1778904000000|XLM/USDT:USDT|xlm_trend_discovery|short,2026-05-16 04:00:00+00:00,XLM/USDT:USDT,XLM,short,xlm_trend_discovery,36.43655718651179,0.0132282027890004,0.0459403101785481,0.0053434119640298,-0.014855089485162,-0.0335906288117096,-0.0202984491072592,-0.007758955127376,-0.0103824079447991,-0.0130555019615408,-0.0414142045099631,-0.0190180542238769,0.0081456239852125,-1.0195831026738478,0.0067866621897288,0.0078550036807546,39.52237775946623,0.0042089637828103,-0.0208509435786332,0.0046703565276326,0.3570974516068499,1,tp,1778904000000,1778911200000,2
1778904000000|ONDO/USDT:USDT|ondo_trend_discovery|short,2026-05-16 04:00:00+00:00,ONDO/USDT:USDT,ONDO,short,ondo_trend_discovery,39.3140072710745,0.0148709315375981,0.07996632996633,0.0050505050505049,-0.0283395014416217,-0.060741740985022,-0.0374579124579125,-0.009449694274597,-0.0160132523467698,-0.0235616438356164,-0.070180015653535,-0.0333472849739949,0.0135201519836481,-1.574557662091287,0.0096617412208793,0.0122268223892674,39.52237775946623,0.0042089637828103,-0.0208509435786332,0.0046703565276326,0.6010976722258526,1,tp,1778904000000,1778911200000,2
1778911200000|BNB/USDT:USDT|bnb_trend|short,2026-05-16 06:00:00+00:00,BNB/USDT:USDT,BNB,short,bnb_trend,32.3195260987176,0.0088697837044211,0.0452268152027487,0.0018466102592821,-0.0155772122073532,-0.0174949999137141,-0.0216901024717333,-0.0060927909495728,-0.0123923702463526,-0.0205621608800071,-0.033387467263603,-0.0019481342063008,0.0066241143365082,-1.3189636979985435,0.0051014894669927,0.0049282571691684,41.58861414354978,0.0043035065666046,-0.023982577990559,0.0046206349610966,0.5839605814968786,1,tp,1778911200000,1778914800000,1
1778911200000|TON/USDT:USDT|ton_trend_discovery|short,2026-05-16 06:00:00+00:00,TON/USDT:USDT,TON,short,ton_trend_discovery,38.28103405558371,0.0257969022572289,0.1179891103240471,0.0058148755088015,-0.0440854298640737,-0.0847399938376509,-0.0560871174076228,-0.0182676838445171,-0.0413034664504359,-0.0500652807070403,-0.0835230851218448,-0.0425294950445166,0.0162402544838289,-1.0778806372672796,0.0104448656708864,0.0111530583164085,41.58861414354978,0.0043035065666046,-0.023982577990559,0.0046206349610966,0.535621254755722,1,tp,1778911200000,1778914800000,1
1778914800000|BTC/USDT:USDT|btc_trend_loose|short,2026-05-16 07:00:00+00:00,BTC/USDT:USDT,BTC,short,btc_trend_loose,43.41835863403542,0.0077858613659662,0.0313872722421722,0.0042625005904183,-0.0109550038761577,-0.0155921617707993,-0.0135623858258769,-0.0035097226568561,-0.0089497062942724,-0.0097327322695885,-0.0303096698802219,-0.0046885206566081,0.0045663208424182,-1.7112439888162276,0.0045666445397933,0.0046295794114647,43.41835863403542,0.0045663208424182,-0.0303096698802219,0.0045666445397933,0.3180213285836157,1,tp,1778914800000,1778922000000,2
1778914800000|LINK/USDT:USDT|link_trend|short,2026-05-16 07:00:00+00:00,LINK/USDT:USDT,LINK,short,link_trend,41.10901200346033,0.0160978094752928,0.0566479877738156,0.0092715231788078,-0.0238584120240769,-0.0379530345747914,-0.0236882322975038,-0.0066794858819958,-0.0243538767395626,-0.0240628418017302,-0.0532458763383815,-0.0144391169522245,0.0088393810393325,-1.0226666733270882,0.0060032904307299,0.0070511777265852,43.41835863403542,0.0045663208424182,-0.0303096698802219,0.0045666445397933,5.044966219846994,1,tp,1778914800000,1778922000000,2
1778914800000|SOL/USDT:USDT|sol_trend_discovery|short,2026-05-16 07:00:00+00:00,SOL/USDT:USDT,SOL,short,sol_trend_discovery,43.832670524764495,0.0155570807595515,0.0479295355753831,0.0091512239762067,-0.0199420523783783,-0.0342691208266221,-0.0193891557995882,-0.0062521314084346,-0.0178631614425346,-0.0217099373321396,-0.04521625163827,-0.0146185931995269,0.0078565053467432,-0.9259965875693827,0.0048528131113758,0.0056610898079807,43.41835863403542,0.0045663208424182,-0.0303096698802219,0.0045666445397933,0.1981042671819483,1,tp,1778914800000,1778922000000,2
1778914800000|ADA/USDT:USDT|ada_trend_discovery|short,2026-05-16 07:00:00+00:00,ADA/USDT:USDT,ADA,short,ada_trend_discovery,35.28688248543234,0.0129310344827585,0.0521159874608151,0.0090125391849528,-0.0213931123283943,-0.0357185720686883,-0.0215517241379312,-0.0039032006245121,-0.0222222222222223,-0.0214723926380367,-0.0484712900820283,-0.0146386254999477,0.0086738411224022,-0.339031938952414,0.0069633284779279,0.0074285862643986,43.41835863403542,0.0045663208424182,-0.0303096698802219,0.0045666445397933,0.2218840048793704,1,tp,1778914800000,1778922000000,2
1778914800000|SUI/USDT:USDT|sui_trend_discovery|short,2026-05-16 07:00:00+00:00,SUI/USDT:USDT,SUI,short,sui_trend_discovery,57.83378895195015,0.0214118747078073,0.079663394109397,0.0163627863487609,-0.0264876225288706,-0.0951144514284695,-0.031650303880318,0.003754106053496,-0.0212318111100943,-0.0283455982556556,-0.0733841621902616,-0.0704940486507929,0.0131130499352714,-0.1589086655932304,0.0072671707109499,0.0072186350352645,43.41835863403542,0.0045663208424182,-0.0303096698802219,0.0045666445397933,0.3645746082695006,1,tp,1778914800000,1778925600000,3
1778914800000|NEAR/USDT:USDT|near_trend_discovery|short,2026-05-16 07:00:00+00:00,NEAR/USDT:USDT,NEAR,short,near_trend_discovery,22.059644575188184,0.0166555629580279,0.055296469020653,0.01199200532978,-0.0228746921596281,-0.0378243923418971,-0.0216522318454365,-0.0039814200398141,-0.0328608247422681,-0.0278497409326425,-0.0487959442332066,-0.0152996755506318,0.0133019084715272,-1.0259728868338711,0.0092888791938838,0.0085468130578628,43.41835863403542,0.0045663208424182,-0.0303096698802219,0.0045666445397933,0.0558920780348297,1,time_stop,1778914800000,1778961600000,13
1778914800000|ENA/USDT:USDT|ena_trend_discovery|short,2026-05-16 07:00:00+00:00,ENA/USDT:USDT,ENA,short,ena_trend_discovery,41.67684687051233,0.0221127938307162,0.1103781473566849,0.0149586546501904,-0.0365186585100934,-0.0739322607414225,-0.0477097463532472,-0.0070117169480579,-0.0348816355810616,-0.0385886556498435,-0.0989535370447886,-0.0388316832098414,0.0144385750320979,0.050250971633495,0.0110695023610462,0.0115995797923772,43.41835863403542,0.0045663208424182,-0.0303096698802219,0.0045666445397933,0.3163412476046933,1,tp,1778914800000,1778922000000,2
1778914800000|XLM/USDT:USDT|xlm_trend_discovery|short,2026-05-16 07:00:00+00:00,XLM/USDT:USDT,XLM,short,xlm_trend_discovery,40.00236716592653,0.0136932192231731,0.0541145490454246,0.0112574061882818,-0.0193045223807238,-0.0422759276033803,-0.0214285714285712,-0.0012492603063974,-0.0178455967929651,-0.0160005182354083,-0.0501500750375187,-0.0234235863699725,0.0087180944252425,-0.6155303365826961,0.0064740381981216,0.0076834214062717,43.41835863403542,0.0045663208424182,-0.0303096698802219,0.0045666445397933,-0.0225685928957867,0,sl,1778914800000,1778918400000,2
1778914800000|ONDO/USDT:USDT|ondo_trend_discovery|short,2026-05-16 07:00:00+00:00,ONDO/USDT:USDT,ONDO,short,ondo_trend_discovery,44.09023304559173,0.0155889145496536,0.1050808314087759,0.0017321016166281,-0.0446054076074601,-0.0850521721889561,-0.0516743648960738,-0.0133864995727713,-0.0372429127292941,-0.0571584104518236,-0.0903361344537816,-0.0423351407926723,0.0140877650974348,-1.1806528088449486,0.0095522939656214,0.01205819528479,43.41835863403542,0.0045663208424182,-0.0303096698802219,0.0045666445397933,0.3115970228616295,1,tp,1778914800000,1778922000000,2
1778918400000|BNB/USDT:USDT|bnb_trend|short,2026-05-16 08:00:00+00:00,BNB/USDT:USDT,BNB,short,bnb_trend,35.56083609405105,0.0033229114746175,0.0430165994532298,0.0086697781201383,-0.0109283010486981,-0.0150962582847726,-0.0171734106665458,0.0016945305998941,-0.0013424641003981,-0.0176419965576591,-0.0352771463542576,-0.0042140091972034,0.0064768550705105,-1.430478104468332,0.0050547583969211,0.0048425060491552,45.11740708948638,0.0044529415910851,-0.0275015724577359,0.0045795899019118,0.3982029198417711,1,tp,1778918400000,1778922000000,1
1778918400000|RENDER/USDT:USDT|render_trend_discovery|short,2026-05-16 08:00:00+00:00,RENDER/USDT:USDT,RENDER,short,render_trend_discovery,22.01085474328537,0.0066518847006651,0.0648558758314855,0.0144124168514412,-0.0292141324995556,-0.0346723124178705,-0.0252217294900221,0.0022222222222221,-0.0342612419700214,-0.0179640718562873,-0.0388918486947256,-0.0056224344637077,0.0149597435572215,1.8554443419876605,0.0127793811171942,0.0108079323459223,45.11740708948638,0.0044529415910851,-0.0275015724577359,0.0045795899019118,-0.2593809656054636,0,sl,1778918400000,1778940000000,6
1778918400000|TON/USDT:USDT|ton_trend_discovery|short,2026-05-16 08:00:00+00:00,TON/USDT:USDT,TON,short,ton_trend_discovery,40.16777345256365,0.0212176639665534,0.1052521557355631,0.0279069767441859,-0.0263936442216003,-0.0727431938801893,-0.0386725894956885,0.0104023656141092,-0.0095243025001293,-0.0355342741935483,-0.0820340609258813,-0.0476060467184731,0.0170471502423516,-0.5548675801582902,0.0100999844106548,0.0110702671650408,45.11740708948638,0.0044529415910851,-0.0275015724577359,0.0045795899019118,-0.2894253154281965,0,sl,1778918400000,1778936400000,5
1778922000000|XLM/USDT:USDT|xlm_trend_discovery|short,2026-05-16 09:00:00+00:00,XLM/USDT:USDT,XLM,short,xlm_trend_discovery,43.07649893548213,0.0124029979438879,0.0620149897194403,0.0043112024938647,-0.0224703674008734,-0.0485336337806815,-0.0288518936127878,-0.007112281857096,-0.016118506917254,-0.0219266947778139,-0.0499086268826013,-0.0266623798508381,0.0087101543302152,-0.5997196682277752,0.0065460730710992,0.0075878290820339,47.1184791087833,0.0046653180953187,-0.0298036788158577,0.0046225112750328,-0.0174660697438838,0,sl,1778922000000,1778954400000,10
1778922000000|INJ/USDT:USDT|inj_trend_discovery|short,2026-05-16 09:00:00+00:00,INJ/USDT:USDT,INJ,short,inj_trend_discovery,22.24918083994189,0.0192097795241213,0.1364330932110892,0.0021829294913775,-0.0470811836373598,-0.0761507444010829,-0.0671250818598559,-0.0163195190036503,-0.0365930599369084,-0.0599220192899651,-0.1050986520804843,-0.0305058104264156,0.0197818585163025,-1.400860418198404,0.0136238179043062,0.0165240029711694,47.1184791087833,0.0046653180953187,-0.0298036788158577,0.0046225112750328,0.0395206473775319,1,tp,1778922000000,1778943600000,7
1778925600000|BTC/USDT:USDT|btc_trend_loose|short,2026-05-16 10:00:00+00:00,BTC/USDT:USDT,BTC,short,btc_trend_loose,49.166095056825526,0.0060317484757035,0.0356605797458478,0.0043085750651803,-0.0124370583102564,-0.0200495952544148,-0.0156760023403338,-0.0014669688579808,-0.0085561415694145,-0.0143227338779133,-0.0338725252602885,-0.0077084068496263,0.0047692846297176,-1.289465163796499,0.0045438058740481,0.0045391173650049,49.166095056825526,0.0047692846297176,-0.0338725252602885,0.0045438058740481,-0.0282812245900303,0,time_stop,1778925600000,1778943600000,5
1778925600000|LINK/USDT:USDT|link_trend|short,2026-05-16 10:00:00+00:00,LINK/USDT:USDT,LINK,short,link_trend,47.405528537648486,0.0075639830069423,0.0729458087244845,0.0043518806341311,-0.0313965082286008,-0.0526722187392584,-0.0342969640451766,-0.0025837122778007,-0.0232769962554397,-0.0418941725404546,-0.0666344294003868,-0.0219653456666238,0.0091148079342071,-0.7406407254019935,0.0060399993404307,0.0070420679511418,49.166095056825526,0.0047692846297176,-0.0338725252602885,0.0045438058740481,-0.2265762688942732,0,time_stop,1778925600000,1778965200000,13
1778925600000|BNB/USDT:USDT|bnb_trend|short,2026-05-16 10:00:00+00:00,BNB/USDT:USDT,BNB,short,bnb_trend,39.86685030180816,0.0060511598056294,0.0543229118914459,0.0052107209437363,-0.0181700035285428,-0.0259426975517631,-0.0245560954738547,0.0024816176470587,-0.0094600935414049,-0.0287766581083688,-0.0509462693060691,-0.0079165375382236,0.0071868765921877,-0.5620070486894019,0.0052568816273461,0.0051133122525397,49.166095056825526,0.0047692846297176,-0.0338725252602885,0.0045438058740481,-0.0722027859271958,0,time_stop,1778925600000,1778932800000,2
1778925600000|XRP/USDT:USDT|xrp_trend|short,2026-05-16 10:00:00+00:00,XRP/USDT:USDT,XRP,short,xrp_trend,42.060211423903546,0.0041419695779476,0.0532028850960508,0.002356637863315,-0.021035441858426,-0.02514619966486,-0.0254231236163679,-0.0100388829975256,-0.0176090921846499,-0.0226828587381351,-0.0498710815578775,-0.0041990874666981,0.0059974767992896,-1.4288347379391968,0.0061267961988953,0.0077564767618437,49.166095056825526,0.0047692846297176,-0.0338725252602885,0.0045438058740481,-0.5412706532455724,0,time_stop,1778925600000,1778954400000,8
1778925600000|ETH/USDT:USDT|eth_trend|short,2026-05-16 10:00:00+00:00,ETH/USDT:USDT,ETH,short,eth_trend,45.630303398913824,0.0017462379859747,0.0426284798053796,0.0003087017020061,-0.0214149796593526,-0.03487866196401,-0.0211598890516868,-0.0096869424760792,-0.0246710526315789,-0.0236751071745067,-0.0402112050094856,-0.0137583163698649,0.0047365863686205,-1.7184899596632237,0.0048890679307645,0.0050700200737351,49.166095056825526,0.0047692846297176,-0.0338725252602885,0.0045438058740481,0.0466271665312053,1,sl,1778925600000,1778940000000,4
1778925600000|BCH/USDT:USDT|bch_trend|short,2026-05-16 10:00:00+00:00,BCH/USDT:USDT,BCH,short,bch_trend,39.69398170480954,0.005628835096874,0.0455138425858819,0.0007005846257912,-0.0246511217905631,-0.0414058111830415,-0.0224066289800453,-0.0160216791860796,-0.0233809130588652,-0.0282870489917603,-0.0430681739371662,-0.017178150061788,0.0051111712201518,-0.0403315088909001,0.0049111707989929,0.0040740766724366,49.166095056825526,0.0047692846297176,-0.0338725252602885,0.0045438058740481,0.2153470995676105,1,sl,1778925600000,1778936400000,4
1778925600000|DOGE/USDT:USDT|doge_trend_loose|short,2026-05-16 10:00:00+00:00,DOGE/USDT:USDT,DOGE,short,doge_trend_loose,37.46142641113891,0.0043143014503396,0.0581971727556452,0.0005507618872773,-0.0264689189006748,-0.0400550126774724,-0.0288232054341839,-0.0108952242600327,-0.024010034044078,-0.0409367021744871,-0.0546685178757375,-0.0139554802518025,0.007802060981463,-2.176104705618665,0.0068990931584454,0.0082543651281916,49.166095056825526,0.0047692846297176,-0.0338725252602885,0.0045438058740481,0.1701018731730518,1,tp,1778925600000,1778936400000,3
1778925600000|SOL/USDT:USDT|sol_trend_discovery|short,2026-05-16 10:00:00+00:00,SOL/USDT:USDT,SOL,short,sol_trend_discovery,50.496641289920895,0.0075634163369793,0.0646962997440074,0.0058180125669071,-0.0286408332092933,-0.0493543085483625,-0.0294391435885501,-0.0004652244708072,-0.0230760486529498,-0.037518199126442,-0.0599431196674689,-0.0213242187310641,0.0085756491206439,-0.047634970306737,0.0056239270400708,0.0059099942901469,49.166095056825526,0.0047692846297176,-0.0338725252602885,0.0045438058740481,-0.116628482536958,0,sl,1778925600000,1778954400000,8
1778925600000|ADA/USDT:USDT|ada_trend_discovery|short,2026-05-16 10:00:00+00:00,ADA/USDT:USDT,ADA,short,ada_trend_discovery,41.3914784754116,0.0078864353312302,0.0583596214511042,0.0067034700315456,-0.020788135762321,-0.0406117008349626,-0.0258280757097791,0.0015797788309637,-0.0101483216237314,-0.0298393267023719,-0.0540842969041402,-0.0202444085867712,0.0087344292724105,-0.2884144899271273,0.0068470492991443,0.0072747710696914,49.166095056825526,0.0047692846297176,-0.0338725252602885,0.0045438058740481,-0.1259553302215122,0,sl,1778925600000,1778947200000,6
1778925600000|ENA/USDT:USDT|ena_trend_discovery|short,2026-05-16 10:00:00+00:00,ENA/USDT:USDT,ENA,short,ena_trend_discovery,46.26654217422036,0.0112614744014384,0.126999148291852,0.0050156146493801,-0.0422453016057178,-0.0885314419434731,-0.0609917668212358,-0.0045219029674987,-0.0250945659193652,-0.0457829149358859,-0.1117928889636042,-0.0483277611849423,0.0143447101669805,0.0126836173807608,0.0109155511187725,0.0113917119004023,49.166095056825526,0.0047692846297176,-0.0338725252602885,0.0045438058740481,-0.1740190733889209,0,sl,1778925600000,1778961600000,12
1778925600000|ONDO/USDT:USDT|ondo_trend_discovery|short,2026-05-16 10:00:00+00:00,ONDO/USDT:USDT,ONDO,short,ondo_trend_discovery,49.564868121179806,0.0154789719626167,0.1179906542056074,0.006717289719626,-0.0434930725639885,-0.09323771953121,-0.0556366822429906,-0.0072484778196578,-0.0247792651666193,-0.0570090884053979,-0.1041339612768184,-0.0520065726032594,0.0143778694934698,-0.9722295540109458,0.0089818750546777,0.0118022594300485,49.166095056825526,0.0047692846297176,-0.0338725252602885,0.0045438058740481,-0.0249480645124809,0,sl,1778925600000,1778954400000,9
1778929200000|AAVE/USDT:USDT|aave_trend|short,2026-05-16 11:00:00+00:00,AAVE/USDT:USDT,AAVE,short,aave_trend,58.998108210386405,0.0038258129852592,0.0818048835377517,0.0077641498818498,-0.0294839818798623,-0.0733171578934181,-0.0370203668279508,0.0072537685594469,-0.0106868529444505,-0.0434829404800343,-0.0754265501456512,-0.0451648145884901,0.0087242361137347,-1.6195077070299166,0.0087814628318594,0.0084162702862649,50.594344805772536,0.0046293327086816,-0.031515684004264,0.0045786840674271,-0.41402734112474,0,sl,1778929200000,1778940000000,3
1778929200000|AVAX/USDT:USDT|avax_trend|short,2026-05-16 11:00:00+00:00,AVAX/USDT:USDT,AVAX,short,avax_trend,46.4155950124302,0.0038876889848811,0.0552915766738661,0.0053995680345571,-0.0213439955345117,-0.0454584565217195,-0.0249460043196544,0.0047743055555555,-0.011211959423385,-0.0302649492093413,-0.0541368743615934,-0.0246403852601695,0.0065800272838567,-1.7933927528414393,0.0077934499779251,0.0075146870349292,50.594344805772536,0.0046293327086816,-0.031515684004264,0.0045786840674271,-0.2581896758739312,0,sl,1778929200000,1778940000000,5
1778929200000|SUI/USDT:USDT|sui_trend_discovery|short,2026-05-16 11:00:00+00:00,SUI/USDT:USDT,SUI,short,sui_trend_discovery,63.700392787112925,0.0105283307810108,0.0854709035222053,0.008709800918836,-0.0353485612515909,-0.1121968031871225,-0.0383805513016847,-0.0017198547678196,-0.0230949041608227,-0.0491445212959592,-0.0768687047181481,-0.0796642588697515,0.0137597921936225,0.3458924031665989,0.0075049303487525,0.0071567863817591,50.594344805772536,0.0046293327086816,-0.031515684004264,0.0045786840674271,-0.2061627248879876,0,sl,1778929200000,1778943600000,4
1778936400000|BNB/USDT:USDT|bnb_trend|short,2026-05-16 13:00:00+00:00,BNB/USDT:USDT,BNB,short,bnb_trend,43.93566805619444,0.002543866370393,0.0377748831507165,0.0023599724159067,-0.0160212439494241,-0.0279479692841131,-0.0177074553674048,-0.0019729597455035,-0.0003829656862744,-0.0271483093804043,-0.0285386768296315,-0.0121209175110239,0.0063237667340664,-1.5318022654989336,0.0041614208313946,0.0049851711686369,53.32785066385967,0.0043459589759503,-0.0093982049542856,0.0021399563673946,-0.1890322051811737,0,sl,1778936400000,1778943600000,2
1778940000000|BCH/USDT:USDT|bch_trend|short,2026-05-16 14:00:00+00:00,BCH/USDT:USDT,BCH,short,bch_trend,44.33901865079725,0.0036158518947063,0.0318194966734163,0.0112573522321858,-0.0141869933931146,-0.037710928121496,-0.0102810722206152,0.000409964550124,0.0021742281490071,-0.0250528789659224,-0.0254651381319301,-0.0238624714532318,0.0052156058199269,0.1238617327548764,0.0044799007894858,0.0040814909052773,52.86963283477851,0.004466092260468,-0.0130218931605675,0.0018500025299378,-0.1058838446232209,0,sl,1778940000000,1778947200000,2
1778940000000|DOGE/USDT:USDT|doge_trend_loose|short,2026-05-16 14:00:00+00:00,DOGE/USDT:USDT,DOGE,short,doge_trend_loose,42.966924835458336,0.0133125229526258,0.0445280940139551,0.007253029746603,-0.0175221083066339,-0.038660529490752,-0.018637532133676,0.0059106021425932,-0.000183587295759,-0.0323383084577113,-0.0255859724458757,-0.0215154166448312,0.0076056762079101,-1.8588486329462863,0.0048464828342434,0.0080490340612886,52.86963283477851,0.004466092260468,-0.0130218931605675,0.0018500025299378,-0.1257643745338639,0,sl,1778940000000,1778943600000,1
1778940000000|TON/USDT:USDT|ton_trend_discovery|short,2026-05-16 14:00:00+00:00,TON/USDT:USDT,TON,short,ton_trend_discovery,38.81605211333174,0.0098483664217601,0.0455942889896306,0.0307435777187222,-0.0124070233316811,-0.0661253651679193,-0.0074253556354541,-0.0052868916187217,0.0077718846820353,-0.0274173930670991,-0.040593910913363,-0.0543931995319154,0.0153307744514592,-1.4984031966807196,0.0077376195369177,0.0106376243162,52.86963283477851,0.004466092260468,-0.0130218931605675,0.0018500025299378,-0.0290455911096864,0,sl,1778940000000,1778954400000,6
1778943600000|ETH/USDT:USDT|eth_trend|short,2026-05-16 15:00:00+00:00,ETH/USDT:USDT,ETH,short,eth_trend,47.983707564152255,0.0032492714380779,0.024346588953395,0.0042405745886779,-0.0103823297201289,-0.0295541315008119,-0.0100530071823585,-9.178648627594654e-06,0.0013695041751495,-0.0227258456597985,-0.0193347165276721,-0.0193729380107583,0.0043256901639357,-1.701024035458968,0.0030805946047125,0.0048820666284002,52.44414485063172,0.0043425456632178,-0.0116774943754897,0.0018869010386904,-0.0281010215312817,0,time_stop,1778943600000,1778965200000,6
1778943600000|AAVE/USDT:USDT|aave_trend|short,2026-05-16 15:00:00+00:00,AAVE/USDT:USDT,AAVE,short,aave_trend,54.80156156729648,0.0077399380804953,0.041906236178682,0.0249889429455991,-0.0056576320501996,-0.0545299640142299,-0.0084586466165415,0.0055592617300421,0.0176662540789918,-0.0239585581696525,-0.0307576894223556,-0.0491504068812821,0.0082500622340262,-1.6584867096974667,0.0060979081172966,0.0083290368155183,52.44414485063172,0.0043425456632178,-0.0116774943754897,0.0018869010386904,-0.0479760915869885,0,sl,1778943600000,1778972400000,9
1778943600000|AVAX/USDT:USDT|avax_trend|short,2026-05-16 15:00:00+00:00,AVAX/USDT:USDT,AVAX,short,avax_trend,46.13782410456763,0.0048335123523093,0.0319011815252415,0.0107411385606873,-0.0099333611539123,-0.0386781451363641,-0.010580021482277,0.0022607385079127,0.0053995680345573,-0.023802034182657,-0.0177252584933529,-0.0290331810553211,0.0061890604643512,-1.766352499238659,0.0044541027684588,0.0072861752465048,52.44414485063172,0.0043425456632178,-0.0116774943754897,0.0018869010386904,-0.0354463040608932,0,sl,1778943600000,1778972400000,9
1778947200000|BTC/USDT:USDT|btc_trend_loose|short,2026-05-16 16:00:00+00:00,BTC/USDT:USDT,BTC,short,btc_trend_loose,51.643445485107165,0.0034323640071281,0.0174547799154895,0.0072395631443677,-0.0047938948082452,-0.016108942839221,-0.0051076083855609,-0.0003376213806414,0.0024070274429339,-0.0105341905496082,-0.013839704181054,-0.0113695524695315,0.0042788945598235,-1.6459162329945365,0.0018205044919336,0.0043254144662874,51.643445485107165,0.0042788945598235,-0.013839704181054,0.0018205044919336,0.0449747789618514,1,time_stop,1778947200000,1778990400000,12
1778947200000|BNB/USDT:USDT|bnb_trend|short,2026-05-16 16:00:00+00:00,BNB/USDT:USDT,BNB,short,bnb_trend,42.11487764240054,0.0031194363711063,0.030296574706697,0.009373525876105,-0.0060734438402178,-0.0203794843752674,-0.010461524415296,0.00257826325746,0.0050929891104856,-0.0087335585857367,-0.0263426920512631,-0.0143934583962858,0.0063568376119569,-1.3944674118975573,0.0037164681143752,0.0049006558919003,51.643445485107165,0.0042788945598235,-0.013839704181054,0.0018205044919336,-0.0848219969263271,0,time_stop,1778947200000,1778958000000,3
1778947200000|DOGE/USDT:USDT|doge_trend_loose|short,2026-05-16 16:00:00+00:00,DOGE/USDT:USDT,DOGE,short,doge_trend_loose,41.69147263907794,0.0063781321184509,0.0366287015945329,0.014760820045558,-0.0081449129246444,-0.0307241777326418,-0.0109339407744874,0.001003283473185,0.007342817806333,-0.0237502223803593,-0.0253108348134991,-0.022764681153752,0.0075984999620464,-1.7401103451160875,0.0045877603477751,0.0079717149835097,51.643445485107165,0.0042788945598235,-0.013839704181054,0.0018205044919336,0.0112392655088109,1,tp,1778947200000,1778976000000,10
1778947200000|SUI/USDT:USDT|sui_trend_discovery|short,2026-05-16 16:00:00+00:00,SUI/USDT:USDT,SUI,short,sui_trend_discovery,62.031775964261726,0.0101656626506023,0.0452748493975903,0.0251317771084336,-0.0094542982769058,-0.0926765939828884,-0.0100715361445784,-0.0035640592759332,0.0143211762459423,-0.0232600900983726,-0.0342696118534678,-0.0840166138333789,0.0127980244611759,-0.4196542673890114,0.0058915531599947,0.0072133621849742,51.643445485107165,0.0042788945598235,-0.013839704181054,0.0018205044919336,0.0282653879762257,1,tp,1778947200000,1778950800000,2
1778950800000|BCH/USDT:USDT|bch_trend|short,2026-05-16 17:00:00+00:00,BCH/USDT:USDT,BCH,short,bch_trend,41.203296782782,0.002490004070199,0.0239902315224937,0.0179567601216271,-0.0053547284162027,-0.0302320722126398,-0.0030167357004333,0.0001915754687613,0.0072346685316033,-0.0217126528317795,-0.021208286464192,-0.0250112723673077,0.0050325881992689,-0.2027793003458142,0.0044971559181144,0.004053031831002,50.899938931405785,0.0040888409276843,-0.0160250075221479,0.0017320816226836,0.1007551027828548,1,tp,1778950800000,1778979600000,9
1778950800000|ADA/USDT:USDT|ada_trend_discovery|short,2026-05-16 17:00:00+00:00,ADA/USDT:USDT,ADA,short,ada_trend_discovery,44.2750306505379,0.0035183737294761,0.0261923377638779,0.0152462861610633,-0.0043978828711715,-0.0299194648929925,-0.0054730258014071,0.0019584802193497,0.0066902794175522,-0.010827532869296,-0.0229182582123756,-0.0256343187531797,0.007174488688233,-1.2123380389608316,0.0033138893956821,0.0069024773723833,50.899938931405785,0.0040888409276843,-0.0160250075221479,0.0017320816226836,-0.0166217710442045,0,sl,1778950800000,1778961600000,5
1778958000000|XRP/USDT:USDT|xrp_trend|short,2026-05-16 19:00:00+00:00,XRP/USDT:USDT,XRP,short,xrp_trend,37.43175901101184,0.0020488907729264,0.0156139607178182,0.012999858697188,-0.0032938862286344,-0.0132110109715323,-0.0013070510103151,0.0004240882103476,0.0012025182146142,-0.0021854071201974,-0.0128330311061514,-0.0099498985767962,0.0048296710899959,-1.558142788598825,0.0031365856509436,0.0072399207285288,49.76377903281552,0.0037817976686128,-0.0111296239643405,0.0016970175107341,0.1681349660663328,1,tp,1778958000000,1778972400000,5
1778958000000|TON/USDT:USDT|ton_trend_discovery|short,2026-05-16 19:00:00+00:00,TON/USDT:USDT,TON,short,ton_trend_discovery,30.671899175607614,0.0106405283572701,0.0430862773875668,0.0250026208197923,-0.015134121925527,-0.0688456117570412,-0.0090418282838873,-0.0085230225548279,-0.0161922442244224,0.007392544091245,-0.0400040255623207,-0.0545368572790097,0.0138757108225429,-2.033736058164599,0.0081028908097541,0.0103937903147422,49.76377903281552,0.0037817976686128,-0.0111296239643405,0.0016970175107341,0.2647588298546545,1,tp,1778958000000,1778979600000,8
1778961600000|BNB/USDT:USDT|bnb_trend|short,2026-05-16 20:00:00+00:00,BNB/USDT:USDT,BNB,short,bnb_trend,36.51261024645295,0.0021768251841929,0.0278268282287037,0.0089965292577482,-0.0043242441522517,-0.0199533037535591,-0.0094151494854777,0.0006702412868631,-0.0003804190696471,-0.0077786336792183,-0.0252833996082855,-0.0156969369892916,0.0055702783288895,-2.0530658989437627,0.0038085722779283,0.0047764600668653,49.15212483517603,0.0036287895444119,-0.0109558415348295,0.0016981739468234,-0.0367583997057923,0,sl,1778961600000,1778965200000,2
1778961600000|XLM/USDT:USDT|xlm_trend_discovery|short,2026-05-16 20:00:00+00:00,XLM/USDT:USDT,XLM,short,xlm_trend_discovery,41.68374428991145,0.0047443331576172,0.0245782814971005,0.0109383236689509,-0.0061267623591634,-0.0381133176833433,-0.0068199789140749,-0.000987426765848,-0.0049177103140777,-0.000592690154758,-0.0162701756660399,-0.0321837374352755,0.0065483393132108,-1.6433292853843735,0.0030567379239041,0.0069743483877522,49.15212483517603,0.0036287895444119,-0.0109558415348295,0.0016981739468234,0.0114497337073563,1,tp,1778961600000,1778965200000,2
1778965200000|ADA/USDT:USDT|ada_trend_discovery|short,2026-05-16 21:00:00+00:00,ADA/USDT:USDT,ADA,short,ada_trend_discovery,43.12968547471405,0.0070450097847356,0.0266144814090018,0.0140900195694715,-0.0033989368233148,-0.0298362123920215,-0.0062622309197651,0.0015680125441004,-0.0011727912431588,0.0090837282780411,-0.0195702225633154,-0.0265274406636064,0.0064402719686287,-1.5405450647733732,0.0032631819193969,0.0066990340661806,48.58416022308222,0.0034667553004788,-0.0088950771113615,0.0016745693708331,-0.0162898113263926,0,sl,1778965200000,1778968800000,2
1778965200000|SUI/USDT:USDT|sui_trend_discovery|short,2026-05-16 21:00:00+00:00,SUI/USDT:USDT,SUI,short,sui_trend_discovery,52.770312413512,0.0078754922182636,0.0374085880367523,0.0289705606600411,-0.002691089675226,-0.0850419850047346,-0.0042190136883554,0.0025378325030547,0.0017845402460787,0.0145534100637307,-0.0235283347065824,-0.0825731069651137,0.0104148047724273,-2.1278403220005773,0.0058573268032087,0.0069864985992473,48.58416022308222,0.0034667553004788,-0.0088950771113615,0.0016745693708331,-0.0225120691117143,0,sl,1778965200000,1778968800000,2
1778968800000|BNB/USDT:USDT|bnb_trend|short,2026-05-16 22:00:00+00:00,BNB/USDT:USDT,BNB,short,bnb_trend,33.99516489638125,0.0017661119654086,0.0279989646929859,0.0088305598270427,-0.0037925627901025,-0.019739453192071,-0.0095842024329715,-0.0013228317722905,-0.0019146899266037,0.0036520888725894,-0.0252296641486472,-0.0160076002309632,0.0050732949168397,-2.3624752895925085,0.0037631243537642,0.0047096368858119,48.15473228528552,0.0033281439355424,-0.011718715418344,0.0016171326784136,0.0193380058035782,1,tp,1778968800000,1778972400000,2
1778968800000|ETH/USDT:USDT|eth_trend|short,2026-05-16 22:00:00+00:00,ETH/USDT:USDT,ETH,short,eth_trend,44.35843141894385,0.0017373366949346,0.0224203529681411,0.0057300022920009,-0.0041532033814281,-0.0264795407541875,-0.0083451753380701,1.375219462107502e-05,0.0004173182487308,0.0051235267556832,-0.0186728804638756,-0.0224194499079267,0.0036481940883416,-1.7952940611270842,0.0030225379799668,0.0046475251087985,48.15473228528552,0.0033281439355424,-0.011718715418344,0.0016171326784136,0.0116521594734242,1,tp,1778968800000,1778972400000,2
1778968800000|ENA/USDT:USDT|ena_trend_discovery|short,2026-05-16 22:00:00+00:00,ENA/USDT:USDT,ENA,short,ena_trend_discovery,46.17629964012051,0.0064510097232609,0.0468399401645475,0.0170157068062827,-0.0103150259127969,-0.0692879269285782,-0.0149121166791323,-0.0056707260388584,-0.0037257824143069,0.0122078167881138,-0.034134007585335,-0.0595875481187057,0.0096161999789227,-1.7940703934191171,0.0051054361317941,0.0104254381344861,48.15473228528552,0.0033281439355424,-0.011718715418344,0.0016171326784136,0.1890385442293927,1,tp,1778968800000,1778979600000,3
1778968800000|XLM/USDT:USDT|xlm_trend_discovery|short,2026-05-16 22:00:00+00:00,XLM/USDT:USDT,XLM,short,xlm_trend_discovery,40.88683741504609,0.0032940246393043,0.0243757823308517,0.0111338032808485,-0.004820377190034,-0.0371959596821839,-0.0066209895250016,0.0004613762193514,-0.0020381328073636,0.0048990400529627,-0.0173496471806822,-0.0325324009355567,0.0060246413087904,-1.8351520956688647,0.0030124936904656,0.0068709986534332,48.15473228528552,0.0033281439355424,-0.011718715418344,0.0016171326784136,3.75872749374508e-05,1,sl,1778968800000,1778986800000,5
1778972400000|ONDO/USDT:USDT|ondo_trend_discovery|short,2026-05-16 23:00:00+00:00,ONDO/USDT:USDT,ONDO,short,ondo_trend_discovery,49.63383272029405,0.0063953488372092,0.059593023255814,0.0113372093023254,-0.0142984784242708,-0.0794977993131532,-0.0241279069767442,-0.0008713331397037,-0.0086455331412104,-0.0023201856148492,-0.0523415977961433,-0.0661450951040996,0.0098017486559972,-2.129500858252628,0.0051267112855707,0.0107515955673414,47.895955135618,0.0032335435072193,-0.0122644611376685,0.0016130519479415,-0.1237391508016572,0,sl,1778972400000,1778990400000,6
1778976000000|LINK/USDT:USDT|link_trend|short,2026-05-17 00:00:00+00:00,LINK/USDT:USDT,LINK,short,link_trend,47.591124950324286,0.0079611248966087,0.0429073614557484,0.0065136476426799,-0.0104232918983051,-0.0447123109880815,-0.0181968569065341,-0.0042211469165035,-0.0066755674232309,0.0024875621890547,-0.0399047051816556,-0.0346501881148284,0.0062004363530098,-2.086923521252216,0.0038531326495419,0.0064043583157361,48.44415018286818,0.0034259624398067,-0.0146720353686853,0.0016542425661817,0.0005863768025057,1,sl,1778976000000,1778986800000,3
1778976000000|BNB/USDT:USDT|bnb_trend|short,2026-05-17 00:00:00+00:00,BNB/USDT:USDT,BNB,short,bnb_trend,33.37791982523803,0.0093806042212719,0.0329853926212044,0.0021458898545392,-0.0091171353082585,-0.0258576942073162,-0.0154197513833326,-0.0062602814841893,-0.0068653717347622,-0.0021870794078062,-0.0300034196167057,-0.0168945891543553,0.0052223971701288,-2.0143998389196813,0.0039047420829346,0.0046955120463302,48.44415018286818,0.0034259624398067,-0.0146720353686853,0.0016542425661817,0.1779198865387524,1,tp,1778976000000,1779008400000,9
1778976000000|XRP/USDT:USDT|xrp_trend|short,2026-05-17 00:00:00+00:00,XRP/USDT:USDT,XRP,short,xrp_trend,33.02812386001087,0.0017691600028306,0.0172670016276271,0.0113933904182294,-0.0031931350981798,-0.0141306832181082,-0.0029368056046989,0.0001415528345956,-0.0013427561837455,0.0025540971975879,-0.0131983240223463,-0.0109725850664217,0.0039959961174296,-1.6619723572782443,0.0030226053780172,0.0069736794808647,48.44415018286818,0.0034259624398067,-0.0146720353686853,0.0016542425661817,0.4327419129610182,1,sl,1778976000000,1778983200000,2
1778976000000|ETH/USDT:USDT|eth_trend|short,2026-05-17 00:00:00+00:00,ETH/USDT:USDT,ETH,short,eth_trend,42.48315362311098,0.0023450202670208,0.0215540339386722,0.006572468912451,-0.0025664128664298,-0.0251430562508245,-0.0074907825131105,0.0016791378590532,0.0013529627591266,0.0035991395160697,-0.017730209289352,-0.0226347334555632,0.0034119364485959,-1.823118426701749,0.0030560780297607,0.0045869855568243,48.44415018286818,0.0034259624398067,-0.0146720353686853,0.0016542425661817,0.088278020191943,1,tp,1778976000000,1778979600000,1
1778976000000|AVAX/USDT:USDT|avax_trend|short,2026-05-17 00:00:00+00:00,AVAX/USDT:USDT,AVAX,short,avax_trend,38.65899892192098,0.0030191934440371,0.0305154194522321,0.0069010135863703,-0.0077547412823065,-0.0392152976204052,-0.011807202932931,-0.0020445496610351,-0.0029029136651973,0.0020529443544028,-0.025635637739021,-0.0317064315114552,0.004887299606518,-1.9309453135004404,0.0038623479574619,0.0068268445881323,48.44415018286818,0.0034259624398067,-0.0146720353686853,0.0016542425661817,0.2861187477702383,1,tp,1778976000000,1778979600000,1
1778976000000|SOL/USDT:USDT|sol_trend_discovery|short,2026-05-17 00:00:00+00:00,SOL/USDT:USDT,SOL,short,sol_trend_discovery,51.11581261447719,0.0089441282378906,0.0379835056336391,0.0075502381228947,-0.0099166056550417,-0.0422118799164606,-0.0152166337553723,-0.0045097132284921,-0.0062334064411865,-0.0010443258296588,-0.0347572597824867,-0.0326187414574158,0.0058694905548197,-2.204319879870948,0.003982416796597,0.0053440886965028,48.44415018286818,0.0034259624398067,-0.0146720353686853,0.0016542425661817,7.15587316906588e-05,1,sl,1778976000000,1778986800000,3
1778976000000|ADA/USDT:USDT|ada_trend_discovery|short,2026-05-17 00:00:00+00:00,ADA/USDT:USDT,ADA,short,ada_trend_discovery,43.532466726122685,0.0062893081761005,0.0302672955974842,0.0098270440251572,-0.0059345096494327,-0.0330662835711081,-0.0102201257861634,-0.0019615535504119,-0.0027440219521754,0.0,-0.0275229357798164,-0.0272937489381178,0.0061549962713133,-1.5905034557330604,0.0032004525450225,0.0065672571942644,48.44415018286818,0.0034259624398067,-0.0146720353686853,0.0016542425661817,-0.015850799417835,0,sl,1778976000000,1778997600000,7
1778976000000|SUI/USDT:USDT|sui_trend_discovery|short,2026-05-17 00:00:00+00:00,SUI/USDT:USDT,SUI,short,sui_trend_discovery,48.030904570786575,0.0088838484075227,0.0373310651167185,0.0211700217370758,-0.0083770514931312,-0.089898106610247,-0.0080805216898214,-0.0023571563266074,-0.0054516401917473,0.0102157723887721,-0.0297111416781292,-0.0822097302607464,0.0096899037641475,-2.330697796207778,0.0056091410436549,0.0068405197161197,48.44415018286818,0.0034259624398067,-0.0146720353686853,0.0016542425661817,-0.1564857962174433,0,sl,1778976000000,1778990400000,4
1778976000000|NEAR/USDT:USDT|near_trend_discovery|short,2026-05-17 00:00:00+00:00,NEAR/USDT:USDT,NEAR,short,near_trend_discovery,34.862500502742165,0.010745466756212,0.0436534586971121,0.0080591000671591,-0.0083497435007875,-0.0391689323223234,-0.0177971793149764,-0.0046791443850267,-0.00334672021419,-0.0026791694574681,-0.0324886289798569,-0.03107868789379,0.0095668215323326,-1.247239373317993,0.0052583702994664,0.0076340907460402,48.44415018286818,0.0034259624398067,-0.0146720353686853,0.0016542425661817,-0.0207453312079501,0,sl,1778976000000,1778986800000,4
1778979600000|AAVE/USDT:USDT|aave_trend|short,2026-05-17 01:00:00+00:00,AAVE/USDT:USDT,AAVE,short,aave_trend,40.61406865906223,0.0079667863554758,0.0417414721723518,0.0105475763016157,-0.0143328323825518,-0.0632493542243399,-0.015596947935368,-0.0096677408600954,-0.0125207756232686,0.0008984725965857,-0.0422353573347661,-0.0496278291992102,0.0064546712590548,-1.868628476462181,0.0057143699345971,0.0078091526693199,49.120783977609314,0.0035675238002738,-0.0182033022235982,0.0016947547793697,0.0008550961744945,1,sl,1778979600000,1778986800000,2
1778979600000|DOGE/USDT:USDT|doge_trend_loose|short,2026-05-17 01:00:00+00:00,DOGE/USDT:USDT,DOGE,short,doge_trend_loose,34.96570717181329,0.0105496946141032,0.0433092726263187,9.254118082555988e-05,-0.0161226859089165,-0.0428207254570627,-0.0216083657227465,-0.0117969821673525,-0.0154883381924197,-0.0020317694865163,-0.0424457244129375,-0.027135537292889,0.006549926541021,-1.6098205671684995,0.0046910261018053,0.0075833634883313,49.120783977609314,0.0035675238002738,-0.0182033022235982,0.0016947547793697,0.0005249765636876,1,sl,1778979600000,1778986800000,2
1778983200000|ETH/USDT:USDT|eth_trend|short,2026-05-17 02:00:00+00:00,ETH/USDT:USDT,ETH,short,eth_trend,42.16753420484393,0.003340480550673,0.0259002272999162,0.0030736102036498,-0.0056511364955368,-0.0290212598030804,-0.0114133085481332,0.0023613839923994,-0.0037405454962181,-0.0025837895886586,-0.0247345700618363,-0.0235029416387911,0.0037034300779316,-1.5596313893049458,0.0033129569795173,0.0045989783463102,49.7490867870118,0.0035125186627935,-0.0158960688324047,0.0017945941237285,-0.1385211196157233,0,sl,1778983200000,1778986800000,1
1778983200000|AVAX/USDT:USDT|avax_trend|short,2026-05-17 02:00:00+00:00,AVAX/USDT:USDT,AVAX,short,avax_trend,40.6085918570737,0.0040130151843816,0.0347071583514098,0.0049891540130153,-0.0109219153578247,-0.0439418638967558,-0.0148590021691972,0.0021739130434783,-0.0090283748925192,-0.0074281408117127,-0.0336442720888795,-0.0333845720086669,0.0052447507620375,-1.6398585125423122,0.004102872949883,0.0067938623235127,49.7490867870118,0.0035125186627935,-0.0158960688324047,0.0017945941237285,-0.2244975365172462,0,sl,1778983200000,1778986800000,1
1778983200000|BCH/USDT:USDT|bch_trend|short,2026-05-17 02:00:00+00:00,BCH/USDT:USDT,BCH,short,bch_trend,38.151817011068616,0.0028800309784844,0.0350928144437183,0.0073089861806916,-0.0097265480231005,-0.0377630187588946,-0.0138919141315133,0.000338942016705,-0.0068264307862413,-0.0039774370841769,-0.028930669800235,-0.0283118472779658,0.0040241476542574,-1.6940824363874407,0.0044910779839955,0.0038615018160566,49.7490867870118,0.0035125186627935,-0.0158960688324047,0.0017945941237285,-0.0889186960840029,0,sl,1778983200000,1778990400000,2
1778983200000|ENA/USDT:USDT|ena_trend_discovery|short,2026-05-17 02:00:00+00:00,ENA/USDT:USDT,ENA,short,ena_trend_discovery,47.56684803523503,0.0067802994632262,0.0544307373575665,0.009887936717205,-0.0118891434954091,-0.0732494860708589,-0.0222714003201807,0.0044457056375333,-0.007198952879581,-0.0053390783064817,-0.0432471393819262,-0.0620986422439583,0.0092888799613492,-1.7445833187901416,0.0052724311020061,0.0101724973322472,49.7490867870118,0.0035125186627935,-0.0158960688324047,0.0017945941237285,-0.1499274335090901,0,sl,1778983200000,1778990400000,2
1778983200000|TON/USDT:USDT|ton_trend_discovery|short,2026-05-17 02:00:00+00:00,TON/USDT:USDT,TON,short,ton_trend_discovery,31.04806863700501,0.0102768903088392,0.0546858359957401,0.0095314164004258,-0.0184261079965614,-0.0786233042035371,-0.022577209797657,0.005784061696658,-0.01303342442716,-0.0214162888854151,-0.0482465031421043,-0.0613272181517689,0.013090007025335,-1.8841945993949276,0.0078160640522102,0.01011177716363,49.7490867870118,0.0035125186627935,-0.0158960688324047,0.0017945941237285,-0.2117693004348685,0,sl,1778983200000,1778986800000,1
1778986800000|XRP/USDT:USDT|xrp_trend|short,2026-05-17 03:00:00+00:00,XRP/USDT:USDT,XRP,short,xrp_trend,33.45379419075478,0.0054559625876851,0.0167930277049529,0.010132501948558,-0.0025322195046308,-0.0148469702738577,-0.0033302628781973,0.0036981722494844,-0.0011324226767641,-0.0016976727735729,-0.0178161319507272,-0.0123460135856328,0.0044509013006656,-1.3835726351646804,0.0034212105422709,0.006940514842892,49.31874760516441,0.0034432276545722,-0.0133031045637935,0.001858179704471,-2.208399113982399,0,sl,1778986800000,1778990400000,1
1778990400000|AVAX/USDT:USDT|avax_trend|short,2026-05-17 04:00:00+00:00,AVAX/USDT:USDT,AVAX,short,avax_trend,38.51023334235119,0.0063399957016979,0.0186976144422954,0.0141843971631205,-0.0010656771576903,-0.0343199299053398,-0.0022566086395874,0.003775213029878,0.0034505067931851,-0.0026792412388811,-0.0225816615901692,-0.0332897288512719,0.0054108528524452,-1.455991421614699,0.0044522918862662,0.0067387916871923,48.05762200940505,0.003394976365731,-0.0111709002163293,0.0019111089665108,-2.806577217260823,0,sl,1778990400000,1778994000000,1
1778990400000|DOGE/USDT:USDT|doge_trend_loose|short,2026-05-17 04:00:00+00:00,DOGE/USDT:USDT,DOGE,short,doge_trend_loose,32.65929243944502,0.0069311445508435,0.018422252621979,0.0147742818057455,-6.65466858391374e-05,-0.0277787314292874,-0.0018239854081167,0.0046728971962617,0.0027434842249656,-0.0009111617312073,-0.024639743817826,-0.0277140290202308,0.006611228482303,-1.4438667491971695,0.0051976313702938,0.0075085555182576,48.05762200940505,0.003394976365731,-0.0111709002163293,0.0019111089665108,-0.27816929108522,0,sl,1778990400000,1778994000000,1
1778990400000|XLM/USDT:USDT|xlm_trend_discovery|short,2026-05-17 04:00:00+00:00,XLM/USDT:USDT,XLM,short,xlm_trend_discovery,39.408463986450016,0.0042842077511205,0.0134458212496705,0.0110730292644344,-0.001139267131308,-0.0353067213160474,-0.001186395992618,0.0020474209101115,0.0044356173452499,-0.0051799881974953,-0.011338459533429,-0.0342064244397831,0.0059797010852858,-1.5933348294089618,0.003174586136719,0.0066817227076585,48.05762200940505,0.003394976365731,-0.0111709002163293,0.0019111089665108,-0.019597503424364,0,sl,1778990400000,1779001200000,4
1778994000000|BTC/USDT:USDT|btc_trend_loose|short,2026-05-17 05:00:00+00:00,BTC/USDT:USDT,BTC,short,btc_trend_loose,46.15273518478223,0.0030119980483481,0.0118482168126349,0.006222490866039,-0.0011806685679058,-0.0150314853924453,-0.002812862973298,-0.0003801969855626,0.0051436449082933,-0.0009147995373545,-0.0114217134089295,-0.0138671893791647,0.0033688197901486,-1.6986324570796114,0.0019098501285318,0.0039390646627196,46.15273518478223,0.0033688197901486,-0.0114217134089295,0.0019098501285318,-0.3323605629897311,0,sl,1778994000000,1779008400000,5
1778994000000|ETH/USDT:USDT|eth_trend|short,2026-05-17 05:00:00+00:00,ETH/USDT:USDT,ETH,short,eth_trend,35.913985996077855,0.0048102888004028,0.0184813950295208,0.0083482081559797,-0.0001690309504934,-0.023155460950332,-0.0050665934367706,-0.0006403512784156,0.0076929462877384,0.0032279245317674,-0.018066603748146,-0.0229903160748169,0.0038591227127302,-1.3467350276672347,0.0034880048207365,0.0044900214716697,46.15273518478223,0.0033688197901486,-0.0114217134089295,0.0019098501285318,0.0313803580383247,1,tp,1778994000000,1779001200000,3
1778994000000|SUI/USDT:USDT|sui_trend_discovery|short,2026-05-17 05:00:00+00:00,SUI/USDT:USDT,SUI,short,sui_trend_discovery,41.06307959838467,0.0167529411764706,0.021270588235294,0.0252235294117646,-0.0006804232644318,-0.0820290962837753,0.0019764705882352,-0.0017850432168358,0.0147072867920925,-0.0020663097586174,-0.0151093807934742,-0.0814040622371088,0.0112081458304609,-1.1418497044807108,0.0061207327176211,0.0068064878509297,46.15273518478223,0.0033688197901486,-0.0114217134089295,0.0019098501285318,0.0514268024812963,1,tp,1778994000000,1778997600000,2
1778997600000|AAVE/USDT:USDT|aave_trend|short,2026-05-17 06:00:00+00:00,AAVE/USDT:USDT,AAVE,short,aave_trend,32.89152245881312,0.0053262316910784,0.0114292055037727,0.0215268530847758,-0.0017685461158654,-0.0502518768861148,0.0050488237905015,-0.003868685752183,0.0095216758149434,-0.0044189129474148,-0.0082535490260812,-0.0485692276892297,0.0066404090704538,-1.5226200524031113,0.0058346945157588,0.0075769933872496,44.73102742900408,0.0033142873781919,-0.0068515281731885,0.0016724632532287,-0.4938772876138375,0,sl,1778997600000,1779001200000,2
1778997600000|DOGE/USDT:USDT|doge_trend_loose|short,2026-05-17 06:00:00+00:00,DOGE/USDT:USDT,DOGE,short,doge_trend_loose,28.51437639347264,0.0066593687283341,0.0085750775405948,0.0145046524356868,-0.0005297782116065,-0.0275318722815203,0.0029647874475459,-0.0029106785519373,0.0094852196334835,0.0021941854086668,-0.0179179358537896,-0.0270164067735783,0.0066315212906778,-1.3538009392561294,0.005110738895324,0.0071645823901324,44.73102742900408,0.0033142873781919,-0.0068515281731885,0.0016724632532287,-0.0433219992287925,0,sl,1778997600000,1779001200000,2
1778997600000|ENA/USDT:USDT|ena_trend_discovery|short,2026-05-17 06:00:00+00:00,ENA/USDT:USDT,ENA,short,ena_trend_discovery,42.24040297076265,0.0059740502193596,0.0118547559040417,0.0185755624008214,-0.001969889263296,-0.0626341836608573,0.0033604032483897,-0.0023281802942819,0.0088520576325454,-0.0021423248882265,-0.0116246886244117,-0.0607840322099915,0.0089006976279757,-1.7490801030367662,0.004421955320555,0.009980467785411,44.73102742900408,0.0033142873781919,-0.0068515281731885,0.0016724632532287,-0.0262907100068757,0,sl,1778997600000,1779001200000,2
1779001200000|AVAX/USDT:USDT|avax_trend|short,2026-05-17 07:00:00+00:00,AVAX/USDT:USDT,AVAX,short,avax_trend,33.1127137986696,0.0061178490930557,0.0055811956638402,0.0153482880755608,-0.0001886603947041,-0.0322591560213893,0.0048835462058603,-0.0027828320667879,0.004961708553554,0.0006443990978413,-0.0051254671649759,-0.0320765472007408,0.0053432771887225,-1.3553706850660832,0.0039702233871797,0.0066743401053698,43.394434954701374,0.0032215059263689,-0.0025161391625381,0.0015381198867185,-0.4365012427901109,0,sl,1779001200000,1779015600000,7
1779001200000|BCH/USDT:USDT|bch_trend|short,2026-05-17 07:00:00+00:00,BCH/USDT:USDT,BCH,short,bch_trend,33.57696244786971,0.0022401541611465,0.0135131880043358,0.0119956642177525,-0.0030528941404909,-0.0316298481169918,-0.0007587618932917,0.0001927385742164,0.0006266721299621,-0.0051044861963189,-0.0164419910445638,-0.0286644635493109,0.0038034799841421,-1.7869412043795507,0.0043246728500564,0.0038505936038824,43.394434954701374,0.0032215059263689,-0.0025161391625381,0.0015381198867185,-0.0606742727287923,0,sl,1779001200000,1779004800000,2
1779004800000|LINK/USDT:USDT|link_trend|short,2026-05-17 08:00:00+00:00,LINK/USDT:USDT,LINK,short,link_trend,33.93480039584057,0.0032813781788351,0.0075881870385561,0.0146636587366694,-5.72640994807215e-05,-0.0338881194287919,0.0035377358490565,-0.0021487772434256,-0.001126702857728,0.0015405155592072,-0.0047964077967138,-0.03383279273372,0.0059801394171987,-1.6800360126354072,0.0040134391402651,0.0061729091847652,42.24311300548297,0.0031464464648421,-0.0043220074117069,0.001541169219688,-0.0784114191990301,0,sl,1779004800000,1779008400000,2
1779004800000|XRP/USDT:USDT|xrp_trend|short,2026-05-17 08:00:00+00:00,XRP/USDT:USDT,XRP,short,xrp_trend,25.85153297426542,0.0041728552231416,0.0050922978994271,0.0119527547917108,-0.0009358835434944,-0.0124669175064553,0.0034302284461417,-0.0026100451467269,-0.0007067637288855,-0.0007773851590107,-0.002046866177301,-0.0115418357771263,0.0042113228929556,-1.3098095200780917,0.0031730151255458,0.0068993823306616,42.24311300548297,0.0031464464648421,-0.0043220074117069,0.001541169219688,-1.9867950165332195,0,sl,1779004800000,1779012000000,3
1779004800000|SOL/USDT:USDT|sol_trend_discovery|short,2026-05-17 08:00:00+00:00,SOL/USDT:USDT,SOL,short,sol_trend_discovery,41.62025869579538,0.0053019824804056,0.0081834946980174,0.0152143845089904,-2.080403186838413e-05,-0.0319863896238636,0.0035154449054864,-0.0018407731247123,-0.0004608294930874,0.0015006348839894,-0.0077767612076852,-0.0319662506188918,0.005736589053638,-1.7584738784647334,0.0041784366218785,0.0051180955714635,42.24311300548297,0.0031464464648421,-0.0043220074117069,0.001541169219688,0.0104518679841205,1,tp,1779004800000,1779008400000,2
1779004800000|ENA/USDT:USDT|ena_trend_discovery|short,2026-05-17 08:00:00+00:00,ENA/USDT:USDT,ENA,short,ena_trend_discovery,38.37689225537981,0.005692422545726,0.0077454273982829,0.0188503172825681,-0.0017048307671678,-0.0612446446042046,0.0055524449421427,-0.0037188545927854,-9.330969487730822e-05,-0.0024204058834481,-0.003626220362622,-0.0596414924884308,0.0086175194603897,-1.7771222954584174,0.0043486594640062,0.0099950343516757,42.24311300548297,0.0031464464648421,-0.0043220074117069,0.001541169219688,-0.0195040764688449,0,sl,1779004800000,1779008400000,2
1779004800000|XLM/USDT:USDT|xlm_trend_discovery|short,2026-05-17 08:00:00+00:00,XLM/USDT:USDT,XLM,short,xlm_trend_discovery,32.19050628186052,0.0032990234890472,0.0093692267088941,0.0100290314067035,-0.0017866998372353,-0.0349861253739331,0.0003299023489046,-0.0021069265209374,-0.0010545742156603,-0.0013178703215603,-0.0019097793875535,-0.0332588491170017,0.0056410946491704,-1.6227543292574351,0.0028690943887892,0.0066517232251231,42.24311300548297,0.0031464464648421,-0.0043220074117069,0.001541169219688,-0.0149217657658466,0,sl,1779004800000,1779008400000,2
1779004800000|TON/USDT:USDT|ton_trend_discovery|short,2026-05-17 08:00:00+00:00,TON/USDT:USDT,TON,short,ton_trend_discovery,22.454402980961003,0.016270337922403,0.0243012098456403,0.0299853984146849,-0.0005448711962796,-0.0561204848163044,0.0028420942845222,-0.0121065375302663,-0.0016659725114536,0.0095819732547119,0.0021426704990854,-0.0556059116796419,0.0124636306453948,-1.7330808825526025,0.0073556566377555,0.0090133148984353,42.24311300548297,0.0031464464648421,-0.0043220074117069,0.001541169219688,0.0065269600770197,1,sl,1779004800000,1779008400000,1
1779012000000|BNB/USDT:USDT|bnb_trend|short,2026-05-17 10:00:00+00:00,BNB/USDT:USDT,BNB,short,bnb_trend,29.857012029898115,0.0033427459360452,0.0082881782797833,0.0074334121956803,-0.0010212060737406,-0.0195870958298282,-0.0004273830420515,0.0022794725086436,-0.0008083211322595,-0.0025273671229122,0.0011154915803306,-0.0185848687369213,0.0044147570025408,-2.02851705697368,0.0022239887563757,0.0044965763043457,37.93228406888398,0.0032145932430793,0.0062280593705732,0.0013928220782806,-0.38048830537581,0,sl,1779012000000,1779044400000,11
1779012000000|BCH/USDT:USDT|bch_trend|short,2026-05-17 10:00:00+00:00,BCH/USDT:USDT,BCH,short,bch_trend,30.272960188882564,0.0045784235764716,0.0083375503024168,0.0116147377045229,-0.0023038927701628,-0.0310591252351782,0.001638593701053,0.0014962473152013,-0.0001927385742163,-0.002499819724539,0.0025365995071748,-0.0288216344201803,0.0036654834299023,-1.776392396404064,0.002666876380891,0.0038603132744737,37.93228406888398,0.0032145932430793,0.0062280593705732,0.0013928220782806,-0.2034567805243248,0,sl,1779012000000,1779019200000,3
1779015600000|ENA/USDT:USDT|ena_trend_discovery|short,2026-05-17 11:00:00+00:00,ENA/USDT:USDT,ENA,short,ena_trend_discovery,31.811706650676147,0.0067989196237311,0.0121076650833567,0.017882089969265,-0.0004846009702196,-0.0578219800509966,0.0028872124429541,-0.0038964653492903,-0.0017664559315732,0.0049606888805688,0.0115884680610514,-0.0573651783018388,0.0085680163755887,-1.6917531181531589,0.0034546878480789,0.0099891179495008,35.59680172458294,0.0031603822788405,0.004215651728225,0.001384879627078,-0.0960023393809542,0,sl,1779015600000,1779019200000,2
1779019200000|LINK/USDT:USDT|link_trend|short,2026-05-17 12:00:00+00:00,LINK/USDT:USDT,LINK,short,link_trend,27.685879184388764,0.008813281410125,0.0092232014757124,0.0143472022955522,-0.0004520377258905,-0.0321265122031776,0.0025620004099199,-0.0028612303290415,0.0006152584085314,0.00889164598842,0.011401326699834,-0.0316887990099277,0.0060688772575701,-1.421773412608524,0.0031594209013784,0.0060591503652026,33.80664217453987,0.0031511621686619,0.0044485765580917,0.0013785640115374,-0.4658946947650941,0,sl,1779019200000,1779022800000,2
1779019200000|SOL/USDT:USDT|sol_trend_discovery|short,2026-05-17 12:00:00+00:00,SOL/USDT:USDT,SOL,short,sol_trend_discovery,34.38080083232119,0.0035755478662053,0.0063437139561706,0.0137254901960784,-0.0009204239493826,-0.0314673272832928,0.0036908881199539,-0.001612160294795,-0.0006915629322268,0.0070856080845627,0.0060338825713621,-0.0305750453378926,0.0052452686908534,-1.8439855238314575,0.0023328932568759,0.0050235652219772,33.80664217453987,0.0031511621686619,0.0044485765580917,0.0013785640115374,0.9547034195792394,1,tp,1779019200000,1779026400000,2
1779019200000|XLM/USDT:USDT|xlm_trend_discovery|short,2026-05-17 12:00:00+00:00,XLM/USDT:USDT,XLM,short,xlm_trend_discovery,25.208084751006528,0.0032275062574102,0.0076406270583585,0.0117244104861019,-0.0003498688211609,-0.0321011032768956,0.0020418917138717,-0.0008555445870351,0.0017154922143045,0.0050976497848396,0.0023106885851984,-0.0317623471106756,0.0051902759903275,-1.6761440155640788,0.0024521206683557,0.0064301138078423,33.80664217453987,0.0031511621686619,0.0044485765580917,0.0013785640115374,0.8026430203250468,1,tp,1779019200000,1779033600000,4
1779022800000|BTC/USDT:USDT|btc_trend_loose|short,2026-05-17 13:00:00+00:00,BTC/USDT:USDT,BTC,short,btc_trend_loose,31.450839686923217,0.0025932322650802,0.0051084244866628,0.0062636729994243,-0.0005838722822637,-0.0130441410366078,0.0005776242563806,-0.0020669782667256,-0.0006303195195763,0.0061386492912041,0.0022708650957392,-0.0124675482101718,0.0031173707019869,-1.4679588675138,0.0014533677321646,0.0038593852057083,31.450839686923217,0.0031173707019869,0.0022708650957392,0.0014533677321646,1.3523567454317482,1,tp,1779022800000,1779026400000,1
1779022800000|BCH/USDT:USDT|bch_trend|short,2026-05-17 13:00:00+00:00,BCH/USDT:USDT,BCH,short,bch_trend,27.724701540141226,0.0048403881991335,0.0127302209637212,0.0023475882765797,-0.005257611568912,-0.034293059252912,-0.0051913163435708,-0.0024866013229685,-0.0028476965031252,0.000338942016705,-0.0035691031422577,-0.029188911643541,0.0037399163406281,-1.5035652129198342,0.0022225278793397,0.0038455338916443,31.450839686923217,0.0031173707019869,0.0022708650957392,0.0014533677321646,0.2848882896610051,1,tp,1779022800000,1779026400000,1
1779022800000|ADA/USDT:USDT|ada_trend_discovery|short,2026-05-17 13:00:00+00:00,ADA/USDT:USDT,ADA,short,ada_trend_discovery,26.7304303885481,0.0062671367019192,0.0109674892283586,0.0109674892283588,-0.0013238553539942,-0.0261072376077403,2.1743498327950576e-16,-0.0023446658851112,-0.00390167772142,0.0106888361045132,0.0047225501770957,-0.0248162353597931,0.0057625031300006,-1.4821062178731628,0.0027480513701134,0.006351457153894,31.450839686923217,0.0031173707019869,0.0022708650957392,0.0014533677321646,0.2077651433166348,1,tp,1779022800000,1779040800000,5
1779022800000|SUI/USDT:USDT|sui_trend_discovery|short,2026-05-17 13:00:00+00:00,SUI/USDT:USDT,SUI,short,sui_trend_discovery,31.43271608245425,0.0064721883500608,0.0224181596473126,0.0195103648813433,-0.0014313053358626,-0.0736165326279962,-0.0014538973829846,-0.0021527517783601,-0.0114974501622623,0.0181453538343998,0.0173680694722779,-0.0722886944862744,0.0101111135874929,-1.572716331646275,0.0053483032526463,0.0065450157403994,31.450839686923217,0.0031173707019869,0.0022708650957392,0.0014533677321646,-0.038823701144324,0,sl,1779022800000,1779044400000,7
1779022800000|ENA/USDT:USDT|ena_trend_discovery|short,2026-05-17 13:00:00+00:00,ENA/USDT:USDT,ENA,short,ena_trend_discovery,28.650944034461254,0.010206948216125,0.017604644629647,0.012547991384961,-0.0053807185419644,-0.0617995305168263,-0.0025283266223429,-0.0065122336961578,-0.0096448112770101,0.0101210745365114,0.0044206170052671,-0.0567240280041186,0.0085978966053793,-1.605940292451209,0.0037379305171142,0.0098038953660265,31.450839686923217,0.0031173707019869,0.0022708650957392,0.0014533677321646,0.0259739155003925,1,tp,1779022800000,1779051600000,9
1779026400000|LINK/USDT:USDT|link_trend|short,2026-05-17 14:00:00+00:00,LINK/USDT:USDT,LINK,short,link_trend,25.149294034634483,0.015848512915509,0.0134815272203355,0.0097766800452815,-0.004541055281446,-0.0355802432380177,-0.0018524235875269,-0.008469387755102,-0.009076075871915,0.0078829996888289,0.0060047623977637,-0.0311807816095794,0.0070149504567072,-0.8777993532540543,0.0037178276470449,0.0055064562205151,30.633594204847277,0.0032463959124175,-0.0010334190033844,0.0014889090156546,3.9810171540700927,1,tp,1779026400000,1779037200000,4
1779026400000|ETH/USDT:USDT|eth_trend|short,2026-05-17 14:00:00+00:00,ETH/USDT:USDT,ETH,short,eth_trend,23.093803636597137,0.0070599431727191,0.0055180113197014,0.0086522051455685,-0.0008071473433803,-0.0210353178700865,0.0015670969129335,-0.0025238464698095,-0.0035107396718141,0.0056272833518915,0.0030289540470958,-0.0202445108298405,0.0037456952622092,-1.064120217148183,0.0021921971427478,0.0039048289404215,30.633594204847277,0.0032463959124175,-0.0010334190033844,0.0014889090156546,0.1244196810235403,1,tp,1779026400000,1779030000000,1
1779026400000|AVAX/USDT:USDT|avax_trend|short,2026-05-17 14:00:00+00:00,AVAX/USDT:USDT,AVAX,short,avax_trend,24.269344727149264,0.0086104832633731,0.013130986976644,0.0125928317726833,-0.0034902924882682,-0.0329301251962362,-0.0002690776019803,-0.0040733197556008,-0.0083253282100543,0.0077006507592189,0.000215308429325,-0.0295429462312804,0.0055037806804102,-1.033514144501568,0.0032233960669611,0.0056940065908038,30.633594204847277,0.0032463959124175,-0.0010334190033844,0.0014889090156546,0.4047638059324154,1,tp,1779026400000,1779037200000,3
1779026400000|ONDO/USDT:USDT|ondo_trend_discovery|short,2026-05-17 14:00:00+00:00,ONDO/USDT:USDT,ONDO,short,ondo_trend_discovery,34.99368431521014,0.0116642958748221,0.033570412517781,0.0349928876244665,-0.0018961368214831,-0.0516077419132755,0.0007112375533427,-0.0045312942509205,-0.0148542600896861,0.0320023487962417,0.0167775527914375,-0.0498060441660681,0.0120233873814978,-0.8501965882847992,0.0074480469085147,0.008554046061272,30.633594204847277,0.0032463959124175,-0.0010334190033844,0.0014889090156546,-0.024207305704559,0,sl,1779026400000,1779044400000,6
1779030000000|BTC/USDT:USDT|btc_trend_loose|short,2026-05-17 15:00:00+00:00,BTC/USDT:USDT,BTC,short,btc_trend_loose,29.87472340006247,0.0027177083052909,0.0071455217423075,0.0042496240717167,-0.0021366906531223,-0.0147473023869471,-0.0014479488352954,-3.461112478475581e-05,-0.0046522013742241,0.0002141294675483,-0.0023940425172744,-0.0126376144064046,0.0032087368511185,-1.315769672084117,0.0014600443852104,0.0033034776591233,29.87472340006247,0.0032087368511185,-0.0023940425172744,0.0014600443852104,-0.0315746919225238,0,sl,1779030000000,1779040800000,4
1779030000000|BCH/USDT:USDT|bch_trend|short,2026-05-17 15:00:00+00:00,BCH/USDT:USDT,BCH,short,bch_trend,28.198506564585,0.0035436893203882,0.0156553398058252,0.0027669902912621,-0.0064875267063536,-0.0363484671172949,-0.0064441747572814,0.0020186297638447,-0.0044942734257962,-0.0069657017522716,-0.0114451615999231,-0.0300559290533592,0.0038236208334223,-1.3069157497150876,0.0022343768867124,0.0038037157711508,29.87472340006247,0.0032087368511185,-0.0023940425172744,0.0014600443852104,0.1238756811471224,1,tp,1779030000000,1779037200000,2
1779030000000|DOGE/USDT:USDT|doge_trend_loose|short,2026-05-17 15:00:00+00:00,DOGE/USDT:USDT,DOGE,short,doge_trend_loose,24.037421402321243,0.0080630549012502,0.0217430693966298,0.0212900887842,-0.000606565085109,-0.0194475458830034,-0.0002264903062148,-0.0033408577878103,-0.0095118449389804,0.0113615539673814,0.0067493615468807,-0.0188524160152191,0.0076787294407627,-0.7547466262948174,0.0049612500318359,0.0068590572846805,29.87472340006247,0.0032087368511185,-0.0023940425172744,0.0014600443852104,-0.024757237188014,0,sl,1779030000000,1779044400000,6
1779030000000|SOL/USDT:USDT|sol_trend_discovery|short,2026-05-17 15:00:00+00:00,SOL/USDT:USDT,SOL,short,sol_trend_discovery,33.685537873815704,0.0040513948373655,0.0099548558860979,0.0101863641625187,-0.003156709436894,-0.0339139220745516,0.0001157541382105,0.0016231884057971,-0.0051819438046982,-0.0008096229470274,-0.0003471418653089,-0.0308546116815243,0.0052598033112217,-1.648747503785915,0.0025007704157104,0.0044166420066661,29.87472340006247,0.0032087368511185,-0.0023940425172744,0.0014600443852104,-0.0504714972901247,0,time_stop,1779030000000,1779051600000,8
1779030000000|NEAR/USDT:USDT|near_trend_discovery|short,2026-05-17 15:00:00+00:00,NEAR/USDT:USDT,NEAR,short,near_trend_discovery,24.800808706735857,0.008530183727034,0.0229658792650918,0.031496062992126,-0.0009006492834699,-0.0146252364544257,0.004265091863517,-0.0026178010471203,-0.0180412371134021,0.0132978723404255,0.0228187919463087,-0.0137369593535546,0.0099145028060216,-1.1151010291605048,0.0051618008064314,0.0071501280025214,29.87472340006247,0.0032087368511185,-0.0023940425172744,0.0014600443852104,-0.0211226357329848,0,sl,1779030000000,1779044400000,6
1779033600000|ETH/USDT:USDT|eth_trend|short,2026-05-17 16:00:00+00:00,ETH/USDT:USDT,ETH,short,eth_trend,21.18139833509869,0.0033233860949525,0.0073893770828462,0.0068072115186271,-0.0023377018262413,-0.0224286580045768,-0.0002910827821095,-0.0018211019039207,-0.0054072044388314,-0.0021909161597218,0.0037822840025951,-0.02013803289461,0.0037056923963272,-1.0316782598475849,0.0021557441856963,0.0037159027063265,28.73494848558281,0.0031498786467353,-0.0022093524563214,0.0014592169417525,0.1254931850852044,1,tp,1779033600000,1779037200000,1
1779037200000|XLM/USDT:USDT|xlm_trend_discovery|short,2026-05-17 17:00:00+00:00,XLM/USDT:USDT,XLM,short,xlm_trend_discovery,23.595750946314308,0.0049747943751658,0.0137967630671265,0.0047758026001591,-0.0047793799186171,-0.0370813612706111,-0.0045104802334837,0.0015279346309706,-0.0052784375824755,-0.0071127502634351,-0.0115394702334119,-0.0324571061935518,0.0052607647310758,-1.4066125983491464,0.0025591532575501,0.005720159048902,28.32306969260652,0.0031452376489232,-0.0014636792597672,0.0014667772598321,-0.0882826176306573,0,sl,1779037200000,1779044400000,2
1779040800000|AVAX/USDT:USDT|avax_trend|short,2026-05-17 18:00:00+00:00,AVAX/USDT:USDT,AVAX,short,avax_trend,20.98391117485136,0.0080862533692723,0.0148787061994609,0.01088948787062,-0.0033609793896567,-0.0332710724522329,-0.0019946091644204,0.0018362497299633,-0.0017220966526746,-0.0072781761746761,-0.0061080154307758,-0.0300109592781738,0.0055845683761668,-0.8882203505517996,0.0031311918605133,0.0055963056863373,26.9875972999275,0.003164451992532,0.0003350383631712,0.0015420743398475,-2.8395454991830595,0,sl,1779040800000,1779051600000,5
1779040800000|BCH/USDT:USDT|bch_trend|short,2026-05-17 18:00:00+00:00,BCH/USDT:USDT,BCH,short,bch_trend,30.336128232586965,0.0056275166157279,0.0136564304079949,0.0111822636200456,-0.0040391900159577,-0.0346869531008489,-0.0012370833939746,0.0028216978837265,0.0026509716175791,-0.0067699424193509,-0.0125272461615847,-0.0307720572713922,0.00435354801718,-0.5077198787261343,0.0022977743575816,0.003772776749924,26.9875972999275,0.003164451992532,0.0003350383631712,0.0015420743398475,-0.2703730518097785,0,sl,1779040800000,1779048000000,3
1779044400000|ADA/USDT:USDT|ada_trend_discovery|short,2026-05-17 19:00:00+00:00,ADA/USDT:USDT,ADA,short,ada_trend_discovery,24.727902012972567,0.0050980392156863,0.012156862745098,0.0098039215686274,-0.0006338196119082,-0.0256182341172424,-0.0011764705882351,0.003147128245476,0.0,-0.00390625,-0.000392003136025,-0.0250002601605267,0.0057570533695813,-1.2675704568879296,0.0027007995882607,0.0049826506966361,25.25543285550285,0.0031698573488029,0.0018562125593488,0.0015851380270477,-0.4513072527392004,0,sl,1779044400000,1779051600000,3
1779051600000|BCH/USDT:USDT|bch_trend|short,2026-05-17 21:00:00+00:00,BCH/USDT:USDT,BCH,short,bch_trend,30.37747368029784,0.0053941607605041,0.0077888778694273,0.0139328995428268,-0.0007256290966376,-0.031055840951463,0.0030720108366997,0.0027165344781585,0.0056190707856969,-0.0023167700364408,-0.0076334045464364,-0.0303522363206476,0.0044629363376346,-0.3247643146468439,0.0025530581206392,0.0038308060121496,22.416018995187358,0.0031290709049157,0.001741037873326,0.0016668363769786,2.7992262203278755,1,tp,1779051600000,1779058800000,2
1779055200000|BNB/USDT:USDT|bnb_trend|short,2026-05-17 22:00:00+00:00,BNB/USDT:USDT,BNB,short,bnb_trend,21.690868543217874,0.0063295009784735,0.0058249755381603,0.0058096868884541,-0.0011489199044059,-0.0188713840797012,-7.64432485322201e-06,-0.004944244139169,0.0007343941248469,-0.0016332137678393,-0.00415645315997,-0.0177428492880031,0.0044060375785953,-1.309097461686378,0.0027014873427466,0.0042543084510381,22.04189024675302,0.0034664882731618,-0.0023277687843518,0.0019689551365789,2.532726258198612,1,tp,1779055200000,1779058800000,1
1779055200000|SOL/USDT:USDT|sol_trend_discovery|short,2026-05-17 22:00:00+00:00,SOL/USDT:USDT,SOL,short,sol_trend_discovery,25.20345140107014,0.0107926192410352,0.0125333642799117,0.0076592781710571,-0.0046117818707117,-0.0342122811815182,-0.0024370430544272,-0.008058017727639,-0.0023156188491374,-0.0087426665132865,-0.0036998496936061,-0.0297376428329009,0.0055664646854965,-1.160248383617004,0.0031856994702438,0.0044781182722871,22.04189024675302,0.0034664882731618,-0.0023277687843518,0.0019689551365789,0.3268999319156636,1,tp,1779055200000,1779058800000,1
1779055200000|ADA/USDT:USDT|ada_trend_discovery|short,2026-05-17 22:00:00+00:00,ADA/USDT:USDT,ADA,short,ada_trend_discovery,23.44065845581125,0.0090658257784786,0.0173433188805676,0.0047299960583365,-0.0050278817728742,-0.0297959774806942,-0.0063066614111154,-0.0058777429467085,-0.0019669551534224,-0.0128404669260701,-0.0035349567949725,-0.0248932560562125,0.0059659356315271,-1.0648896434954818,0.0029115567644939,0.0049819479807484,22.04189024675302,0.0034664882731618,-0.0023277687843518,0.0019689551365789,0.352518678558883,1,tp,1779055200000,1779058800000,1
1779055200000|ENA/USDT:USDT|ena_trend_discovery|short,2026-05-17 22:00:00+00:00,ENA/USDT:USDT,ENA,short,ena_trend_discovery,24.957035966911917,0.0175620810121801,0.026059862147106,0.0053819280521197,-0.0092144900375395,-0.064401696643526,-0.0103389670474931,-0.0113880332306542,-0.0066591633839805,-0.0174413210872993,-0.0098167539267015,-0.0557004579205821,0.0090691050387376,-1.0760387855282354,0.0043861308344507,0.00826039478433,22.04189024675302,0.0034664882731618,-0.0023277687843518,0.0019689551365789,0.4650100645144784,1,tp,1779055200000,1779058800000,1
1779055200000|ONDO/USDT:USDT|ondo_trend_discovery|short,2026-05-17 22:00:00+00:00,ONDO/USDT:USDT,ONDO,short,ondo_trend_discovery,23.341568893105265,0.0193953223046205,0.0362236166571591,0.0325156873930405,-0.0043338117400597,-0.0503419389232443,-0.0018539646320592,-0.0151685393258426,-0.0022766078542969,-0.0173766816143496,0.0182979959337787,-0.0462083856273054,0.0124269676036626,-0.5251272465794533,0.0089546058523058,0.008456635510241,22.04189024675302,0.0034664882731618,-0.0023277687843518,0.0019689551365789,0.640613810189956,1,tp,1779055200000,1779058800000,1
1779058800000|ETH/USDT:USDT|eth_trend|short,2026-05-17 23:00:00+00:00,ETH/USDT:USDT,ETH,short,eth_trend,20.633781309700822,0.0440963810167709,0.0318093038105433,0.0210716096681503,-0.0235002588815494,-0.044020338164458,-0.0053688470711964,-0.0223809348951637,-0.0280733777493839,-0.027953612975953,-0.022851873431543,-0.0210139116467205,0.0069971220481924,1.132206370168487,0.005201928311953,0.0044907852539596,24.00601988242092,0.0044438882606095,-0.0086269368356631,0.002399972659987,8.508523468120144,1,time_stop,1779058800000,1779087600000,12
1779062400000|BNB/USDT:USDT|bnb_trend|short,2026-05-18 00:00:00+00:00,BNB/USDT:USDT,BNB,short,bnb_trend,25.05456115674344,0.0073909144323839,0.017240312954201,0.010421498592943,-0.0105316175904641,-0.0293503227242505,-0.0034094071806288,-0.0046325509811465,-0.0124599175446632,-0.0153766518482431,-0.0086908539108842,-0.0190190060322689,0.0058294826157934,-0.2478351996740469,0.0028843131437201,0.0042196011756847,25.82985454411254,0.0046747658658525,-0.0094936302707808,0.0024387938771187,0.402069368363462,1,tp,1779062400000,1779076800000,4
1779062400000|AVAX/USDT:USDT|avax_trend|short,2026-05-18 00:00:00+00:00,AVAX/USDT:USDT,AVAX,short,avax_trend,21.68680325238107,0.0097943192948089,0.0243769724670802,0.0279682228751768,-0.0097308748184349,-0.0402520622006286,0.0017956252040483,-0.0001088139281827,-0.0112976113621692,-0.0171141298534602,-0.0091654086693981,-0.0308211036839078,0.0081379613801975,0.4540270337351577,0.0037753889147765,0.0055862762919665,25.82985454411254,0.0046747658658525,-0.0094936302707808,0.0024387938771187,1.2020401175850792,1,sl,1779062400000,1779102000000,13
1779062400000|BCH/USDT:USDT|bch_trend|short,2026-05-18 00:00:00+00:00,BCH/USDT:USDT,BCH,short,bch_trend,36.32289097517327,0.0085042025140703,0.0329754791361912,0.0146282200679343,-0.0202575814331678,-0.0533298506577858,-0.0091736295341283,-0.002744535654238,-0.0217322758252687,-0.0262903770942978,-0.0300836860330896,-0.0337560858832632,0.0069946796937157,2.732434522776065,0.0040893177168361,0.0041450235930636,25.82985454411254,0.0046747658658525,-0.0094936302707808,0.0024387938771187,0.3528438846423765,1,tp,1779062400000,1779066000000,1
1779062400000|DOGE/USDT:USDT|doge_trend_loose|short,2026-05-18 00:00:00+00:00,DOGE/USDT:USDT,DOGE,short,doge_trend_loose,21.5400190426058,0.0237583013749883,0.0549059956973154,0.0177719577214479,-0.0273106174695952,-0.0482087327075172,-0.0185670189879337,-0.0183637866127995,-0.0324011222735088,-0.0455316489599142,-0.0223136716963877,-0.0214848805931823,0.0117161536203339,0.8064416199107961,0.0072158506617083,0.0065882596402745,25.82985454411254,0.0046747658658525,-0.0094936302707808,0.0024387938771187,0.473630657259556,1,tp,1779062400000,1779066000000,1
1779062400000|SOL/USDT:USDT|sol_trend_discovery|short,2026-05-18 00:00:00+00:00,SOL/USDT:USDT,SOL,short,sol_trend_discovery,29.579825989680767,0.0117247039512252,0.0229804197444013,0.023214913823426,-0.0120105977426481,-0.0432275580773294,0.0001172470395123,0.0014089468122577,-0.015354421611637,-0.0162629757785466,-0.0092926007666395,-0.0315964526171606,0.0079263139606182,0.5428778289365375,0.0038829043820179,0.0046104861130209,25.82985454411254,0.0046747658658525,-0.0094936302707808,0.0024387938771187,0.017615175305575,1,sl,1779062400000,1779102000000,12
1779062400000|ADA/USDT:USDT|ada_trend_discovery|short,2026-05-18 00:00:00+00:00,ADA/USDT:USDT,ADA,short,ada_trend_discovery,28.778946330300396,0.0087579617834395,0.0274681528662421,0.0246815286624203,-0.0124422567658842,-0.0386362880136311,-0.0013933121019108,-0.0031746031746032,-0.0133542812254517,-0.0183665494333725,-0.0125786163522013,-0.0265240502919506,0.0081444023784288,0.0699540574711549,0.0032212902244173,0.0049342812920013,25.82985454411254,0.0046747658658525,-0.0094936302707808,0.0024387938771187,0.2093713427908526,1,tp,1779062400000,1779084000000,6
1779062400000|SUI/USDT:USDT|sui_trend_discovery|short,2026-05-18 00:00:00+00:00,SUI/USDT:USDT,SUI,short,sui_trend_discovery,22.957105374709705,0.0139208909370199,0.0464669738863287,0.03139400921659,-0.0194667825741177,-0.0875087457145142,-0.0075364823348693,-0.0019164430816405,-0.0253579114812387,-0.0250842381130662,-0.0155939892259709,-0.0693928180414139,0.0125615085508317,0.2195013004445061,0.0063153346433028,0.0065342530676256,25.82985454411254,0.0046747658658525,-0.0094936302707808,0.0024387938771187,0.0074736721718798,1,sl,1779062400000,1779102000000,11
1779062400000|ENA/USDT:USDT|ena_trend_discovery|short,2026-05-18 00:00:00+00:00,ENA/USDT:USDT,ENA,short,ena_trend_discovery,30.02230366567946,0.0174352134146341,0.0353467987804878,0.0466844512195122,-0.0144204070201972,-0.0714101522612885,0.0056688262195121,0.0053639846743294,-0.0167681498829039,-0.0235370732161132,-0.0126987113159627,-0.0578235848702877,0.0128390021551605,0.1198451034673874,0.0052999920566828,0.0082935034852716,25.82985454411254,0.0046747658658525,-0.0094936302707808,0.0024387938771187,0.0063877089413687,1,sl,1779062400000,1779102000000,11
1779062400000|XLM/USDT:USDT|xlm_trend_discovery|short,2026-05-18 00:00:00+00:00,XLM/USDT:USDT,XLM,short,xlm_trend_discovery,24.033589930576596,0.0101003344481606,0.0223411371237458,0.0279598662207357,-0.0101209226249189,-0.0427124145757031,0.002809364548495,0.0019435694658533,-0.0122233234225306,-0.0152812541167173,-0.0102615028136378,-0.0329247204994057,0.0079425502017013,-0.0164552951601148,0.0035648387173031,0.0048917916546534,25.82985454411254,0.0046747658658525,-0.0094936302707808,0.0024387938771187,0.1551007176499243,1,tp,1779062400000,1779098400000,10
1779062400000|ONDO/USDT:USDT|ondo_trend_discovery|short,2026-05-18 00:00:00+00:00,ONDO/USDT:USDT,ONDO,short,ondo_trend_discovery,25.018430200475382,0.0151162790697673,0.0561046511627908,0.0319767441860463,-0.0193557606248399,-0.0669986275716111,-0.0120639534883722,-0.0046296296296297,-0.0235594663638945,-0.0345214706707831,0.0032079323417906,-0.0485832323627658,0.0153938542399094,0.5412584086397672,0.0094925030834623,0.0085242349100981,25.82985454411254,0.0046747658658525,-0.0094936302707808,0.0024387938771187,0.2845540645913065,1,tp,1779062400000,1779094800000,9
1779066000000|BTC/USDT:USDT|btc_trend_loose|short,2026-05-18 01:00:00+00:00,BTC/USDT:USDT,BTC,short,btc_trend_loose,27.763550285017736,0.0074567520059156,0.0191971148544779,0.0054291070189207,-0.0108100053213749,-0.0248785250896879,-0.0068840039177784,-0.0011817191162503,-0.0163452237849867,-0.013823322458901,-0.0077695296963113,-0.0142222625016376,0.0048786149007467,0.3535080841344253,0.0023858951120939,0.0032013225638821,27.763550285017736,0.0048786149007467,-0.0077695296963113,0.0023858951120939,-0.0037189997158497,0,sl,1779066000000,1779102000000,10
1779066000000|LINK/USDT:USDT|link_trend|short,2026-05-18 01:00:00+00:00,LINK/USDT:USDT,LINK,short,link_trend,25.40760362863185,0.009554808903822,0.0340193196136079,0.0215245695086096,-0.0164279336329225,-0.0506838144828922,-0.0062473750524991,0.0011563124145905,-0.0233798195242003,-0.0281632653061225,-0.0103906899418122,-0.0348280334724198,0.0092355147657659,0.6430053198095986,0.0045600692826227,0.0051592637654926,27.763550285017736,0.0048786149007467,-0.0077695296963113,0.0023858951120939,-0.0659700835680283,0,sl,1779066000000,1779076800000,4
1779066000000|AAVE/USDT:USDT|aave_trend|short,2026-05-18 01:00:00+00:00,AAVE/USDT:USDT,AAVE,short,aave_trend,21.955820914092477,0.0104835982414608,0.0325780633524969,0.0246871829556983,-0.0154818957271972,-0.0573291358972719,-0.0039454401983993,-0.0029223333707991,-0.0220482857457832,-0.0251648351648352,-0.004600538599641,-0.0425053028364413,0.0090433596640327,0.1851888441338551,0.0039636603049847,0.0065684615422301,27.763550285017736,0.0048786149007467,-0.0077695296963113,0.0023858951120939,0.0818844311561513,1,sl,1779066000000,1779102000000,11
1779069600000|XRP/USDT:USDT|xrp_trend|short,2026-05-18 02:00:00+00:00,XRP/USDT:USDT,XRP,short,xrp_trend,24.85325746243609,0.0091242186938716,0.0262231482146705,0.0229183130972051,-0.012223545843428,-0.0255692044026146,-0.0016524175587328,-0.0011481880157876,-0.0136763038548753,-0.0145143018974795,-0.0100988549889765,-0.0135108085468407,0.0078584353611925,0.3948193477078005,0.0034594451767192,0.0047139408278532,29.60161550140161,0.0050310552336748,-0.013446567586695,0.0024129306178587,0.6087712271582113,1,sl,1779069600000,1779102000000,9
1779069600000|BCH/USDT:USDT|bch_trend|short,2026-05-18 02:00:00+00:00,BCH/USDT:USDT,BCH,short,bch_trend,42.62375726985927,0.0197713691868016,0.0824369966224994,0.0020784619381656,-0.0550226386591337,-0.0949775847203886,-0.0401792673421668,-0.01479471690386,-0.0622715977196316,-0.0638908480677092,-0.0684672910767444,-0.0422813791058033,0.0108304932527719,4.756427756605918,0.0077334096705862,0.0056525624154901,29.60161550140161,0.0050310552336748,-0.013446567586695,0.0024129306178587,0.271937706096732,1,tp,1779069600000,1779076800000,3
1779069600000|DOGE/USDT:USDT|doge_trend_loose|short,2026-05-18 02:00:00+00:00,DOGE/USDT:USDT,DOGE,short,doge_trend_loose,25.104653514319597,0.0077853859863052,0.0578744958259076,0.0150079729856485,-0.0247714963071566,-0.0499273626970418,-0.0214332614201295,-0.0005624824224242,-0.0259479214253084,-0.0373814898419865,-0.01823372317893,-0.0257948432543028,0.0114643973753243,0.762373995006979,0.0067453204136958,0.0065453374181026,29.60161550140161,0.0050310552336748,-0.013446567586695,0.0024129306178587,0.2355466484008208,1,tp,1779069600000,1779084000000,4
1779069600000|RENDER/USDT:USDT|render_trend_discovery|short,2026-05-18 02:00:00+00:00,RENDER/USDT:USDT,RENDER,short,render_trend_discovery,22.434523271934463,0.0106861642294712,0.0421822272215972,0.0258717660292463,-0.0207891963689253,-0.0407346389232519,-0.0081552305961754,-0.0028042624789679,-0.0220022002200219,-0.0262869660460022,-0.0149584487534625,-0.020368895523176,0.0123007082614334,0.2169369328967134,0.0058321473140509,0.0086432992722079,29.60161550140161,0.0050310552336748,-0.013446567586695,0.0024129306178587,0.2360546826887355,1,tp,1779069600000,1779098400000,8
1779073200000|NEAR/USDT:USDT|near_trend_discovery|short,2026-05-18 03:00:00+00:00,NEAR/USDT:USDT,NEAR,short,near_trend_discovery,22.43455332603957,0.0126498002663115,0.0379494007989347,0.0266311584553928,-0.009907672191231,-0.0266480562485797,-0.0056591211717709,-0.0046388336646785,-0.0039787798408488,-0.0144356955380577,-0.0013297872340425,-0.0169079020078842,0.013116432869854,0.1535367362793998,0.0054150315983707,0.0070850015540869,31.30839034518664,0.0048725806615739,-0.0139786793725364,0.0023931639419569,0.0246578307429511,1,sl,1779073200000,1779098400000,7
1779073200000|INJ/USDT:USDT|inj_trend_discovery|short,2026-05-18 03:00:00+00:00,INJ/USDT:USDT,INJ,short,inj_trend_discovery,22.48298020326959,0.0147090633787582,0.0763573437162015,0.0417477828250055,-0.0149544807748122,-0.0522248773670566,-0.0173047804455979,-0.0068743286788399,0.0147058823529411,-0.0211729832733431,-0.0242718446601941,-0.0378362175806457,0.0170387731203174,-0.5598893360785717,0.0096805276173411,0.0116971337233753,31.30839034518664,0.0048725806615739,-0.0139786793725364,0.0023931639419569,0.3275121786786353,1,tp,1779073200000,1779102000000,8
1779080400000|LINK/USDT:USDT|link_trend|short,2026-05-18 05:00:00+00:00,LINK/USDT:USDT,LINK,short,link_trend,30.7307473691375,0.007044474818631,0.0354326569235623,0.0201871517190619,-0.0125826130470552,-0.0501111923220393,-0.0076227526022501,-0.0051255230125524,-0.001364972700546,-0.017965926690759,-0.0259115116755428,-0.0380068041852016,0.0089271515611181,0.5465700217434433,0.0043486448227644,0.0050558216532989,33.83901517464233,0.0046607028579153,-0.0153827043183497,0.0023870369112408,0.1659104411263169,1,sl,1779080400000,1779102000000,6
1779080400000|BNB/USDT:USDT|bnb_trend|short,2026-05-18 05:00:00+00:00,BNB/USDT:USDT,BNB,short,bnb_trend,32.144571799148096,0.004624943550773,0.0244794991980317,0.0033791675101607,-0.0118989579398165,-0.0346589508097069,-0.0105501658439353,-0.0029499899079293,-0.0072964491644638,-0.0149558228003435,-0.0203655113497681,-0.0230340743517848,0.0058113542932443,-0.2028440869525277,0.0027802771562162,0.0041389596055892,33.83901517464233,0.0046607028579153,-0.0153827043183497,0.0023870369112408,0.0149091993059793,1,sl,1779080400000,1779102000000,6
1779080400000|BCH/USDT:USDT|bch_trend|short,2026-05-18 05:00:00+00:00,BCH/USDT:USDT,BCH,short,bch_trend,51.01205245202191,0.0341166742244392,0.1113393262023527,0.0078423004081197,-0.0639382230394732,-0.1158137993912166,-0.0517485128971164,-0.0246129829582413,-0.0404167093273267,-0.0880807589394309,-0.0973900900467087,-0.0554189665987515,0.012563363684857,4.1338517466696,0.0087036191801902,0.0062615993588505,33.83901517464233,0.0046607028579153,-0.0153827043183497,0.0023870369112408,0.3343005348591739,1,tp,1779080400000,1779084000000,1
1779087600000|BCH/USDT:USDT|bch_trend|short,2026-05-18 07:00:00+00:00,BCH/USDT:USDT,BCH,short,bch_trend,56.39446642016557,0.0345905054270365,0.1419526367722838,0.0066056353470013,-0.0755230281495965,-0.1372768666636381,-0.0676735007126411,-0.0192209467996452,-0.052092805736704,-0.1177636987957635,-0.1211851138142839,-0.0667986768674585,0.0161688100989882,4.360385964259055,0.0091320049141425,0.0065445702771798,36.37284290073942,0.0046636901760646,-0.0140496460072795,0.0024334915717156,0.4246104709128913,1,tp,1779087600000,1779098400000,4
1779087600000|DOGE/USDT:USDT|doge_trend_loose|short,2026-05-18 07:00:00+00:00,DOGE/USDT:USDT,DOGE,short,doge_trend_loose,34.42628893862495,0.0124712202609363,0.0819263238679969,0.0070990023023791,-0.0332077262548562,-0.068385376652627,-0.0374136607828089,-0.0039178213091257,-0.0214044310927525,-0.0580155431050063,-0.0533962949509625,-0.0363859448953808,0.0124251377967753,1.2580986337102829,0.0069097663823244,0.0063401635847008,36.37284290073942,0.0046636901760646,-0.0140496460072795,0.0024334915717156,0.0283508254091999,1,tp,1779087600000,1779094800000,3
1779087600000|ADA/USDT:USDT|ada_trend_discovery|short,2026-05-18 07:00:00+00:00,ADA/USDT:USDT,ADA,short,ada_trend_discovery,42.05742717407499,0.0076243980738363,0.0357142857142856,0.0168539325842697,-0.012073756254677,-0.0435691174969541,-0.0094301765650079,-0.0004011231448054,-0.0031999999999999,-0.0227450980392156,-0.0265625,-0.0318802759231045,0.0090856839672578,0.7073363438640099,0.0030923563328402,0.0047235865381406,36.37284290073942,0.0046636901760646,-0.0140496460072795,0.0024334915717156,-0.0206187034614787,0,sl,1779087600000,1779091200000,2
1779094800000|ADA/USDT:USDT|ada_trend_discovery|short,2026-05-18 09:00:00+00:00,ADA/USDT:USDT,ADA,short,ada_trend_discovery,44.45276218025477,0.0064282844515869,0.036962635596625,0.0156689433507433,-0.0111541447464142,-0.0439027828383073,-0.0106468461229408,-0.0032038446135361,-0.0036028823058446,-0.0246865203761754,-0.0288724151385094,-0.0331180415207331,0.0086757603484776,0.5083703105069193,0.0030272391632137,0.0047246944307672,36.715228615182895,0.0044965579504945,-0.0167859330071356,0.0023675455942323,0.0034725471440375,1,sl,1779094800000,1779130800000,11
1779098400000|DOGE/USDT:USDT|doge_trend_loose|short,2026-05-18 10:00:00+00:00,DOGE/USDT:USDT,DOGE,short,doge_trend_loose,40.200548682018166,0.0073076923076924,0.084423076923077,0.0048076923076923,-0.0267125367986159,-0.0686147948288,-0.0398076923076923,0.0001923446816693,-0.0062111801242237,-0.0497944266788489,-0.0686011105140605,-0.0430522940184159,0.0112452918660542,0.8804544765857601,0.0060535164084954,0.006172287756265,37.24386545761647,0.0044203168720264,-0.0215472501689555,0.0022725374425439,-0.2053084288889109,0,sl,1779098400000,1779102000000,1
1779098400000|ONDO/USDT:USDT|ondo_trend_discovery|short,2026-05-18 10:00:00+00:00,ONDO/USDT:USDT,ONDO,short,ondo_trend_discovery,34.10143981168431,0.0089793475007482,0.0724334031727027,0.003292427416941,-0.0261203406449924,-0.0868817949183582,-0.0345704878778808,-0.0056547619047619,-0.0124150162577593,-0.047062179121506,-0.0636210762331838,-0.062391131891601,0.0136480885518561,0.0838958238103855,0.0070860594240013,0.0081489177150923,37.24386545761647,0.0044203168720264,-0.0215472501689555,0.0022725374425439,-0.2360361059202503,0,sl,1779098400000,1779105600000,2
1779102000000|BCH/USDT:USDT|bch_trend|short,2026-05-18 11:00:00+00:00,BCH/USDT:USDT,BCH,short,bch_trend,65.41052342644649,0.0364856894081958,0.1652107968429628,0.0249136308738026,-0.071481404920732,-0.1532551223712354,-0.07014858298458,-0.0083282268397304,-0.0241475715382085,-0.1196963702897834,-0.1397332431256948,-0.0880690143243952,0.0180096061272947,3.361616372236625,0.0091714711443924,0.006667447141084,35.74399248583654,0.004768443801011,-0.0142462502312702,0.0027644407475793,-0.4671908878785547,0,sl,1779102000000,1779105600000,1
1779102000000|XLM/USDT:USDT|xlm_trend_discovery|short,2026-05-18 11:00:00+00:00,XLM/USDT:USDT,XLM,short,xlm_trend_discovery,39.49016872215844,0.0147626464413896,0.0305410713076455,0.0159138619895712,-0.0092526146508237,-0.0494583066453321,-0.007313604659037,0.006132043333106,-6.771397616478492e-05,-0.0103210240600496,-0.0281671602500822,-0.0405811739592312,0.0081160224189352,0.3406613453250262,0.0036490500905462,0.0045184798307607,35.74399248583654,0.004768443801011,-0.0142462502312702,0.0027644407475793,-0.1354569793167484,0,sl,1779102000000,1779105600000,1
1779102000000|RENDER/USDT:USDT|render_trend_discovery|short,2026-05-18 11:00:00+00:00,RENDER/USDT:USDT,RENDER,short,render_trend_discovery,35.87912475227347,0.020986954055587,0.0470788428814521,0.017583664208735,-0.0111800549431529,-0.0447970101642547,-0.0147475893363586,0.0114744693057944,0.0039863325740319,-0.0150837988826816,-0.0408052230685528,-0.0339970440413893,0.0120984026391984,0.1204146275108073,0.0062769366771959,0.008538890733339,35.74399248583654,0.004768443801011,-0.0142462502312702,0.0027644407475793,-0.1998429046199183,0,sl,1779102000000,1779105600000,1
1779105600000|BNB/USDT:USDT|bnb_trend|short,2026-05-18 12:00:00+00:00,BNB/USDT:USDT,BNB,short,bnb_trend,39.03166482967349,0.0058892998104235,0.0222985362215247,0.0099605308139353,-0.003053474376211,-0.030221068864916,-0.0061690027037946,0.0023519150195474,0.0046678635547576,-0.0049478925070353,-0.0202484623348152,-0.027250804120819,0.0058575802441953,-0.0431483026694795,0.0030404635648443,0.0037576365754597,33.27550220795989,0.0048831245143471,-0.0092816133410105,0.0029510553533803,0.0022208252668648,1,sl,1779105600000,1779130800000,7
1779105600000|DOGE/USDT:USDT|doge_trend_loose|short,2026-05-18 12:00:00+00:00,DOGE/USDT:USDT,DOGE,short,doge_trend_loose,37.99370036800451,0.0127951829899332,0.0539091165678803,0.0262489415749365,-0.0032897136743431,-0.0470902379110843,-0.0138300874964719,0.0122857142857142,0.018688901667625,-0.0057992704143673,-0.0510668690295509,-0.0439450910035357,0.0121551958272501,1.2621808911360632,0.0070765463515344,0.0064882387499193,33.27550220795989,0.0048831245143471,-0.0092816133410105,0.0029510553533803,0.4202328253421722,1,sl,1779105600000,1779130800000,8
1779109200000|BTC/USDT:USDT|btc_trend_loose|short,2026-05-18 13:00:00+00:00,BTC/USDT:USDT,BTC,short,btc_trend_loose,32.25822062125233,0.0123761603869255,0.0200093611046103,0.0049340822217021,-0.0049843476687524,-0.0241679168936912,-0.007537639441454,-0.0088389289161454,0.0001638461718513,-0.0022118584151158,-0.0160046056419113,-0.0192796657821342,0.0054587773933145,1.2475799099845737,0.0034074049558717,0.0024555040805263,32.25822062125233,0.0054587773933145,-0.0160046056419113,0.0034074049558717,0.256500816460133,1,tp,1779109200000,1779112800000,1
1779109200000|LINK/USDT:USDT|link_trend|short,2026-05-18 13:00:00+00:00,LINK/USDT:USDT,LINK,short,link_trend,34.769317442186725,0.0149757435140267,0.0338536173802996,0.0171904661463824,-0.0070429808363166,-0.0491005089141046,-0.0083315756169585,-0.0094024237358963,0.0047684645544134,-0.0044099118017639,-0.0324489795918369,-0.0423558394432932,0.0093438459448693,1.041389420658427,0.0053976439560896,0.0043515101954421,32.25822062125233,0.0054587773933145,-0.0160046056419113,0.0034074049558717,0.5681781250225583,1,tp,1779109200000,1779112800000,1
1779109200000|XRP/USDT:USDT|xrp_trend|short,2026-05-18 13:00:00+00:00,XRP/USDT:USDT,XRP,short,xrp_trend,34.79617067128897,0.0162419692485383,0.0290911715873818,0.0182631920883562,-0.0068587192464279,-0.0273204731374648,-0.0054139897495127,-0.0090135202804205,0.0023878437047757,-0.0058844635809113,-0.0230606488011283,-0.0206030645262384,0.0086113114813345,1.152500071973727,0.0042545614559447,0.003612981140814,32.25822062125233,0.0054587773933145,-0.0160046056419113,0.0034074049558717,5.202891114157535,1,tp,1779109200000,1779112800000,1
1779109200000|AAVE/USDT:USDT|aave_trend|short,2026-05-18 13:00:00+00:00,AAVE/USDT:USDT,AAVE,short,aave_trend,35.33864749917227,0.0131519784172662,0.0233812949640289,0.0274280575539568,-0.0018777421325924,-0.048428411264037,0.0020233812949639,-0.0063665810342902,0.0079311126217991,0.0028181715702852,-0.0224175824175825,-0.0466382437266802,0.0095347826339795,0.7730197409236212,0.004559826885381,0.0049080231151504,32.25822062125233,0.0054587773933145,-0.0160046056419113,0.0034074049558717,0.6458704604755594,1,tp,1779109200000,1779112800000,1
1779109200000|AVAX/USDT:USDT|avax_trend|short,2026-05-18 13:00:00+00:00,AVAX/USDT:USDT,AVAX,short,avax_trend,32.83841996514236,0.0144483362521891,0.0221103327495621,0.0223292469352012,-0.0046566081069456,-0.0405537178407891,0.0001094570928195,-0.0067405957816918,0.0063890724829256,-0.0024022712382616,-0.0206881766534463,-0.036065050540568,0.0089517126123328,1.1961580788186603,0.004372316837119,0.0039988845257384,32.25822062125233,0.0054587773933145,-0.0160046056419113,0.0034074049558717,0.5092084088852749,1,tp,1779109200000,1779112800000,1
1779109200000|BCH/USDT:USDT|bch_trend|short,2026-05-18 13:00:00+00:00,BCH/USDT:USDT,BCH,short,bch_trend,61.15899041370937,0.0190789125019873,0.0975144416768244,0.0800784355291747,-0.0126113452258345,-0.1006193099194225,-0.0087180030738248,0.0043112625079837,0.0385557420810742,-0.0340432067164943,-0.0866671507054865,-0.0891320396158664,0.0201502255041152,3.2148812911222087,0.0156351487076274,0.0094713814347872,32.25822062125233,0.0054587773933145,-0.0160046056419113,0.0034074049558717,0.0228285242332409,1,sl,1779109200000,1779116400000,2
1779109200000|SOL/USDT:USDT|sol_trend_discovery|short,2026-05-18 13:00:00+00:00,SOL/USDT:USDT,SOL,short,sol_trend_discovery,38.98471287188617,0.0150047258979205,0.026937618147448,0.0157136105860113,-0.006850860061404,-0.0448647504661147,-0.0056120037807184,-0.0102899906454629,0.0024872675589244,-0.0035319048740286,-0.0198031268094961,-0.038276114710285,0.008600784356412,1.2460177247312207,0.0048764851949723,0.0040037316683823,32.25822062125233,0.0054587773933145,-0.0160046056419113,0.0034074049558717,0.1729657197812224,1,tp,1779109200000,1779112800000,1
1779109200000|SUI/USDT:USDT|sui_trend_discovery|short,2026-05-18 13:00:00+00:00,SUI/USDT:USDT,SUI,short,sui_trend_discovery,25.502517360676208,0.0189855211429665,0.0299165787707355,0.0326013999424681,-0.0036770483720915,-0.0764425066465176,0.0013424105858661,-0.0110942537454959,0.0078275995361423,0.0020176787086856,-0.0217615608291905,-0.0730340078541133,0.0134796203053485,0.953589846458059,0.0070238693550302,0.0060928392965466,32.25822062125233,0.0054587773933145,-0.0160046056419113,0.0034074049558717,0.274434470575572,1,tp,1779109200000,1779112800000,1
1779109200000|ENA/USDT:USDT|ena_trend_discovery|short,2026-05-18 13:00:00+00:00,ENA/USDT:USDT,ENA,short,ena_trend_discovery,38.475519933768695,0.0139913751796837,0.0292285577383804,0.0411116435074269,-0.0034161410749832,-0.0678500140888125,0.0059415428845233,-0.0047687172150691,0.0123205277454403,-0.0065689261233815,-0.0228485813278396,-0.0646547427361828,0.013270124465383,0.4804082336207212,0.0059412044875649,0.0053216246845018,32.25822062125233,0.0054587773933145,-0.0160046056419113,0.0034074049558717,0.2842532214997386,1,tp,1779109200000,1779116400000,2
1779109200000|XLM/USDT:USDT|xlm_trend_discovery|short,2026-05-18 13:00:00+00:00,XLM/USDT:USDT,XLM,short,xlm_trend_discovery,37.88666006135376,0.0150345388053636,0.0290532303941486,0.0158472165786266,-0.0082966689916334,-0.0486585407756916,-0.006603006907761,-0.0076612903225804,0.0042848398286066,-0.0141540926692481,-0.0257323832145683,-0.0406995424155913,0.0088135223145043,0.8046890267462945,0.0043018115766891,0.0034541676495114,32.25822062125233,0.0054587773933145,-0.0160046056419113,0.0034074049558717,0.1778870529568436,1,tp,1779109200000,1779112800000,1
1779109200000|RENDER/USDT:USDT|render_trend_discovery|short,2026-05-18 13:00:00+00:00,RENDER/USDT:USDT,RENDER,short,render_trend_discovery,33.384460275632655,0.0158102766798419,0.0417843026538679,0.0220214568040654,-0.005918480050035,-0.0397393155794565,-0.0098814229249012,-0.0050561797752809,0.013737836290784,-0.0067302299495233,-0.034351145038168,-0.0340221952130483,0.0123004493343471,0.2264585265760176,0.0067286050810058,0.0067076481336441,32.25822062125233,0.0054587773933145,-0.0160046056419113,0.0034074049558717,0.2514378248166155,1,tp,1779109200000,1779112800000,1
1779109200000|INJ/USDT:USDT|inj_trend_discovery|short,2026-05-18 13:00:00+00:00,INJ/USDT:USDT,INJ,short,inj_trend_discovery,26.70416668770325,0.0235675675675675,0.035027027027027,0.0421621621621622,-0.0027409403078751,-0.0467329950649674,0.0035675675675677,-0.0161667730270154,0.012478108581436,-0.0004322455154527,-0.0224054111181568,-0.0441129657630521,0.0181636290884919,-0.0586174667674229,0.0111964786569769,0.0103467827226387,32.25822062125233,0.0054587773933145,-0.0160046056419113,0.0034074049558717,0.0434054266074755,1,tp,1779109200000,1779120000000,4
1779112800000|ONDO/USDT:USDT|ondo_trend_discovery|short,2026-05-18 14:00:00+00:00,ONDO/USDT:USDT,ONDO,short,ondo_trend_discovery,27.244783408151545,0.0231400117164615,0.0433509080257763,0.0254833040421792,-0.0058571464627549,-0.0647491636917138,-0.0089338019917986,-0.0152869916354198,0.021849745585154,0.0002929973630236,-0.0287339971550497,-0.0592389886618569,0.0162032327707219,1.259051665420546,0.0098777256122277,0.0082534764846198,32.12720115933844,0.0057854144828211,-0.0210204897858725,0.0036432742552787,0.0101172023275052,1,sl,1779112800000,1779123600000,3
1779116400000|BTC/USDT:USDT|btc_trend_loose|short,2026-05-18 15:00:00+00:00,BTC/USDT:USDT,BTC,short,btc_trend_loose,32.29811192892364,0.0058826994443245,0.0269590999234228,0.0049650821077709,-0.0095864286943623,-0.0301778544722398,-0.010997008907826,0.0003103320946238,-0.0111513817875865,-0.0065864759427828,-0.0206827857535678,-0.0207907346733267,0.0057906967689023,1.723957359608842,0.0036474258567153,0.0025005112169265,32.29811192892364,0.0057906967689023,-0.0206827857535678,0.0036474258567153,-0.2180844634320833,0,sl,1779116400000,1779134400000,5
1779116400000|LINK/USDT:USDT|link_trend|short,2026-05-18 15:00:00+00:00,LINK/USDT:USDT,LINK,short,link_trend,34.792889141000835,0.0107252840607413,0.0375915896782415,0.0104067112668577,-0.0112317466669102,-0.0545637576815428,-0.013592439205692,0.0015954052329292,-0.0097791798107255,-0.0095708876735379,-0.0300751879699248,-0.043824233705484,0.0096461028389405,1.3589208715354115,0.0054287070846254,0.0044451296908552,32.29811192892364,0.0057906967689023,-0.0206827857535678,0.0036474258567153,-0.0573296647620899,0,sl,1779116400000,1779130800000,5
1779116400000|XRP/USDT:USDT|xrp_trend|short,2026-05-18 15:00:00+00:00,XRP/USDT:USDT,XRP,short,xrp_trend,35.19630885000583,0.0077772932112226,0.036197121674662,0.0114842273586275,-0.0112664946593516,-0.0333455610340135,-0.0123564471580172,-0.0005811419439198,-0.0098596617488305,-0.0117799166786383,-0.0258443673440488,-0.0223306545751729,0.0087067829009714,1.3122094490480247,0.0043474067234142,0.0036145018521563,32.29811192892364,0.0057906967689023,-0.0206827857535678,0.0036474258567153,0.0854528370581636,1,sl,1779116400000,1779130800000,4
1779116400000|ETH/USDT:USDT|eth_trend|short,2026-05-18 15:00:00+00:00,ETH/USDT:USDT,ETH,short,eth_trend,39.14480042152562,0.0084446469767309,0.0414589919588353,0.0102816781065762,-0.0122737659804977,-0.0476305709249344,-0.0155886569261295,-0.0013415564899572,-0.0123395437369314,-0.0051803195081294,-0.0360697143432364,-0.0357961586183186,0.0080594105890934,2.0565465726922616,0.0062612584902342,0.0042174934439782,32.29811192892364,0.0057906967689023,-0.0206827857535678,0.0036474258567153,0.1918170494983634,1,tp,1779116400000,1779120000000,1
1779116400000|AAVE/USDT:USDT|aave_trend|short,2026-05-18 15:00:00+00:00,AAVE/USDT:USDT,AAVE,short,aave_trend,36.28391445864622,0.0105862265224814,0.0339214570290268,0.0151394422310756,-0.0118295824860209,-0.0591852106420259,-0.0093910073989755,-0.0007961783439491,-0.0146926873037236,-0.0055467511885896,-0.0291744944192728,-0.0479225316976614,0.0101912008216161,1.2940664711754293,0.0050242036025018,0.004992980737337,32.29811192892364,0.0057906967689023,-0.0206827857535678,0.0036474258567153,0.0128377668590828,1,sl,1779116400000,1779130800000,5
1779116400000|AVAX/USDT:USDT|avax_trend|short,2026-05-18 15:00:00+00:00,AVAX/USDT:USDT,AVAX,short,avax_trend,33.074508691983986,0.0107846373940793,0.027621877407285,0.0170573346539011,-0.0080288075353095,-0.0448174580623493,-0.0052822713766919,0.0019847833278199,-0.0069937711725494,-0.010992599042229,-0.021640826873385,-0.0370864101765227,0.0093188189036817,1.5308123411623704,0.0045637540315361,0.0040729828069111,32.29811192892364,0.0057906967689023,-0.0206827857535678,0.0036474258567153,-0.0517225831088455,0,sl,1779116400000,1779130800000,6
1779116400000|SOL/USDT:USDT|sol_trend_discovery|short,2026-05-18 15:00:00+00:00,SOL/USDT:USDT,SOL,short,sol_trend_discovery,38.60024581384008,0.0096233812522276,0.0326719733871925,0.0102174171319947,-0.0099044913240215,-0.0491986444820225,-0.0112272781275989,0.0028595257953054,-0.0089485458612975,-0.0073121830404528,-0.0256974186827179,-0.0396872350330603,0.0089327839648873,1.5538622015339596,0.0051506137403677,0.0041179693538144,32.29811192892364,0.0057906967689023,-0.0206827857535678,0.0036474258567153,-0.1461486909970762,0,sl,1779116400000,1779130800000,4
1779116400000|SUI/USDT:USDT|sui_trend_discovery|short,2026-05-18 15:00:00+00:00,SUI/USDT:USDT,SUI,short,sui_trend_discovery,24.83045963123981,0.0125072716695752,0.0414000387822376,0.0218150087260036,-0.0119946504993121,-0.0850530927687575,-0.0097925150281171,0.0004850130953537,-0.0116903027980068,-0.0110269440981876,-0.0316402215754387,-0.0739453913952664,0.0137646493313017,1.1919862568650634,0.0072883239805312,0.0061654268988509,32.29811192892364,0.0057906967689023,-0.0206827857535678,0.0036474258567153,-0.2220267661846143,0,sl,1779116400000,1779130800000,4
1779116400000|XLM/USDT:USDT|xlm_trend_discovery|short,2026-05-18 15:00:00+00:00,XLM/USDT:USDT,XLM,short,xlm_trend_discovery,38.120145161059256,0.0090958829161539,0.0391875256462865,0.0068390097113937,-0.0149166538557198,-0.0568709317398205,-0.0161742579674463,-0.0019112627986348,-0.0098191914403737,-0.0213506458737701,-0.0309496984558288,-0.04258957178427,0.0090633416217313,1.074215833859021,0.0044601903348741,0.0035425371550036,32.29811192892364,0.0057906967689023,-0.0206827857535678,0.0036474258567153,0.012273852907969,1,sl,1779116400000,1779130800000,4
1779116400000|RENDER/USDT:USDT|render_trend_discovery|short,2026-05-18 15:00:00+00:00,RENDER/USDT:USDT,RENDER,short,render_trend_discovery,33.22662920749686,0.018202502844141,0.0494880546075085,0.0159271899886234,-0.0099801580350449,-0.0458123233035179,-0.0167804323094425,0.0103448275862068,-0.0028360748723765,-0.0067796610169491,-0.0388190267905959,-0.0361933809299767,0.0133428298197185,0.7511430140040727,0.0078558714038529,0.0070049010727993,32.29811192892364,0.0057906967689023,-0.0206827857535678,0.0036474258567153,-0.2200266279268463,0,sl,1779116400000,1779123600000,2
1779120000000|BCH/USDT:USDT|bch_trend|short,2026-05-18 16:00:00+00:00,BCH/USDT:USDT,BCH,short,bch_trend,57.15929915465498,0.0257440595783439,0.1095395001205496,0.0699991963352889,-0.0159287051027638,-0.1073085806280278,-0.0197701518926303,0.0026052857756768,-0.0065733446880986,-0.0287758553401847,-0.0937363437727603,-0.0928589991386818,0.0220990024964102,2.8483501094482797,0.0167634107827613,0.0100731434010851,31.861685887636703,0.0058299209666043,-0.0207410731457143,0.0036469413344377,-0.0541476121378195,0,sl,1779120000000,1779123600000,2
1779120000000|ENA/USDT:USDT|ena_trend_discovery|short,2026-05-18 16:00:00+00:00,ENA/USDT:USDT,ENA,short,ena_trend_discovery,37.5306394806713,0.0107652022112307,0.0416060517893512,0.0295800601299582,-0.0109412536680556,-0.0767296629317436,-0.0060129958296963,0.0006793478260869,-0.0165951359084406,-0.0183739527798934,-0.0290960451977402,-0.06651617965836,0.013830364939924,0.8408469324593314,0.0067965937843653,0.0053387882059912,31.861685887636703,0.0058299209666043,-0.0207410731457143,0.0036469413344377,-0.0284031391646966,0,sl,1779120000000,1779123600000,2
1779123600000|ETH/USDT:USDT|eth_trend|short,2026-05-18 17:00:00+00:00,ETH/USDT:USDT,ETH,short,eth_trend,38.788011635324295,0.0072235062956513,0.0412859929473518,0.0104460823631592,-0.009515636038611,-0.0465316886137064,-0.0154199552920962,0.0049843553249133,-0.0108259352979009,-0.0048458628327987,-0.034672811988876,-0.0373716677636905,0.0081502378674522,2.0508155579209792,0.0064276889549359,0.0042814343790904,31.248214106310915,0.0057594406444765,-0.0176014289228749,0.0037615022909097,0.2900863438417415,1,tp,1779123600000,1779127200000,1
1779127200000|ENA/USDT:USDT|ena_trend_discovery|short,2026-05-18 18:00:00+00:00,ENA/USDT:USDT,ENA,short,ena_trend_discovery,37.425426249451405,0.0174058412823287,0.0561510473006194,0.0160291080735569,-0.0215206970546012,-0.0879604530865458,-0.0200609696135311,-0.0157762291908633,-0.0092556508183943,-0.0165377176015474,-0.0462389795535547,-0.0679010336058708,0.0137589166049624,0.9092077434267474,0.0073607835281662,0.0055945088344614,31.090996277318485,0.0059106552892744,-0.025625685512015,0.0038425587381211,0.0080098619150152,1,sl,1779127200000,1779130800000,1
1779127200000|RENDER/USDT:USDT|render_trend_discovery|short,2026-05-18 18:00:00+00:00,RENDER/USDT:USDT,RENDER,short,render_trend_discovery,31.522346329653693,0.0160550458715596,0.0579128440366972,0.0080275229357798,-0.0156211064313963,-0.0521720506652381,-0.0249426605504587,-0.0141322781232333,0.0022988505747125,-0.0135746606334842,-0.0469945355191256,-0.0371309710850626,0.0131108320000673,0.6779366643069066,0.0082571813282821,0.0071352020015834,31.090996277318485,0.0059106552892744,-0.025625685512015,0.0038425587381211,0.0073556077329944,1,sl,1779127200000,1779130800000,1
1779134400000|LINK/USDT:USDT|link_trend|short,2026-05-18 20:00:00+00:00,LINK/USDT:USDT,LINK,short,link_trend,33.47940687866038,0.0075933347395063,0.030478801940519,0.0194051887787385,-0.0007433279746907,-0.0455646054975519,-0.0055368065808903,-0.0025247212286977,0.0074373140671482,0.0010557432432432,-0.0253880152122519,-0.0448546192161186,0.0103202009121435,1.9297782099777303,0.0071911457824382,0.0051262267476002,28.587394903482828,0.0060201131270137,-0.0174089224082831,0.0043102356530208,-0.2058921281029126,0,sl,1779134400000,1779138000000,2
1779134400000|XRP/USDT:USDT|xrp_trend|short,2026-05-18 20:00:00+00:00,XRP/USDT:USDT,XRP,short,xrp_trend,33.78309805980343,0.00628612716763,0.0300578034682081,0.0173410404624276,-0.0020216238032319,-0.0261150742538856,-0.0063583815028902,-0.0023068050749712,0.0044270266347339,-0.0023787212571182,-0.0242526790750142,-0.0241422570120931,0.0090386693139066,1.681629303493693,0.0055953526166273,0.0040373912416238,28.587394903482828,0.0060201131270137,-0.0174089224082831,0.0043102356530208,-0.6216446960877583,0,sl,1779134400000,1779138000000,2
1779134400000|DOGE/USDT:USDT|doge_trend_loose|short,2026-05-18 20:00:00+00:00,DOGE/USDT:USDT,DOGE,short,doge_trend_loose,37.68648742529544,0.0117172493276987,0.0685747214752208,0.0161352285824049,-0.0099662678943626,-0.0616651215334023,-0.0262197464464079,-0.0056346098748925,0.005019305019305,-0.0021084914701935,-0.0576522762240926,-0.0522192850228293,0.0133485561277268,1.7928267995340073,0.0090171587375297,0.0065168045124427,28.587394903482828,0.0060201131270137,-0.0174089224082831,0.0043102356530208,-0.0952540635786334,0,sl,1779134400000,1779138000000,2
1779134400000|XLM/USDT:USDT|xlm_trend_discovery|short,2026-05-18 20:00:00+00:00,XLM/USDT:USDT,XLM,short,xlm_trend_discovery,37.77218397315296,0.0117027101012865,0.0398987133862578,0.0128661374212975,-0.0091389203343576,-0.054814346324526,-0.0135162879824801,-0.006391948864409,0.0013706140350877,-0.0106303744329337,-0.0345556656755864,-0.0460967000596907,0.0097915293435536,1.8230336486818528,0.0059357121170719,0.0041363067715443,28.587394903482828,0.0060201131270137,-0.0174089224082831,0.0043102356530208,-0.0378525934845432,0,sl,1779134400000,1779138000000,2
1779145200000|NEAR/USDT:USDT|near_trend_discovery|long,2026-05-18 23:00:00+00:00,NEAR/USDT:USDT,NEAR,long,near_trend_discovery,27.49057548282895,0.0116923076923076,0.0018461538461537,0.091076923076923,0.0493013054495642,0.0542843864284106,0.0446153846153846,0.005569306930693,0.0324015247776365,0.0697827518104017,0.0775862068965518,0.0047489514717714,0.0156198749365249,1.7139721189951898,0.0108721560413777,0.0078364008052042,24.9981685276568,0.0055998284309115,-0.0060338058436996,0.0040110834927957,-2.1568503579864142,0,time_stop,1779145200000,1779188400000,12
1779152400000|BNB/USDT:USDT|bnb_trend|short,2026-05-19 01:00:00+00:00,BNB/USDT:USDT,BNB,short,bnb_trend,25.491418052392408,0.0047267355982274,0.0085983052165124,0.0135582679001788,-0.0006051234229112,-0.0269524580583196,0.0024799813418332,-0.0043963528847196,-0.0041342789012419,0.004607935020306,-0.0057815084481133,-0.0263632876782875,0.0060134604339754,0.4426393330046972,0.0038906202272166,0.0035631462538672,22.297174373677816,0.0057120416481525,-0.0058260739837452,0.0041594843246521,0.0510277142059409,1,tp,1779152400000,1779170400000,8
1779152400000|XRP/USDT:USDT|xrp_trend|short,2026-05-19 01:00:00+00:00,XRP/USDT:USDT,XRP,short,xrp_trend,28.014407395766863,0.0063593004769476,0.0132967191790721,0.014958809076456,-0.0029727447082137,-0.0252138591266799,0.0008310449486919,-0.0061763860959495,-0.0062477558348295,-0.0010827979499026,-0.0069608898457123,-0.0223074287091151,0.008239045034386,1.1817340792357478,0.0054621298933877,0.0041511003416292,22.297174373677816,0.0057120416481525,-0.0058260739837452,0.0041594843246521,4.4198467047402055,1,tp,1779152400000,1779181200000,9
1779152400000|ETH/USDT:USDT|eth_trend|short,2026-05-19 01:00:00+00:00,ETH/USDT:USDT,ETH,short,eth_trend,28.75321159004752,0.0070579704685851,0.0153872231429862,0.0233445080608708,-0.0009582146714793,-0.0359969148927212,0.0039786424589422,-0.0052690987265173,-0.0058790488672533,-0.0029247865093635,0.0033873962403208,-0.0350723070203914,0.0091104218059458,1.8381226371717312,0.0070923657034986,0.0053733466288031,22.297174373677816,0.0057120416481525,-0.0058260739837452,0.0041594843246521,0.1232341480781608,1,tp,1779152400000,1779156000000,2
1779152400000|DOGE/USDT:USDT|doge_trend_loose|short,2026-05-19 01:00:00+00:00,DOGE/USDT:USDT,DOGE,short,doge_trend_loose,32.62092573308264,0.0097869890616003,0.0281136058338131,0.0170792554212242,-0.0075717838797048,-0.0582151804139451,-0.0055171752062944,-0.0088445078459343,-0.0075230930387583,-0.0077120822622108,-0.0229680322489922,-0.0510297830227165,0.0119590877619984,1.1171861579860891,0.0081401421556763,0.0066371294312667,22.297174373677816,0.0057120416481525,-0.0058260739837452,0.0041594843246521,-0.0751971049327767,0,sl,1779152400000,1779163200000,5
1779152400000|SOL/USDT:USDT|sol_trend_discovery|short,2026-05-19 01:00:00+00:00,SOL/USDT:USDT,SOL,short,sol_trend_discovery,25.47085451370745,0.008484562809333,0.0127268442139995,0.0168512844685363,-0.0015226934385663,-0.0376262166021985,0.0020622201272684,-0.0079494973111995,-0.0077174929840972,0.0025992438563327,-0.0009418412997409,-0.0361585815985802,0.0087925440444034,1.239493657539794,0.0063858243714089,0.0048731423053517,22.297174373677816,0.0057120416481525,-0.0058260739837452,0.0041594843246521,0.0306119623594163,1,tp,1779152400000,1779170400000,9
1779152400000|XLM/USDT:USDT|xlm_trend_discovery|short,2026-05-19 01:00:00+00:00,XLM/USDT:USDT,XLM,short,xlm_trend_discovery,32.73804219811615,0.0064625850340136,0.023265306122449,0.0187755102040815,-0.0029241484165938,-0.0469561405834245,-0.0022448979591838,-0.0048067158621624,-0.0034573927191378,-0.004469727752946,-0.0185605554813726,-0.0441611258530688,0.0090335578968671,1.218692118013361,0.0059906894421629,0.0043256688232206,22.297174373677816,0.0057120416481525,-0.0058260739837452,0.0041594843246521,-0.0296410297134855,0,sl,1779152400000,1779177600000,9
1779156000000|AAVE/USDT:USDT|aave_trend|short,2026-05-19 02:00:00+00:00,AAVE/USDT:USDT,AAVE,short,aave_trend,25.608635098238324,0.0079972966884434,0.0146429375985582,0.0197116467672899,-0.0017139911784002,-0.044354616844162,0.0025343545843657,-0.0059343858470496,-0.0066017679310731,0.009781619654231,-0.0012374845314433,-0.0427138368052416,0.0096525071576817,1.081262176073397,0.0067643632197261,0.0055771355948663,21.850084189719688,0.0057946655018386,-0.0029058943306418,0.0040999754867015,0.151311126410137,1,tp,1779156000000,1779159600000,2
1779156000000|INJ/USDT:USDT|inj_trend_discovery|long,2026-05-19 02:00:00+00:00,INJ/USDT:USDT,INJ,long,inj_trend_discovery,31.244486157720928,0.0332290852228303,0.0629397967161845,0.1198201720093822,0.0477056532570828,0.0532318846943494,0.0284401876465989,-0.0159646085785728,0.0213615492114194,0.108318890814558,0.099033297529538,0.0052746030529536,0.0256462764701973,3.558210008482257,0.0201502745986977,0.0141484565823806,21.850084189719688,0.0057946655018386,-0.0029058943306418,0.0040999754867015,-0.5313331708387832,0,sl,1779156000000,1779170400000,4
1779163200000|ONDO/USDT:USDT|ondo_trend_discovery|long,2026-05-19 04:00:00+00:00,ONDO/USDT:USDT,ONDO,long,ondo_trend_discovery,38.30339277453171,0.0399175894926603,0.0236930208601597,0.143188256502704,0.0561147568343217,0.0622528753505407,0.0597476178212722,-0.0174595141700405,-0.0028248587570622,0.1417230226403998,0.1330609862853806,0.0058119806360985,0.0261029693340695,3.1016657749628385,0.0233018897223143,0.0149539940119553,20.77433359488691,0.0054644317674728,-0.0014389573014096,0.0041265400323411,-1.7595444799748412,0,sl,1779163200000,1779177600000,4
1779166800000|DOGE/USDT:USDT|doge_trend_loose|short,2026-05-19 05:00:00+00:00,DOGE/USDT:USDT,DOGE,short,doge_trend_loose,28.739148639610075,0.0117714613838644,0.0196191023064407,0.0196191023064407,-0.0035707507615394,-0.0537209669351487,0.0,-0.0073152194565837,0.0025906735751295,0.0051948051948051,-0.0147100424328148,-0.0503299318159693,0.0113768333855272,0.8112449690643149,0.0084098228956007,0.006758341410393,20.331826899328977,0.0054304359550964,-0.0001781847268376,0.0041156241473654,0.1381163360875661,1,tp,1779166800000,1779174000000,3
1779174000000|INJ/USDT:USDT|inj_trend_discovery|long,2026-05-19 07:00:00+00:00,INJ/USDT:USDT,INJ,long,inj_trend_discovery,33.31652076955366,0.0106425702811244,0.0919678714859436,0.0957831325301205,0.0059263350850143,0.0231027643840888,0.0019076305220885,-0.002403846153846,-0.0435951603610522,0.0508546106773581,0.0928242264647793,0.01707523573048,0.0247426639334831,2.2822556047775096,0.0208861566138605,0.0142881496575934,18.258840623714185,0.0051489255585985,0.0020898397443385,0.0041445780582964,-0.2340546407066327,0,sl,1779174000000,1779188400000,5
1779177600000|BNB/USDT:USDT|bnb_trend|short,2026-05-19 08:00:00+00:00,BNB/USDT:USDT,BNB,short,bnb_trend,19.87009115295032,0.0062402738873326,0.0075785869903517,0.0127139744786804,-0.0017577540071379,-0.0260783090362797,0.0025676937441642,-0.0054171180931744,-0.0016778523489932,-0.0006376261644452,0.0032003746780111,-0.0243633798577141,0.0056449714509642,0.1054353331047733,0.0039270536370038,0.0034748438851399,17.02545790428626,0.0051258391738378,0.0001922052960352,0.0041742670288194,0.8406244681766015,1,tp,1779177600000,1779184800000,2
1779177600000|DOGE/USDT:USDT|doge_trend_loose|short,2026-05-19 08:00:00+00:00,DOGE/USDT:USDT,DOGE,short,doge_trend_loose,23.89624912741143,0.0073733601455519,0.0202049219572919,0.0190558268696733,-0.003645395680362,-0.052804408802397,-0.0005745475438092,-0.0066584229049748,-0.0078852365570968,0.0029773338455627,0.0008625646923519,-0.0493388728359451,0.0106302721264208,0.4745864861404332,0.0081661789997461,0.0067428610119068,17.02545790428626,0.0051258391738378,0.0001922052960352,0.0041742670288194,0.9066971844109758,1,tp,1779177600000,1779199200000,7
1779181200000|ETH/USDT:USDT|eth_trend|short,2026-05-19 09:00:00+00:00,ETH/USDT:USDT,ETH,short,eth_trend,22.061515580899904,0.0114745100265924,0.0204127984555545,0.0185106322573318,-0.0069306165665114,-0.0382996148038207,-0.0009510830991114,-0.0090078261644291,-0.0097832504006072,-0.0107751357423703,-0.0011201701524281,-0.0315879220129136,0.0079060978772049,0.9617507153818886,0.0073638659623036,0.0054002503510046,16.583192985901896,0.0051239041267353,-0.0014824177453206,0.0042108743917636,0.5304391266285317,1,tp,1779181200000,1779184800000,1
1779181200000|XLM/USDT:USDT|xlm_trend_discovery|short,2026-05-19 09:00:00+00:00,XLM/USDT:USDT,XLM,short,xlm_trend_discovery,28.681762313172214,0.0148987298317885,0.0251287332646755,0.0096807415036044,-0.0091531779125013,-0.0521257775560644,-0.0077239958805354,-0.0117383634143032,-0.0063446582071222,-0.0126093146227374,-0.0093858396245664,-0.0433695690248359,0.0088540819291444,1.0550149534365705,0.0063486928132862,0.0043807840247635,16.583192985901896,0.0051239041267353,-0.0014824177453206,0.0042108743917636,0.2506621800738518,1,tp,1779181200000,1779188400000,2
1779181200000|ONDO/USDT:USDT|ondo_trend_discovery|long,2026-05-19 09:00:00+00:00,ONDO/USDT:USDT,ONDO,long,ondo_trend_discovery,37.72537723256124,0.0211026114481667,0.0535478765497229,0.1223951463993669,0.0112798870642621,0.0341710485273411,0.0344236349248219,-0.0096656217345871,-0.0412240768841678,-0.0081109366823651,0.1282738095238094,0.0226358318363591,0.0258327479624543,2.2035276280670555,0.0238878447822791,0.0151439856580539,16.583192985901896,0.0051239041267353,-0.0014824177453206,0.0042108743917636,-0.577656668522799,0,sl,1779181200000,1779188400000,3
1779184800000|XRP/USDT:USDT|xrp_trend|short,2026-05-19 10:00:00+00:00,XRP/USDT:USDT,XRP,short,xrp_trend,26.791254249940337,0.0062613760465962,0.0203130688023298,0.0075718966144885,-0.0073320987493081,-0.030219085729191,-0.0063705860939206,-0.000363901018923,-0.0079451065366559,-0.0131484408679407,-0.0029761904761904,-0.0230560361134342,0.0074584057766515,0.6023840994123383,0.0056664713198961,0.0040400467551642,16.08697830185074,0.0051191566874894,0.0035525691617188,0.0042252397061113,4.325317087339519,1,tp,1779184800000,1779228000000,12
1779184800000|BCH/USDT:USDT|bch_trend|short,2026-05-19 10:00:00+00:00,BCH/USDT:USDT,BCH,short,bch_trend,27.42036809026783,0.0155593047856243,0.027744302509306,0.0702980637904716,-0.0131387035697969,-0.0925797768232475,0.0212768806405827,-0.0126391496337818,-0.0251918759463268,-0.0231006697362913,0.0400813325162945,-0.0804987221008815,0.0142160718953423,0.5750078944573068,0.0156522597110301,0.0109645262199692,16.08697830185074,0.0051191566874894,0.0035525691617188,0.0042252397061113,0.0276494463999843,1,sl,1779184800000,1779188400000,1
1779188400000|BNB/USDT:USDT|bnb_trend|short,2026-05-19 11:00:00+00:00,BNB/USDT:USDT,BNB,short,bnb_trend,20.92732380574039,0.003952260443028,0.0114506201768363,0.008919923766676,-0.0042575127029688,-0.0289650811861933,-0.0012653482050802,-0.0004216049093549,-0.0092245782386628,-0.0057622116952706,-0.0029437876734731,-0.0248132110444476,0.0054222301269636,-0.0941044781515328,0.003797516810058,0.0030685147719529,15.909628595618631,0.0052045356702617,-0.0074804219791598,0.0040697428614233,-0.0864405192968309,0,sl,1779188400000,1779220800000,10
1779188400000|ETH/USDT:USDT|eth_trend|short,2026-05-19 11:00:00+00:00,ETH/USDT:USDT,ETH,short,eth_trend,23.373059273492224,0.0053466303904745,0.0221733483746813,0.0168172381430885,-0.007392952197139,-0.0392288489380737,-0.0026780551157965,-0.0036176442807217,-0.0141309731866654,-0.0090418461336126,-0.0108955545762268,-0.0320730109779126,0.0077054943303341,0.823856200591644,0.0071425356183537,0.0052963898371193,15.909628595618631,0.0052045356702617,-0.0074804219791598,0.0040697428614233,-0.1374729512643953,0,sl,1779188400000,1779195600000,3
1779188400000|TON/USDT:USDT|ton_trend_discovery|short,2026-05-19 11:00:00+00:00,TON/USDT:USDT,TON,short,ton_trend_discovery,23.243652459497618,0.0126626980123095,0.048632832206639,0.0379880940369286,-0.0092621714659029,-0.0123541483900219,-0.0053223690848552,-0.0045198875050221,-0.0409792442788717,-0.0079079079079079,0.0065505509571928,-0.0031208830783153,0.0208149131924527,0.9273976258801824,0.0179080958156861,0.0131370927681853,15.909628595618631,0.0052045356702617,-0.0074804219791598,0.0040697428614233,-0.0679794228820636,0,sl,1779188400000,1779195600000,3
1779192000000|NEAR/USDT:USDT|near_trend_discovery|long,2026-05-19 12:00:00+00:00,NEAR/USDT:USDT,NEAR,long,near_trend_discovery,31.909783537979703,0.0161190328580285,0.0334779913205207,0.0793552386856787,0.008248109741674,0.0401014607922214,0.022938623682579,0.0100187852222917,-0.0164634146341462,-0.0098219766728053,0.0618828176431862,0.0315927704131363,0.0168485071789257,1.6452488211212122,0.0127394125206748,0.008636624826323,15.744946725545963,0.0051326395249021,-0.0090025889208619,0.0040028506090664,0.6222211297382187,1,tp,1779192000000,1779206400000,4
1779192000000|XLM/USDT:USDT|xlm_trend_discovery|short,2026-05-19 12:00:00+00:00,XLM/USDT:USDT,XLM,short,xlm_trend_discovery,28.45824368800617,0.0070766059773274,0.0226039161800067,0.009000343524562,-0.0069583991903183,-0.0512608526863084,-0.0068017863277223,0.0039315767692096,-0.0124168815307368,-0.0146232482567192,-0.0218413978494621,-0.0446128877781835,0.0083773539230825,0.7146287949739668,0.0060504513333034,0.0044029978716205,15.744946725545963,0.0051326395249021,-0.0090025889208619,0.0040028506090664,0.2659257454408767,1,tp,1779192000000,1779228000000,10
1779199200000|AAVE/USDT:USDT|aave_trend|short,2026-05-19 14:00:00+00:00,AAVE/USDT:USDT,AAVE,short,aave_trend,21.563048669690275,0.014441664771435,0.0243347737093472,0.0103479645212644,-0.008800942091777,-0.0485951084492728,-0.0069934045940414,-0.0056535504296698,-0.0053161407080646,-0.0094615904482991,0.0002274795268424,-0.0401475021994828,0.0090938254618555,0.6268498806623429,0.0058943104347098,0.004960602249543,16.078944101990086,0.0056894816097773,-5.36861429518698e-05,0.0035089985972669,-0.1217880255280536,0,sl,1779199200000,1779206400000,3
1779199200000|AVAX/USDT:USDT|avax_trend|short,2026-05-19 14:00:00+00:00,AVAX/USDT:USDT,AVAX,short,avax_trend,20.57914137210502,0.0132464951981454,0.0281488022960592,0.0058505353791808,-0.0122957685730414,-0.040957342632507,-0.0111491334584392,-0.0061437191442678,-0.0098371406711116,-0.0158609451385117,-0.0011026574043446,-0.0290183773112499,0.0081951885381884,0.6445514228051843,0.0055718842004495,0.0045027738617184,16.078944101990086,0.0056894816097773,-5.36861429518698e-05,0.0035089985972669,-0.0944672550970678,0,sl,1779199200000,1779220800000,7
1779199200000|BCH/USDT:USDT|bch_trend|short,2026-05-19 14:00:00+00:00,BCH/USDT:USDT,BCH,short,bch_trend,23.31295570841855,0.0609902721608918,0.0560990272160892,0.0162859328888402,-0.0324888066385435,-0.1078817353141404,-0.0199065471636245,-0.0422402512431301,-0.0199512600091054,-0.0329263780984092,-0.0034311856652688,-0.0779246061367587,0.0192269974234215,1.223848241841886,0.0135801359049626,0.0123471406099393,16.078944101990086,0.0056894816097773,-5.36861429518698e-05,0.0035089985972669,0.9561012352384884,1,time_stop,1779199200000,1779224400000,12
1779202800000|DOGE/USDT:USDT|doge_trend_loose|short,2026-05-19 15:00:00+00:00,DOGE/USDT:USDT,DOGE,short,doge_trend_loose,21.96850566175224,0.0063737324963785,0.0189280540801545,0.0107194591984548,-0.0074231500248747,-0.057102253130484,-0.0041042974408499,0.0021291009387398,-0.0011575190508342,-0.0070955988110076,-0.0029847872135566,-0.0500506364891084,0.010266659154638,0.2320401419385769,0.0072162508441993,0.0066303660350193,16.885285301490683,0.0055989772751927,0.0012357072263999,0.003523746674152,-0.043356445833175,0,sl,1779202800000,1779206400000,2
1779202800000|SOL/USDT:USDT|sol_trend_discovery|short,2026-05-19 15:00:00+00:00,SOL/USDT:USDT,SOL,short,sol_trend_discovery,22.597979003833224,0.0067591604411242,0.0190916637021226,0.0106723585912485,-0.0052014369819037,-0.038831349164483,-0.004209652555437,0.0034507377439314,0.000118595825427,-0.0082323885687404,0.0019009148152548,-0.0338057506642854,0.0083640028778215,0.790897256291534,0.0056295970784083,0.0046007854217654,16.885285301490683,0.0055989772751927,0.0012357072263999,0.003523746674152,-0.0219352298334405,0,sl,1779202800000,1779206400000,2
1779206400000|ENA/USDT:USDT|ena_trend_discovery|short,2026-05-19 16:00:00+00:00,ENA/USDT:USDT,ENA,short,ena_trend_discovery,22.527804779217227,0.0137566137566137,0.0298220298220298,0.0228956228956229,-0.0047810657974525,-0.0565658332594983,-0.0034632034632034,0.0070722728153458,0.0,-0.0185989425981872,0.0081466395112017,-0.0520335432560274,0.0138995280231161,1.0975765280822014,0.0089847377799952,0.0067769837520301,16.60131175035227,0.0056488946737547,0.0062976826884426,0.0036555321287884,-0.0419733645277992,0,sl,1779206400000,1779217200000,4
1779206400000|ONDO/USDT:USDT|ondo_trend_discovery|long,2026-05-19 16:00:00+00:00,ONDO/USDT:USDT,ONDO,long,ondo_trend_discovery,25.738289703270198,0.0363781200212426,0.0605416887944768,0.1035581518852893,0.0131672381315472,0.026971244517452,0.0215082315454062,0.0317808219178081,0.0278384279475982,-0.0301313417460725,0.1073213760658629,0.0136246079288566,0.0257011789932934,1.6269916690259627,0.0254929108564986,0.0163150483627742,16.60131175035227,0.0056488946737547,0.0062976826884426,0.0036555321287884,0.0987192534344015,1,tp,1779206400000,1779213600000,4
1779206400000|INJ/USDT:USDT|inj_trend_discovery|long,2026-05-19 16:00:00+00:00,INJ/USDT:USDT,INJ,long,inj_trend_discovery,23.41727705497315,0.0362776025236591,0.072160883280757,0.098186119873817,0.0256284309853824,0.0406715008957667,0.0130126182965299,0.0325732899022801,0.0302660979077797,-0.0076306006652318,0.0891131629804595,0.0146671732724213,0.0214683548623062,0.922047375865324,0.0210682627819339,0.0147337401382918,16.60131175035227,0.0056488946737547,0.0062976826884426,0.0036555321287884,0.025017976820819,1,sl,1779206400000,1779213600000,2
1779210000000|ETH/USDT:USDT|eth_trend|short,2026-05-19 17:00:00+00:00,ETH/USDT:USDT,ETH,short,eth_trend,23.437530535469406,0.0060760523155196,0.0151924950114899,0.0191974882498131,-0.0026101508745971,-0.0348071765632272,0.0020024966191616,-0.0025468574608774,-0.0015626696629638,-0.0090898016174224,0.0037256586347478,-0.0322812847121546,0.0077329388582913,0.7035947896904564,0.006499156873032,0.0053931441636773,15.92641050201838,0.0055009347675883,0.0019577128800811,0.0035772392013839,0.0701241955243791,1,tp,1779210000000,1779213600000,2
1779210000000|DOGE/USDT:USDT|doge_trend_loose|short,2026-05-19 17:00:00+00:00,DOGE/USDT:USDT,DOGE,short,doge_trend_loose,21.0916255908636,0.0074288470815244,0.01794500723589,0.0116739025566811,-0.0056187885125851,-0.0551734458900957,-0.0031355523396044,-0.003748558246828,-0.0059461014673443,-0.0080390467987366,-0.0028860028860028,-0.0498346678366798,0.0099183881131165,0.0660702687366971,0.007272619355176,0.0066657190150869,15.92641050201838,0.0055009347675883,0.0019577128800811,0.0035772392013839,0.3792904563955827,1,tp,1779210000000,1779235200000,9
1779210000000|NEAR/USDT:USDT|near_trend_discovery|long,2026-05-19 17:00:00+00:00,NEAR/USDT:USDT,NEAR,long,near_trend_discovery,28.810331747577425,0.0220763723150357,0.0035799522673031,0.094272076372315,0.0371940235561044,0.0777795082507042,0.0453460620525058,0.0108564535585042,0.0358467243510505,0.0494677520350657,0.0847896440129449,0.0391300795924846,0.0169687933680565,1.4671977664688014,0.0126251144186209,0.0090397988813244,15.92641050201838,0.0055009347675883,0.0019577128800811,0.0035772392013839,-0.3530687932850069,0,sl,1779210000000,1779224400000,5
1779213600000|AAVE/USDT:USDT|aave_trend|short,2026-05-19 18:00:00+00:00,AAVE/USDT:USDT,AAVE,short,aave_trend,21.677121537188132,0.0118222121177674,0.0239854495850858,0.0104581107195635,-0.0074284231603545,-0.04665993942321,-0.0067636694327611,-0.0094583943249634,0.0003411416875143,-0.0137892376681614,0.0099885189437429,-0.0395251256214376,0.009085406216109,0.5788779773577118,0.0059011105767447,0.0051120718820802,15.353927996401412,0.0053084169532729,0.0071187170041036,0.003352558899255,1.083048626419001,1,tp,1779213600000,1779228000000,5
1779217200000|ETH/USDT:USDT|eth_trend|short,2026-05-19 19:00:00+00:00,ETH/USDT:USDT,ETH,short,eth_trend,22.05305019201369,0.0064527735564107,0.0164372925809673,0.0090471388600889,-0.003218173206279,-0.0353102410257044,-0.0036950768604391,-0.0009270514560857,0.0013748180736428,-0.0129487191469079,-0.0057472887483054,-0.0321956790912347,0.0074250326287908,0.5259227125781883,0.0039679783962381,0.0053896711515063,14.312956550326764,0.005227228955548,-0.0015409923470548,0.0028112684771114,-0.0759218409912066,0,sl,1779217200000,1779220800000,2
1779220800000|INJ/USDT:USDT|inj_trend_discovery|long,2026-05-19 20:00:00+00:00,INJ/USDT:USDT,INJ,long,inj_trend_discovery,20.6529674871264,0.0157862780813601,0.1005869257235377,0.0222626998583281,4.654020619700685e-05,0.0133022342046911,-0.0391621129326047,0.0116707616707616,-0.0258280757097791,-0.0058350100603621,0.0106361219063202,0.0132550771044725,0.0209837060724696,0.6855316312892794,0.0195990588887282,0.0149443352530031,13.346340207543165,0.0050456219360381,0.0014076060160195,0.0028601336874943,0.4443855082169979,1,tp,1779220800000,1779228000000,4
1779224400000|BNB/USDT:USDT|bnb_trend|short,2026-05-19 21:00:00+00:00,BNB/USDT:USDT,BNB,short,bnb_trend,21.427672846568527,0.0024033959672887,0.0104719395717585,0.0067107809476246,-0.0010585281594191,-0.0253945874633222,-0.0018805793120669,-0.0012002556388632,-0.0003900095162322,-0.0001092333380148,-0.0078350004645257,-0.0243618470049733,0.0046083392789817,-1.0804748816823249,0.002250897341544,0.003046472158933,12.435240792070486,0.0047555174871589,-0.0015662489570237,0.0028123172759499,0.0452568811830508,1,tp,1779224400000,1779231600000,3
1779228000000|ETH/USDT:USDT|eth_trend|short,2026-05-19 22:00:00+00:00,ETH/USDT:USDT,ETH,short,eth_trend,20.629213115487676,0.0070253272786,0.0198314681461496,0.0057380631186942,-0.0057329739311559,-0.0375242116605765,-0.0070467025137276,-0.0050850661625709,-0.0042521390766379,-0.0057428922263154,-0.0138559691215186,-0.0319745469736812,0.0067943492462316,0.1815258277276606,0.0035238787946839,0.0054254471768897,12.81366526122236,0.0047405459674356,-0.0047894025707021,0.0028967976147409,0.0498463030529938,1,tp,1779228000000,1779249600000,7
1779228000000|AVAX/USDT:USDT|avax_trend|short,2026-05-19 22:00:00+00:00,AVAX/USDT:USDT,AVAX,short,avax_trend,22.47291191654936,0.0067188016301354,0.0258839079193743,0.0070492344971913,-0.006949216689979,-0.0362927147119212,-0.0094173367110914,-0.0043864458822238,-0.0053680981595091,-0.0076511094108644,-0.0174242424242423,-0.0295488393092395,0.007195674431027,-0.1183555094213798,0.0036076683230081,0.0046097433169998,12.81366526122236,0.0047405459674356,-0.0047894025707021,0.0028967976147409,-0.0859969318969821,0,sl,1779228000000,1779231600000,2
1779228000000|ENA/USDT:USDT|ena_trend_discovery|short,2026-05-19 22:00:00+00:00,ENA/USDT:USDT,ENA,short,ena_trend_discovery,24.94750409285133,0.0077028081123244,0.0437792511700468,0.001072542901716,-0.0127539982659004,-0.0657474663878478,-0.0213533541341654,-0.0068751815628934,-0.0058162078324932,-0.0139409672146909,-0.0273141122913506,-0.0536780782387209,0.0121258548599374,0.1695185614666509,0.0063076770372819,0.0068518408127304,12.81366526122236,0.0047405459674356,-0.0047894025707021,0.0028967976147409,-0.0248376110652228,0,sl,1779228000000,1779246000000,6
1779231600000|XRP/USDT:USDT|xrp_trend|short,2026-05-19 23:00:00+00:00,XRP/USDT:USDT,XRP,short,xrp_trend,34.90817959004618,0.0062467847431468,0.0267509370177114,0.0064672594987873,-0.0057546690535761,-0.0349752153738838,-0.010141838759462,0.0025788387857352,0.0030962034647989,-0.007585150609,-0.0207268801727239,-0.0293896741687412,0.00695736609448,0.0993974333052004,0.0034754939391122,0.0042089687192612,13.137750174565353,0.0046879018411091,-0.002121793272629,0.0029134677284562,-3.280867432738788,0,sl,1779231600000,1779260400000,10
1779231600000|AAVE/USDT:USDT|aave_trend|short,2026-05-19 23:00:00+00:00,AAVE/USDT:USDT,AAVE,short,aave_trend,25.483874222938848,0.0056076905470358,0.0308995193408102,0.0022888532845043,-0.0100625519056237,-0.0507842838950713,-0.0143053330281528,0.0012604560559184,-0.0061419472247498,-0.0082850981727387,-0.0229229565022923,-0.0411356617206841,0.0082123882941658,-0.0891662051242215,0.004507125846701,0.0052158233948777,13.137750174565353,0.0046879018411091,-0.002121793272629,0.0029134677284562,-0.1912931189940554,0,sl,1779231600000,1779253200000,7
1779235200000|BNB/USDT:USDT|bnb_trend|short,2026-05-20 00:00:00+00:00,BNB/USDT:USDT,BNB,short,bnb_trend,21.650898761545783,0.0042827221857513,0.0107380662102597,0.0051892838163117,-0.0018986073881249,-0.0261083922883962,-0.0027743911969741,-0.0008901382056688,-0.0027278537246894,-0.0030541964035279,-0.0096131519063763,-0.0242558372120071,0.004587957810235,-1.060232312787332,0.0022000742072444,0.0029898275506617,13.93816275736494,0.0047073771597361,-0.0044317571651282,0.0028861914975658,-0.0459360410161815,0,sl,1779235200000,1779253200000,6
1779235200000|AVAX/USDT:USDT|avax_trend|short,2026-05-20 00:00:00+00:00,AVAX/USDT:USDT,AVAX,short,avax_trend,23.150859628156628,0.0052741456982749,0.0206570706515766,0.0094495110427425,-0.0037124455080128,-0.0333064598542662,-0.0056037798044171,0.0001098901098901,-0.0032855108969443,-0.0042669584245076,-0.0189716503179905,-0.0297042899038757,0.0069961420806643,-0.2971484967707729,0.0035511335811714,0.0046144216451154,13.93816275736494,0.0047073771597361,-0.0044317571651282,0.0028861914975658,-0.0849483131510528,0,sl,1779235200000,1779242400000,3
1779235200000|XLM/USDT:USDT|xlm_trend_discovery|short,2026-05-20 00:00:00+00:00,XLM/USDT:USDT,XLM,short,xlm_trend_discovery,33.30232103540502,0.0105727489147179,0.0371096485086122,0.0049712925360594,-0.0130855636819106,-0.0626733736675921,-0.0160691779862763,-0.0044611738463683,-0.0052239325764436,-0.0187564410855376,-0.0331054092478505,-0.0502452980328063,0.0083718786195855,0.4959936071982662,0.0041137088862461,0.0046114408180776,13.93816275736494,0.0047073771597361,-0.0044317571651282,0.0028861914975658,0.0532035989756409,1,time_stop,1779235200000,1779278400000,12
1779238800000|DOGE/USDT:USDT|doge_trend_loose|short,2026-05-20 01:00:00+00:00,DOGE/USDT:USDT,DOGE,short,doge_trend_loose,26.007269787304217,0.0075927187773776,0.0255037476881144,0.0089555144553684,-0.0081286828738545,-0.0591979918798491,-0.008274116616373,0.0001947230065233,-0.0070558670017397,-0.0147693488059844,-0.0142966800997887,-0.0514878373073264,0.0086952829126218,-0.5853885961473762,0.0045725155502706,0.0065911102018221,14.485686759394452,0.0047400317169091,0.0019847224650748,0.0026010463499387,-0.0366225182302652,0,sl,1779238800000,1779253200000,5
1779238800000|ADA/USDT:USDT|ada_trend_discovery|short,2026-05-20 01:00:00+00:00,ADA/USDT:USDT,ADA,short,ada_trend_discovery,22.532898919119457,0.0072609923356191,0.0205728116175877,0.0048406615570794,-0.0044061712720615,-0.0346824972707152,-0.0078660750302541,-0.0004032258064515,-0.0040176777822418,-0.0080032012805122,-0.0135296458416236,-0.030410319072927,0.0072071335937875,-0.4396535649824641,0.0032458240386257,0.0041432724336986,14.485686759394452,0.0047400317169091,0.0019847224650748,0.0026010463499387,-0.1262772267059509,0,sl,1779238800000,1779253200000,4
1779249600000|ONDO/USDT:USDT|ondo_trend_discovery|long,2026-05-20 04:00:00+00:00,ONDO/USDT:USDT,ONDO,long,ondo_trend_discovery,18.492357796278405,0.0186021791124103,0.0613871910709539,0.0473026840287006,0.0171332547106063,0.0256264476689565,-0.0070422535211267,0.0137392241379312,0.0211668928086838,-0.0007966011683483,-0.030903940252382,0.0083501280869699,0.0214741916012924,0.5421082236180161,0.0138378379251332,0.0165089091146978,15.778419205529769,0.0043956576844534,-0.0018377045470505,0.0025636210787634,0.6513030275554672,1,tp,1779249600000,1779253200000,1
1779253200000|NEAR/USDT:USDT|near_trend_discovery|long,2026-05-20 05:00:00+00:00,NEAR/USDT:USDT,NEAR,long,near_trend_discovery,19.60077590864684,0.045153521974714,0.0156532209512342,0.049367850692354,0.0298512342288477,0.0636748636465032,0.0168573148705599,0.0394242803504381,0.0459697732997481,-0.0089498806682577,0.0400751408891673,0.032843218800415,0.0157362363690377,0.6703284410999799,0.0137169678531569,0.0105074468568746,15.624476145070544,0.0045702746148399,0.003871330301485,0.0028042473573157,10.288239551918254,1,tp,1779253200000,1779256800000,1
1779253200000|INJ/USDT:USDT|inj_trend_discovery|long,2026-05-20 05:00:00+00:00,INJ/USDT:USDT,INJ,long,inj_trend_discovery,18.12748842320411,0.0250295624753645,0.0035474970437524,0.0478912100906581,0.0243313640873437,0.0391509342237177,0.0221718565234528,0.0205148833467416,0.0317202114680763,0.0127744510978045,0.0067460317460317,0.0144675547932459,0.018456657171616,-0.1883028245085405,0.0120136470958048,0.0147138220697763,15.624476145070544,0.0045702746148399,0.003871330301485,0.0028042473573157,-0.2052002063069122,0,sl,1779253200000,1779260400000,3
1779256800000|ONDO/USDT:USDT|ondo_trend_discovery|long,2026-05-20 06:00:00+00:00,ONDO/USDT:USDT,ONDO,long,ondo_trend_discovery,21.79893588332816,0.0280987394957982,0.0288865546218486,0.058560924369748,0.0234759255677151,0.037068773671009,0.0148371848739496,-0.0041841004184099,0.0250336473755048,0.0356268697307586,-0.021834061135371,0.0132810628601293,0.0224814672202815,0.6788763950828218,0.0134016625005206,0.0164851483512033,15.800136585655984,0.0044488068331063,0.0051256605165668,0.0028408121032826,2.854098790828804,1,tp,1779256800000,1779289200000,10
1779260400000|AAVE/USDT:USDT|aave_trend|short,2026-05-20 07:00:00+00:00,AAVE/USDT:USDT,AAVE,short,aave_trend,28.35297140797103,0.0083266795939318,0.021215923348922,0.012547051442911,-0.0016637133109932,-0.043887430695013,-0.0043344359530055,-0.0060090702947845,0.0074695472305217,-0.0028434940855323,-0.0204469273743016,-0.042294082612238,0.0079005847039504,-0.4751790154199937,0.0047454666238476,0.0050831781032099,16.1638081641696,0.0043559198123762,0.0006411883876249,0.0028108952550875,0.4597155888593783,1,tp,1779260400000,1779271200000,4
1779260400000|NEAR/USDT:USDT|near_trend_discovery|long,2026-05-20 07:00:00+00:00,NEAR/USDT:USDT,NEAR,long,near_trend_discovery,21.892073264118167,0.0127427184466018,0.0236650485436894,0.0418689320388349,0.0173346375201363,0.0541413440389147,0.0091019417475727,-0.0048309178743961,0.0338770388958593,0.013530135301353,-0.0036275695284159,0.0361795471827232,0.015591883714695,0.5738247644521282,0.0124831557789065,0.0105321880414095,16.1638081641696,0.0043559198123762,0.0006411883876249,0.0028108952550875,-0.201776632686277,0,sl,1779260400000,1779264000000,2
1779264000000|BCH/USDT:USDT|bch_trend|short,2026-05-20 08:00:00+00:00,BCH/USDT:USDT,BCH,short,bch_trend,24.152121168802445,0.0078321905742702,0.0474267595327786,0.0243638038971246,-0.0042761802606496,-0.0852495092208675,-0.011531477817827,-0.0031877245589864,0.0011667028434989,0.0015743329442738,-0.0267197721038193,-0.0813210725253255,0.0096593735735516,-0.6091915205129739,0.0109558596122508,0.0124258217336186,17.063960145885964,0.0044428394392014,0.005378117217506,0.0027992731629569,0.2027401530429808,1,tp,1779264000000,1779267600000,2
1779267600000|NEAR/USDT:USDT|near_trend_discovery|long,2026-05-20 09:00:00+00:00,NEAR/USDT:USDT,NEAR,long,near_trend_discovery,23.20513376408208,0.0127659574468085,0.025531914893617,0.0401215805471125,0.012101688391211,0.0510692749522386,0.0072948328267477,-0.0060422960725076,-0.0096327513546056,0.0179455445544554,0.0048869883934026,0.0385016515711663,0.0149448753710909,0.2852398120594216,0.0124445538233694,0.0105262704437574,17.899815557479734,0.0042923764275871,0.0086277175682469,0.0027154948782456,3.0693947885473696,1,tp,1779267600000,1779289200000,6
1779271200000|BCH/USDT:USDT|bch_trend|short,2026-05-20 10:00:00+00:00,BCH/USDT:USDT,BCH,short,bch_trend,24.11184202051107,0.0051890893284067,0.050016300804173,0.0219517496196478,-0.0055752485358418,-0.085927190816104,-0.0140322755922626,-0.0006787391741102,-0.0033035472515571,-0.0006516072980017,-0.014273854476313,-0.0808024359429455,0.0091722777529357,-0.747283185233967,0.0106708975887947,0.0124196111398741,19.07339377881545,0.0041590624114025,0.0061034363645335,0.0026635592360415,0.5758669122024211,1,tp,1779271200000,1779274800000,2
1779271200000|RENDER/USDT:USDT|render_trend_discovery|long,2026-05-20 10:00:00+00:00,RENDER/USDT:USDT,RENDER,long,render_trend_discovery,22.46215799188928,0.0085653104925053,0.0064239828693789,0.0471092077087794,0.0160330336003487,0.0176620275240741,0.0203426124197002,0.0043010752688172,0.0086393088552916,0.0331858407079646,0.0320441988950277,0.0016032883477744,0.0113934282499256,-0.3152905087566302,0.0089704547647912,0.0084249779396702,19.07339377881545,0.0041590624114025,0.0061034363645335,0.0026635592360415,0.0186200711959265,1,sl,1779271200000,1779282000000,3
1779271200000|INJ/USDT:USDT|inj_trend_discovery|long,2026-05-20 10:00:00+00:00,INJ/USDT:USDT,INJ,long,inj_trend_discovery,18.535225947929767,0.0226145606030549,0.0113072803015273,0.0416584011108906,0.0160123882546667,0.0314703253136187,0.0151755604046816,0.0200323755564548,0.0057861133280128,0.0241771637545713,0.0167406212182332,0.0152143194685903,0.0180955174749089,-0.3541533473498431,0.0131583068230349,0.0150327454335529,19.07339377881545,0.0041590624114025,0.0061034363645335,0.0026635592360415,1.2926262786353868,1,tp,1779271200000,1779285600000,4
1779274800000|AAVE/USDT:USDT|aave_trend|short,2026-05-20 11:00:00+00:00,AAVE/USDT:USDT,AAVE,short,aave_trend,26.776508975637554,0.0100801832760595,0.020504009163803,0.0083619702176403,-0.0050322819991251,-0.0462505519328312,-0.0060710194730813,-0.0075034106412005,-0.0042203718489791,-0.0009155413138017,-0.0091930541368744,-0.0414267409766051,0.0078505742459493,-0.6088983072026063,0.004856576606872,0.0051758431157794,19.198182657512685,0.0040934326057675,0.0087914122991088,0.0025184431340817,0.0579922989761162,1,sl,1779274800000,1779278400000,2
1779278400000|BCH/USDT:USDT|bch_trend|short,2026-05-20 12:00:00+00:00,BCH/USDT:USDT,BCH,short,bch_trend,25.323160957475714,0.0087944502103021,0.0555798328508221,0.0167695417053585,-0.0090889609404148,-0.0891291140374746,-0.0194051455727317,-0.0025607497003378,-0.0077237865524811,-0.0083687674349322,-0.050516052071988,-0.0807743076240437,0.0088885971353352,-0.8543008792734298,0.0092861878686366,0.012416618410418,19.982994318522373,0.0041606092137907,0.0089582360766331,0.0025259783566582,-0.6267777846877766,0,sl,1779278400000,1779289200000,4
1779282000000|ETH/USDT:USDT|eth_trend|short,2026-05-20 13:00:00+00:00,ETH/USDT:USDT,ETH,short,eth_trend,18.376370828367328,0.0097040203043768,0.0092039589761009,0.0125392736845084,-0.0013599971144664,-0.0268374126005686,0.0016676573542037,-0.0063051111246538,-0.0041389678419583,0.0025776974776401,0.0007412058522213,-0.0255121118846492,0.0058871865555207,-0.6700095483413471,0.0031619816661453,0.0054709402138841,18.830840189474,0.0045242940545358,0.0042838868856063,0.0027773012024992,-0.0010828533747383,0,sl,1779282000000,1779285600000,1
1779282000000|AAVE/USDT:USDT|aave_trend|short,2026-05-20 13:00:00+00:00,AAVE/USDT:USDT,AAVE,short,aave_trend,27.369316829757683,0.0108907485956666,0.0213229393557262,0.0075662042875158,-0.0053153545991947,-0.0461837820326758,-0.0068783675341051,-0.0062656641604009,-0.0041100582258248,0.0021829044117647,-0.0136815920398009,-0.0410868184428576,0.0081911658161781,-0.3862845760911093,0.0050271817754344,0.0052649659426149,18.830840189474,0.0045242940545358,0.0042838868856063,0.0027773012024992,-0.5881042628221596,0,sl,1779282000000,1779285600000,2
1779282000000|XLM/USDT:USDT|xlm_trend_discovery|short,2026-05-20 13:00:00+00:00,XLM/USDT:USDT,XLM,short,xlm_trend_discovery,30.08583512415077,0.0153425809163513,0.0224183830741206,0.0070057447106627,-0.0054295885662771,-0.056174751799145,-0.0077063191817289,-0.0064040094667966,0.0004906427419921,-0.0024460129988118,-0.0205846027171675,-0.0510221927472346,0.0081830648954756,0.1522769615462161,0.0041920035774901,0.0047933062947549,18.830840189474,0.0045242940545358,0.0042838868856063,0.0027773012024992,-0.0315575351342466,0,sl,1779282000000,1779285600000,2
1779285600000|RENDER/USDT:USDT|render_trend_discovery|long,2026-05-20 14:00:00+00:00,RENDER/USDT:USDT,RENDER,long,render_trend_discovery,27.24262840067759,0.0209863588667365,0.0031479538300104,0.0619097586568729,0.0283473239278658,0.0373214077102001,0.0293809024134311,0.0176187933796048,0.0203426124197001,0.0507166482910694,0.0636160714285714,0.008726705047529,0.0120429909998883,-0.0141482109744279,0.0087115303940856,0.0086830287483147,17.4890243804609,0.0048250768286778,0.0136749875925972,0.0024724455572978,1.0639722830829126,1,tp,1779285600000,1779289200000,1
1779289200000|INJ/USDT:USDT|inj_trend_discovery|long,2026-05-20 15:00:00+00:00,INJ/USDT:USDT,INJ,long,inj_trend_discovery,23.75368196964678,0.0333528379169105,0.0267212795006827,0.0495416422859371,0.0244757399388332,0.0472220635334113,0.0114101813926271,-0.0019466614755693,0.02663195835002,0.0286918138041734,0.0437703583061888,0.0222028913988106,0.0193653380703939,-0.0160509201942261,0.0128576677969906,0.0151216724007726,17.21204054405295,0.0049955804615122,0.0122254631124663,0.0024637438020116,-1.7414192018044925,0,sl,1779289200000,1779303600000,5
1779292800000|NEAR/USDT:USDT|near_trend_discovery|long,2026-05-20 16:00:00+00:00,NEAR/USDT:USDT,NEAR,long,near_trend_discovery,26.97367607777068,0.0160427807486631,0.017825311942959,0.0617944147355912,0.0222079493518125,0.0707586553356646,0.0219845513963161,-0.0017793594306049,0.0231003039513677,0.053191489361702,0.0150784077201449,0.0474959190198416,0.0158689039252837,0.5406571325597446,0.0115917519785486,0.0107316575822943,16.07978144890428,0.0051563246630811,0.0057599504542775,0.0023169024463686,0.379891783670267,1,sl,1779292800000,1779314400000,6
1779292800000|ONDO/USDT:USDT|ondo_trend_discovery|long,2026-05-20 16:00:00+00:00,ONDO/USDT:USDT,ONDO,long,ondo_trend_discovery,34.18864156565235,0.0351187468418393,0.0323395654370895,0.0866599292572006,0.0358592923331838,0.0727438148710175,0.0271601819100555,-0.0181096502108658,0.0230033600413541,0.0518203560988572,0.0509824747742964,0.0356076571507646,0.0252064169704421,1.017419436621817,0.01362270084218,0.0175279969902237,16.07978144890428,0.0051563246630811,0.0057599504542775,0.0023169024463686,-0.2425416016810067,0,sl,1779292800000,1779318000000,8
1779292800000|RENDER/USDT:USDT|render_trend_discovery|long,2026-05-20 16:00:00+00:00,RENDER/USDT:USDT,RENDER,long,render_trend_discovery,31.17576150024077,0.0134645261522527,0.0093215950284826,0.0683583635422061,0.0342270385473563,0.0498967956753891,0.0295183842568616,0.0025960539979232,0.0260361317747077,0.0500271886895051,0.041531823085221,0.0151511772019053,0.0125509041602057,0.2988325970575642,0.0072470933891053,0.008724813206228,16.07978144890428,0.0051563246630811,0.0057599504542775,0.0023169024463686,-1.0878460598942818,0,sl,1779292800000,1779314400000,6
1779307200000|INJ/USDT:USDT|inj_trend_discovery|long,2026-05-20 20:00:00+00:00,INJ/USDT:USDT,INJ,long,inj_trend_discovery,24.250814008574636,0.0155162124527551,0.0471454147602944,0.0304356475034812,0.0035285949316541,0.0255531185576784,-0.0083548836284065,0.0080208542209745,0.0011949810794662,0.0180234912920211,0.017405383525602,0.0219470812663034,0.0188235645598168,-0.3345762374408778,0.0106987422330665,0.0153315674327901,14.165892754307844,0.0049723867362262,0.0091365784014041,0.0024578759831306,-0.2068625242115902,0,sl,1779307200000,1779310800000,2
1779310800000|TON/USDT:USDT|ton_trend_discovery|long,2026-05-20 21:00:00+00:00,TON/USDT:USDT,TON,long,ton_trend_discovery,26.729105026616367,0.0111549515319791,0.0190949388669685,0.0628866481562668,0.0227797961096942,0.0251722316650378,0.021895854644649,-0.00349497597204,-0.002914177473408,0.0561815094922055,0.0332175751170165,0.0023391501909244,0.0185079558586741,-0.525227037233612,0.010346994536007,0.0141262352942258,14.034360374531117,0.004880013393508,0.0067855954584208,0.0025364572875639,0.0425904782293509,1,time_stop,1779310800000,1779339600000,8
1779318000000|NEAR/USDT:USDT|near_trend_discovery|long,2026-05-20 23:00:00+00:00,NEAR/USDT:USDT,NEAR,long,near_trend_discovery,29.75356293282904,0.0129259694477085,0.0170387779083432,0.072267920094007,0.0185634773566038,0.0771905192006614,0.0276145710928319,0.0065050266114723,0.0082938388625593,0.0378048780487805,0.062421972534332,0.0575585549132467,0.0175636637167009,1.395339547942014,0.0116027165276493,0.0111767353152448,12.473328136997102,0.0046185499573709,0.0092500120442866,0.0023960891214457,16.72606448737121,1,tp,1779318000000,1779336000000,5
1779318000000|RENDER/USDT:USDT|render_trend_discovery|long,2026-05-20 23:00:00+00:00,RENDER/USDT:USDT,RENDER,long,render_trend_discovery,31.422947559854336,0.0089238845144356,0.0230971128608924,0.0556430446194226,0.0079777308661708,0.0329274884620622,0.016272965879265,0.001577287066246,-0.0098752598752598,0.0192616372391654,0.0478547854785478,0.0247522904840881,0.0115148695669112,-1.4129791372571874,0.0068080167631134,0.0084864745833494,12.473328136997102,0.0046185499573709,0.0092500120442866,0.0023960891214457,2.1498524661574616,1,tp,1779318000000,1779336000000,5
1779321600000|ONDO/USDT:USDT|ondo_trend_discovery|long,2026-05-21 00:00:00+00:00,ONDO/USDT:USDT,ONDO,long,ondo_trend_discovery,42.065449589406775,0.0120693990445059,0.0274075936635655,0.087754588886095,0.0159998782410868,0.0712214100836086,0.0301734976112646,-0.0097111553784861,-0.0079820404090795,0.0279141897131041,0.0792401628222523,0.0543519079334162,0.0217844416842965,0.0837714283176168,0.0126986349238178,0.0172646882723568,13.2058025275348,0.0047958496944113,0.0152186855547551,0.0025956497660857,0.1132730752441941,1,sl,1779321600000,1779328800000,2
1779332400000|ONDO/USDT:USDT|ondo_trend_discovery|long,2026-05-21 03:00:00+00:00,ONDO/USDT:USDT,ONDO,long,ondo_trend_discovery,44.69041637110056,0.0262576687116564,0.0154601226993865,0.0895705521472392,0.0299079031268783,0.0944271786915675,0.0370552147239263,0.009162951956414,0.0146912350597607,0.0109154056065492,0.0977909482758621,0.062645674791701,0.0234751009585977,0.4384686538905589,0.015361561584131,0.017927443446746,15.80651808014447,0.0045729083175031,0.0175969101416619,0.002592220963008,-0.2624166581536992,0,sl,1779332400000,1779357600000,8
1779336000000|INJ/USDT:USDT|inj_trend_discovery|long,2026-05-21 04:00:00+00:00,INJ/USDT:USDT,INJ,long,inj_trend_discovery,18.43486032290916,0.0227091633466135,0.0486055776892431,0.0549800796812748,0.0159980324095219,0.0245328291275132,0.0031872509960159,0.021155410903173,0.0384774513860157,-0.0001991635132444,0.0096540627514076,0.0084004067387318,0.0185298641684603,-0.6236220486906537,0.0132429701258139,0.0156255202394402,16.776673641781525,0.0044505113917423,0.0162271118112369,0.0026060348618068,0.0598427248880086,1,sl,1779336000000,1779339600000,1
1779339600000|NEAR/USDT:USDT|near_trend_discovery|long,2026-05-21 05:00:00+00:00,NEAR/USDT:USDT,NEAR,long,near_trend_discovery,38.85437928708139,0.0263761467889907,0.0212155963302751,0.0670871559633027,0.024959676897003,0.0974467292640712,0.0229357798165137,-0.0169109357384441,0.0180969060128428,0.0301240401653868,0.0499698976520168,0.0707218576505545,0.0194637557152135,2.317205008603821,0.0104360296695434,0.0116282200615669,16.396588785055336,0.0045610188710384,0.008093776888548,0.0024720698384146,-10.6009710716938,0,sl,1779339600000,1779343200000,1
1779339600000|RENDER/USDT:USDT|render_trend_discovery|long,2026-05-21 05:00:00+00:00,RENDER/USDT:USDT,RENDER,long,render_trend_discovery,30.80573905911033,0.0155844155844155,0.015064935064935,0.0425974025974026,0.0093900495348244,0.0410637478238263,0.0137662337662338,-0.0102827763496143,0.004697286012526,-0.0005192107995846,0.0416666666666667,0.0313790474788202,0.0114845662480962,-1.153222669763305,0.0069579862626666,0.0085086129513554,16.396588785055336,0.0045610188710384,0.008093776888548,0.0024720698384146,-0.8669244899884826,0,sl,1779339600000,1779357600000,6
1779343200000|ETH/USDT:USDT|eth_trend|short,2026-05-21 06:00:00+00:00,ETH/USDT:USDT,ETH,short,eth_trend,18.59796530248017,0.0052453222160075,0.0138136218573892,0.0071018654734655,-0.0028553595315899,-0.0202418426701121,-0.0033558781919618,-0.0036526943303626,-0.0060683920396149,-0.0016610750064518,-0.0025222809295869,-0.0174362699581426,0.005869974153706,-1.1436493524519695,0.0030622661116563,0.0048545587853843,15.435042510331552,0.0045630966971446,0.0027384407817026,0.0024886709642415,0.3008793924866123,1,tp,1779343200000,1779346800000,2
1779343200000|TON/USDT:USDT|ton_trend_discovery|long,2026-05-21 06:00:00+00:00,TON/USDT:USDT,TON,long,ton_trend_discovery,31.681328841798216,0.0106528537920249,0.023749022673964,0.0581508991399531,0.0065375296948407,0.0198287493844257,0.0172009382329945,0.0011741682974559,0.0037276829507553,0.0079298625818846,0.0395732791465583,0.0132048923139652,0.0179617241726123,-0.8659780762122918,0.0107297451648087,0.014105445482286,15.435042510331552,0.0045630966971446,0.0027384407817026,0.0024886709642415,-0.1936810099511016,0,sl,1779343200000,1779346800000,2
1779346800000|NEAR/USDT:USDT|near_trend_discovery|long,2026-05-21 07:00:00+00:00,NEAR/USDT:USDT,NEAR,long,near_trend_discovery,37.9023106762855,0.0145180023228803,0.0342624854819976,0.0551684088269453,0.010439059885417,0.0818922429733685,0.0104529616724738,0.0070175438596491,-0.0080645161290322,0.0201421800947867,0.0449029126213593,0.0707149851234513,0.0197286896598615,2.2759502452246867,0.0112681001201318,0.0118352026205528,14.634300159266994,0.0045764777122306,0.0077191038435,0.0025384540238469,18.56283004686224,1,tp,1779346800000,1779375600000,8
1779350400000|TON/USDT:USDT|ton_trend_discovery|long,2026-05-21 08:00:00+00:00,TON/USDT:USDT,TON,long,ton_trend_discovery,32.44593601356747,0.0153846153846153,0.0231990231990233,0.0586568986568986,0.0058977488196339,0.0199784017894946,0.0177289377289376,0.0012714558169102,-0.0074171029668412,-0.0061162079510702,0.0490316630802336,0.0139980957173665,0.0175238878338813,-1.0539733268832172,0.0103809427459372,0.0139286501442693,14.9358745382244,0.0045535088989974,0.0059163115071678,0.0025029273192541,-0.1480472867968612,0,sl,1779350400000,1779354000000,2
1779350400000|INJ/USDT:USDT|inj_trend_discovery|long,2026-05-21 08:00:00+00:00,INJ/USDT:USDT,INJ,long,inj_trend_discovery,18.08005798932435,0.017258679510335,0.0563917318884207,0.0479630744531406,0.0078902332383677,0.0165784884561406,-0.0042143287176399,0.0130107745476724,-0.0073705179282868,-0.0087527352297593,0.0091130012150668,0.0086202395174099,0.0180050054482788,-0.9072522519263372,0.0124202725893571,0.0156325716795675,14.9358745382244,0.0045535088989974,0.0059163115071678,0.0025029273192541,0.1897060990640585,1,tp,1779350400000,1779354000000,2
1779357600000|BNB/USDT:USDT|bnb_trend|short,2026-05-21 10:00:00+00:00,BNB/USDT:USDT,BNB,short,bnb_trend,28.850346209383197,0.0092018866179599,0.0118530164308395,0.0110360985233823,-0.003662288006442,-0.0088436946502131,-0.0004084589537286,-0.0074960225186635,-0.0047249409382383,-0.0002157430808111,0.0068751454954605,-0.005200452197482,0.0048154304749709,-0.4220405378663363,0.0031432761513941,0.0030647977445209,14.232806412323097,0.0047450119657862,-0.0039134800802315,0.0028639985182294,1.3554734735500182,1,tp,1779357600000,1779361200000,1
1779357600000|AVAX/USDT:USDT|avax_trend|short,2026-05-21 10:00:00+00:00,AVAX/USDT:USDT,AVAX,short,avax_trend,22.12899646582223,0.0112685125563426,0.0210345567718394,0.0183515775917578,-0.0021984532116545,-0.0064128414794969,-0.0013414895900408,-0.0112478777589134,-0.006821573225325,0.0055033991583037,0.0108483402039487,-0.0042236738171105,0.0083359561146473,0.5429097980445494,0.0052500293591264,0.0050150109066616,14.232806412323097,0.0047450119657862,-0.0039134800802315,0.0028639985182294,5.037089173729019,1,tp,1779357600000,1779364800000,2
1779361200000|SUI/USDT:USDT|sui_trend_discovery|short,2026-05-21 11:00:00+00:00,SUI/USDT:USDT,SUI,short,sui_trend_discovery,22.464504340665947,0.0100405305821666,0.0593220338983051,0.0446757553426676,-0.0092235139587822,-0.0129633101979032,-0.0073231392778188,-0.0054965188713814,-0.0239165617694661,0.0059303187546331,0.0317430146360007,-0.0037746114202445,0.0180498709077725,2.27172324947242,0.0130315323632361,0.0100522467646807,14.342174033739015,0.0046215397130697,-0.0025054556361117,0.0028473984294778,0.143343048303883,1,tp,1779361200000,1779364800000,2
1779361200000|ONDO/USDT:USDT|ondo_trend_discovery|long,2026-05-21 11:00:00+00:00,ONDO/USDT:USDT,ONDO,long,ondo_trend_discovery,44.97012215639168,0.0295348264828944,0.028796455820822,0.0691607186807777,0.0161660179808103,0.0843092177840627,0.0201821314299778,0.022138364779874,0.0014789253142715,0.011703187250996,0.0515010351966873,0.0670591208498168,0.0251667212324117,0.7958896124479963,0.0154881135209922,0.0181538536831852,14.342174033739015,0.0046215397130697,-0.0025054556361117,0.0028473984294778,0.1796561323606963,1,tp,1779361200000,1779372000000,4
1779364800000|BNB/USDT:USDT|bnb_trend|short,2026-05-21 12:00:00+00:00,BNB/USDT:USDT,BNB,short,bnb_trend,25.46590092861897,0.0045080390799291,0.0100315408877605,0.0128163704900377,-0.0012764219186322,-0.0068890986138949,0.0013924148011385,0.0029318725406992,-0.008149063773291,-0.0062534401565652,0.0070810995072672,-0.0056198499949757,0.0047370377958448,-0.4955826942121647,0.0031564691979787,0.0030167313113526,14.6789435338394,0.0045681937823591,-0.0044619036940232,0.0027790535312739,-2.6448353295071585,0,sl,1779364800000,1779375600000,3
1779368400000|ETH/USDT:USDT|eth_trend|short,2026-05-21 13:00:00+00:00,ETH/USDT:USDT,ETH,short,eth_trend,18.026286502235894,0.0093652396274662,0.0176736461685082,0.0075629617747245,-0.0041483335120315,-0.0225245835767235,-0.0050553421968918,0.0015830336595485,-0.0086110526438877,-0.0096116554756532,-9.435119401424163e-05,-0.0184527984267966,0.0061526898978587,-0.8261307827645911,0.0036570765642827,0.0047159769195548,15.786149266023394,0.0048297403083434,-0.0011039801594551,0.0025856141670975,-0.5002736366426062,0,sl,1779368400000,1779372000000,2
1779368400000|TON/USDT:USDT|ton_trend_discovery|long,2026-05-21 13:00:00+00:00,TON/USDT:USDT,TON,long,ton_trend_discovery,24.70530949709991,0.0204964364708774,0.0297370361268125,0.0372081592528876,0.0030486271946557,0.0132809544428743,0.0037355615630374,0.0068791448084728,0.0047409748629561,-0.0063492063492063,0.038540071465033,0.0102012275086169,0.0180243765286946,-0.7635039153528059,0.0109698316359991,0.0125213818410448,15.786149266023394,0.0048297403083434,-0.0011039801594551,0.0025856141670975,-0.098084831578179,0,sl,1779368400000,1779372000000,2
1779368400000|INJ/USDT:USDT|inj_trend_discovery|long,2026-05-21 13:00:00+00:00,INJ/USDT:USDT,INJ,long,inj_trend_discovery,18.120418405204127,0.0190114068441064,0.0534320592355413,0.0506303782269361,0.0101775944441739,0.01898109598956,-0.0014008405043025,0.0048260607279309,0.0129738495844313,0.0343614158559304,-0.0081381500595475,0.0087148057864321,0.0187553532101577,-0.6802606748369103,0.0126800071964386,0.0153161069818454,15.786149266023394,0.0048297403083434,-0.0011039801594551,0.0025856141670975,-0.1011728483732018,0,sl,1779368400000,1779372000000,2
1779375600000|ONDO/USDT:USDT|ondo_trend_discovery|long,2026-05-21 15:00:00+00:00,ONDO/USDT:USDT,ONDO,long,ondo_trend_discovery,44.3065424653303,0.045243335778919,0.0222548300317926,0.0381511371973587,0.0193921856440161,0.0879675306085988,0.0079481535827831,0.0222499999999998,0.006399212404627,0.003435582822086,0.014388489208633,0.0672708167968338,0.0261369393051546,1.1535427469700206,0.0138116408954089,0.0181527537806605,17.101146777765372,0.0050444926176201,-0.0025664208310192,0.0026468679812832,1.9427044855475524,1,sl,1779375600000,1779386400000,3
1779375600000|RENDER/USDT:USDT|render_trend_discovery|long,2026-05-21 15:00:00+00:00,RENDER/USDT:USDT,RENDER,long,render_trend_discovery,21.69899886047372,0.0177175612298072,0.0234497133923918,0.0182386659718604,0.0041126197361216,0.0342471406752326,-0.0026055237102657,0.0105318588730911,0.01,-0.0123520329387545,-0.0036344755970924,0.0300110967104768,0.0125506589367955,0.2942214821928137,0.0076388263876915,0.0085877277986668,17.101146777765372,0.0050444926176201,-0.0025664208310192,0.0026468679812832,-0.1708568058223215,0,sl,1779375600000,1779379200000,2
1779375600000|INJ/USDT:USDT|inj_trend_discovery|long,2026-05-21 15:00:00+00:00,INJ/USDT:USDT,INJ,long,inj_trend_discovery,18.563158348531665,0.0295180722891564,0.0315261044176705,0.0473895582329318,0.0051091434004721,0.0151557106611741,0.0079317269076305,-0.0045972416550069,0.0040322580645162,0.0130187144019529,-0.0286717378583966,0.0099954988238517,0.0197604340817409,-0.2576787493183208,0.011980015573953,0.0153268189301637,17.101146777765372,0.0050444926176201,-0.0025664208310192,0.0026468679812832,2.5891632822976978,1,tp,1779375600000,1779382800000,2
1779379200000|NEAR/USDT:USDT|near_trend_discovery|long,2026-05-21 16:00:00+00:00,NEAR/USDT:USDT,NEAR,long,near_trend_discovery,40.71660363004165,0.0320224719101124,0.0286516853932583,0.0685393258426966,0.0239340481718391,0.1083001423620508,0.0199438202247191,-0.0138504155124653,0.0165619645916619,0.0033821871476888,0.0576351752822341,0.0823940705369074,0.0223121830750429,2.870614214314757,0.0135485531369075,0.012521836144361,17.367533402244685,0.0050100685049949,-0.0017373643290513,0.0026321811778739,22.22506268851139,1,tp,1779379200000,1779390000000,3
1779382800000|SUI/USDT:USDT|sui_trend_discovery|long,2026-05-21 17:00:00+00:00,SUI/USDT:USDT,SUI,long,sui_trend_discovery,22.6175091052684,0.0387170075161685,0.0093515119734311,0.0721027792343995,0.0373569248731306,0.0397892853753429,0.0313756336304842,0.0293270960777258,0.0417918601475006,0.0250851101953055,0.0639761949042219,0.002344767209714,0.0190408587079149,2.1831932665666933,0.0132522398324345,0.0103611795923667,17.061944475726797,0.0054602997415072,0.0037917332476968,0.0031182282003766,10.247343530095648,1,tp,1779382800000,1779386400000,1
1779382800000|RENDER/USDT:USDT|render_trend_discovery|long,2026-05-21 17:00:00+00:00,RENDER/USDT:USDT,RENDER,long,render_trend_discovery,21.69714666727,0.0227272727272727,0.0144628099173553,0.0268595041322314,0.0122166354729617,0.0427067936254647,0.006198347107438,0.0184113624408206,0.0152071316203461,0.0057142857142855,0.0051921079958463,0.0301221666232113,0.0133778797817167,1.3768047142458557,0.0087338507902027,0.008888334151754,17.061944475726797,0.0054602997415072,0.0037917332476968,0.0031182282003766,1.0325291444462286,1,tp,1779382800000,1779397200000,4
1779382800000|TON/USDT:USDT|ton_trend_discovery|long,2026-05-21 17:00:00+00:00,TON/USDT:USDT,TON,long,ton_trend_discovery,22.61292519047038,0.0318769831584086,0.0226995362460336,0.0309982914327557,0.0105164606080151,0.0199424699787555,0.004149377593361,0.0159698457570798,0.0068812976161221,0.0022015655577301,-0.0050512409539072,0.009327912743815,0.0185106103148474,-0.435221531043503,0.0101175937377013,0.0124151026450118,17.061944475726797,0.0054602997415072,0.0037917332476968,0.0031182282003766,1.1263387188103442,1,tp,1779382800000,1779397200000,4
1779386400000|INJ/USDT:USDT|inj_trend_discovery|long,2026-05-21 18:00:00+00:00,INJ/USDT:USDT,INJ,long,inj_trend_discovery,23.33717889232953,0.0418676442214934,0.0310630908740112,0.0846999807061547,0.0357242722470492,0.0550451655221974,0.0268184449160716,-0.0106890627982439,0.0359784129522287,0.048977939688322,0.0349440894568688,0.0186544757063872,0.0231957930778951,1.2044782407810115,0.0150976057388122,0.0161536717011366,16.77818332967447,0.005730070886767,-0.0002714037389095,0.0033454866147151,-1.13217342327458,0,time_stop,1779386400000,1779426000000,12
1779390000000|SUI/USDT:USDT|sui_trend_discovery|long,2026-05-21 19:00:00+00:00,SUI/USDT:USDT,SUI,long,sui_trend_discovery,26.36829859308767,0.0160292708424078,0.0141127275895112,0.0750936492725845,0.032657383044704,0.0422116669285315,0.0304904608415366,-0.0045959070412765,0.0354501172650187,0.032098543427441,0.0689077195269576,0.0092521334187893,0.0191566633665459,2.0310275920644494,0.0131862800570777,0.0099255781743175,16.514690836911594,0.0057001576613595,0.0003413602368138,0.0033741154128128,-7.767599227803703,0,sl,1779390000000,1779400800000,4
1779390000000|ONDO/USDT:USDT|ondo_trend_discovery|long,2026-05-21 19:00:00+00:00,ONDO/USDT:USDT,ONDO,long,ondo_trend_discovery,45.97119198838201,0.0184519530313922,0.0254013898873711,0.0575125808770669,0.0259162205763025,0.1054241268338016,0.0160555954948479,0.0045739046701973,0.0205429200293469,0.0285925560759181,0.0461268488342943,0.0774994143409059,0.0261262651987373,1.2391413380897962,0.0149139611034415,0.0179736052701511,16.514690836911594,0.0057001576613595,0.0003413602368138,0.0033741154128128,-0.1789647680483625,0,sl,1779390000000,1779408000000,6
1779393600000|NEAR/USDT:USDT|near_trend_discovery|long,2026-05-21 20:00:00+00:00,NEAR/USDT:USDT,NEAR,long,near_trend_discovery,47.63873636655062,0.0231362467866323,0.0056555269922878,0.1352185089974293,0.0866207896537494,0.202678484976489,0.0647814910025707,0.0114404576183047,0.0926966292134832,0.1007357102433503,0.1474926253687316,0.1068060692633363,0.0243763002593608,2.8367559349162,0.0180434217425485,0.0138125492507017,16.282257535441396,0.0054479055131264,-0.0001055618206068,0.0033718258705666,3.5208299799602765,1,tp,1779393600000,1779415200000,6
1779400800000|RENDER/USDT:USDT|render_trend_discovery|long,2026-05-21 22:00:00+00:00,RENDER/USDT:USDT,RENDER,long,render_trend_discovery,24.379070172353643,0.0082601961796592,0.0139390810531749,0.0258131130614352,0.0074906539373941,0.0410322844102187,0.0059370160041301,-0.002060793405461,0.0051894135962635,0.0221635883905013,0.0184016824395374,0.0332922497511415,0.0120947228326076,-0.2778614071608927,0.0084495746907866,0.0082384154265147,15.514070544964245,0.0050422185867069,0.0015670946272148,0.0033249261971618,-0.1000859633057081,0,sl,1779400800000,1779404400000,2
1779400800000|TON/USDT:USDT|ton_trend_discovery|long,2026-05-21 22:00:00+00:00,TON/USDT:USDT,TON,long,ton_trend_discovery,27.149639939909285,0.0097549138558601,0.0167435088570735,0.0366415918466392,0.0114721064441304,0.0248380270462966,0.0099490414947829,0.0068901485535575,0.0099005048277216,0.0323146292585172,0.0172294628751976,0.0132143244653129,0.0167764647610363,-1.2654077611602788,0.0093613940657202,0.0108358958943622,15.514070544964245,0.0050422185867069,0.0015670946272148,0.0033249261971618,-0.12753494759501,0,sl,1779400800000,1779408000000,3
1779404400000|SUI/USDT:USDT|sui_trend_discovery|long,2026-05-21 23:00:00+00:00,SUI/USDT:USDT,SUI,long,sui_trend_discovery,26.991751526549724,0.0164620039152873,0.0358604733938423,0.0416444207154297,0.006986229286114,0.0194623250110845,0.0028919736607937,0.0033928571428569,-0.0209948601794581,0.0351879145173177,0.041326908821349,0.012389539560849,0.0181823984340907,1.3807310744018315,0.0136910251999303,0.0100986249690158,14.891451501086657,0.0048879351540765,0.0009792246965887,0.0033234551827804,-1.1402556987826435,0,sl,1779404400000,1779408000000,2
1779408000000|RENDER/USDT:USDT|render_trend_discovery|long,2026-05-22 00:00:00+00:00,RENDER/USDT:USDT,RENDER,long,render_trend_discovery,23.508111936868957,0.0083073727933541,0.019730010384216,0.0202492211838005,0.0009993289755166,0.0343462968382309,0.0002596053997922,-0.0051652892561983,-0.0077279752704791,0.0147523709167545,0.0083769633507853,0.0333136765404663,0.0115636822732495,-0.9592984095679984,0.0085243697093097,0.0081374256015072,13.993529110613322,0.0048015775832694,-0.0074991242039239,0.0031780550170663,3.306139373389379,1,tp,1779408000000,1779422400000,4
1779411600000|ONDO/USDT:USDT|ondo_trend_discovery|long,2026-05-22 01:00:00+00:00,ONDO/USDT:USDT,ONDO,long,ondo_trend_discovery,43.98138024446396,0.0241916167664671,0.0249101796407186,0.0524550898203592,0.0149571610106246,0.09918935273562,0.0137724550898203,0.0185411075872163,-0.0132356416922713,0.0354662698412697,0.0123666343355965,0.0829908837148582,0.0241395320659945,-0.0410403114635269,0.0139848143136605,0.0145225582053559,13.339497852904035,0.0047643865412303,-0.003059699478656,0.0032400616812032,0.4046740209602886,1,tp,1779411600000,1779418800000,3
1779415200000|BNB/USDT:USDT|bnb_trend|long,2026-05-22 02:00:00+00:00,BNB/USDT:USDT,BNB,long,bnb_trend,26.72119196293613,0.0035722394611367,0.0011503821993491,0.0212063876485279,0.0076026940348825,0.0090996289524333,0.0100280027245894,0.001364153088291,0.0051424833021436,0.0174960341295877,0.0098284980587568,0.0014856400507986,0.0048396604402776,-0.0904605648065782,0.0034429958043113,0.0027445580997084,12.453546880010377,0.0045503873850505,-0.00355898377088,0.0032324220849678,-2.0517589974199244,0,sl,1779415200000,1779433200000,6
1779415200000|TON/USDT:USDT|ton_trend_discovery|long,2026-05-22 02:00:00+00:00,TON/USDT:USDT,TON,long,ton_trend_discovery,27.443135833210015,0.0111938482503529,0.0105611524796807,0.0339222270891127,0.0067465315307757,0.0211858612120133,0.011680537304716,0.0091351112420805,-0.0028148507643777,0.0251970861191497,0.0077987051206591,0.0143425671000647,0.0157631871828417,-1.753025847656961,0.0089582224650543,0.0106837318608121,12.453546880010377,0.0045503873850505,-0.00355898377088,0.0032324220849678,0.1492836447087974,1,tp,1779415200000,1779418800000,2
1779418800000|AVAX/USDT:USDT|avax_trend|long,2026-05-22 03:00:00+00:00,AVAX/USDT:USDT,AVAX,long,avax_trend,21.105646324941336,0.0058959781006528,0.001684565171615,0.026953042745841,0.0088047564261367,0.0122079744288338,0.0126342387871129,0.0031685678073509,0.0052921253175273,0.0134443021766965,0.0126879198208764,0.0033735150246055,0.0075343289109582,-0.2214260549359713,0.0055986338335909,0.0045204657244105,11.83740704163603,0.004346439152867,-0.0038326941238431,0.0032265029355129,0.6262753926945296,1,time_stop,1779418800000,1779447600000,8
1779418800000|NEAR/USDT:USDT|near_trend_discovery|long,2026-05-22 03:00:00+00:00,NEAR/USDT:USDT,NEAR,long,near_trend_discovery,59.5791732960182,0.033050047214353,0.0070821529745043,0.196883852691218,0.1147427702081935,0.2892273364677943,0.0949008498583568,0.0266602035870091,0.0996884735202492,0.1734072022160664,0.2200460829493087,0.1565245103379441,0.0258434618127114,2.3399093236573463,0.0190059756497619,0.0146315064957788,11.83740704163603,0.004346439152867,-0.0038326941238431,0.0032265029355129,3.746547730995925,1,tp,1779418800000,1779433200000,4
1779422400000|ONDO/USDT:USDT|ondo_trend_discovery|long,2026-05-22 04:00:00+00:00,ONDO/USDT:USDT,ONDO,long,ondo_trend_discovery,41.08181418938669,0.0109038042161376,0.0368306275745093,0.041434456021323,0.0025711604595919,0.0837966282708584,0.0023019142234068,0.0029161603888214,0.0068309343742376,-0.0074555074555073,0.0243236535120379,0.0810171596937135,0.0226809595618833,-0.9403266398998588,0.0131235631777754,0.0141004445232285,11.633018207588927,0.0042839698294146,-0.0047901427683076,0.0032379973385998,-0.165107068884612,0,sl,1779422400000,1779426000000,2
1779426000000|SUI/USDT:USDT|sui_trend_discovery|long,2026-05-22 05:00:00+00:00,SUI/USDT:USDT,SUI,long,sui_trend_discovery,20.438385179339235,0.0156866260308354,0.0434743635711724,0.0346002151308712,0.0031012329765381,0.0118019301013114,-0.0044370742201506,0.0046829971181554,0.0161216868567262,-0.024995630134592,-0.0005375380756138,0.0086737976574461,0.0171096982017168,0.7455252201601731,0.0107206647259847,0.0104193676131365,10.99917210872676,0.0042389348214593,-0.0044347323092743,0.0032275564847161,-0.1485193122088293,0,sl,1779426000000,1779429600000,2
1779426000000|RENDER/USDT:USDT|render_trend_discovery|long,2026-05-22 05:00:00+00:00,RENDER/USDT:USDT,RENDER,long,render_trend_discovery,28.51328429858959,0.0200300450676014,0.0130195292939409,0.0550826239359039,0.0271400053712492,0.0694023739361128,0.0210315473209814,-0.0059731209556992,0.0352514256091238,0.0315082644628099,0.0374025974025973,0.0411456747316432,0.0123657463158153,0.2364876606538693,0.0092749821848654,0.0083995437470652,10.99917210872676,0.0042389348214593,-0.0044347323092743,0.0032275564847161,-0.8205229837815408,0,sl,1779426000000,1779433200000,2
1779429600000|XLM/USDT:USDT|xlm_trend_discovery|short,2026-05-22 06:00:00+00:00,XLM/USDT:USDT,XLM,short,xlm_trend_discovery,22.54970916850384,0.0065497714402673,0.0153510268131268,0.0249027768301836,-1.0574518248149558e-05,-0.0186382344650125,0.0047758750085283,-0.0052935188327112,-0.0059681247880637,-0.0057658390991723,0.0101309441764301,-0.0186278569273774,0.0077891027356245,-1.159026604569198,0.0056188328521037,0.0049058088188968,10.80412130381717,0.0040961372904164,-0.0026510567496265,0.0031893730685308,0.0755170770999813,1,tp,1779429600000,1779433200000,2
1779429600000|INJ/USDT:USDT|inj_trend_discovery|long,2026-05-22 06:00:00+00:00,INJ/USDT:USDT,INJ,long,inj_trend_discovery,29.29626673014342,0.014864071973401,0.0451789556033639,0.05476237042832,0.0017080293939456,0.0348676654888712,0.0047917074124781,0.003139101432215,-0.0031195164749462,-0.0135056916843525,0.0348107670512043,0.0331030950355742,0.0200556258207632,-0.1540592670550983,0.0143259966311793,0.0128883076643102,10.80412130381717,0.0040961372904164,-0.0026510567496265,0.0031893730685308,2.1018538510694054,1,tp,1779429600000,1779440400000,3
1779436800000|BNB/USDT:USDT|bnb_trend|long,2026-05-22 08:00:00+00:00,BNB/USDT:USDT,BNB,long,bnb_trend,25.41687497065225,0.0034264748245068,0.0033961520384491,0.0196036811862274,0.0037796922567282,0.0070806852803461,0.0081037645738892,-0.0004546350038643,0.0001364711590949,0.0027822543862316,0.0065314593538738,0.0032885632665036,0.0045679218711516,-0.5553412065149929,0.0035427955731024,0.0027530339178487,11.393698950699694,0.0040873242066537,-0.0083517251030644,0.0031150422261891,-0.5470255811163149,0,sl,1779436800000,1779444000000,2
1779436800000|NEAR/USDT:USDT|near_trend_discovery|long,2026-05-22 08:00:00+00:00,NEAR/USDT:USDT,NEAR,long,near_trend_discovery,67.8650998575821,0.0256070640176599,0.0083885209713022,0.2401766004415011,0.1181908895082387,0.3556849613639254,0.1158940397350994,0.0111607142857141,0.042817679558011,0.1645244215938304,0.2818336162988117,0.2123913493519273,0.02665027727851,2.0260148630859813,0.0171552390017328,0.0145899669179119,11.393698950699694,0.0040873242066537,-0.0083517251030644,0.0031150422261891,-1.804863816637692,0,sl,1779436800000,1779476400000,11
1779436800000|ONDO/USDT:USDT|ondo_trend_discovery|long,2026-05-22 08:00:00+00:00,ONDO/USDT:USDT,ONDO,long,ondo_trend_discovery,36.09299302834583,0.05799812909261,0.0121608980355473,0.0748362956033675,0.0365991929459496,0.1191452728194297,0.0313376987839101,0.0449657869012707,0.0361037072934333,0.0132701421800947,0.0500982318271119,0.0796316266067015,0.0228066512637328,-0.7019474691125667,0.0157003405807575,0.0147116016657068,11.393698950699694,0.0040873242066537,-0.0083517251030644,0.0031150422261891,2.282956614196157,1,tp,1779436800000,1779440400000,1
1779436800000|RENDER/USDT:USDT|render_trend_discovery|long,2026-05-22 08:00:00+00:00,RENDER/USDT:USDT,RENDER,long,render_trend_discovery,30.9074701508454,0.0194126431060228,0.0074664011946242,0.0607267297162767,0.0253789607384351,0.073546152923865,0.0266301642608262,0.0024950099800398,0.0,0.0350334878928386,0.0270961145194272,0.0469750151209869,0.0138269163904059,2.034339271030765,0.0089400694534695,0.0083097076014232,11.393698950699694,0.0040873242066537,-0.0083517251030644,0.0031150422261891,1.3051434133791155,1,tp,1779436800000,1779451200000,4
1779444000000|ONDO/USDT:USDT|ondo_trend_discovery|long,2026-05-22 10:00:00+00:00,ONDO/USDT:USDT,ONDO,long,ondo_trend_discovery,37.85655884703016,0.0216317893251823,0.0345638372913237,0.0698330590171643,0.0250192987035674,0.1106062313864418,0.0176346108629203,-0.0025797373358348,0.0421465327125705,0.0172207605835923,0.069937106918239,0.0834978744216072,0.0240611545461654,0.1369441354825512,0.0151170744967863,0.0145786309240616,12.179032065899008,0.0037717599546841,0.0014176015839817,0.0028150537434984,3.9231251480215934,1,tp,1779444000000,1779454800000,3
1779444000000|INJ/USDT:USDT|inj_trend_discovery|long,2026-05-22 10:00:00+00:00,INJ/USDT:USDT,INJ,long,inj_trend_discovery,31.77972773448034,0.0317519611505416,0.0089652596189764,0.0930145685468808,0.0378928828191052,0.0808938030508171,0.0420246544639522,0.0124810892586988,0.0471347545472324,0.013439333711906,0.100061639613725,0.0414309809263876,0.0202968444680871,0.0987021964525053,0.0140118374629176,0.013133003887494,12.179032065899008,0.0037717599546841,0.0014176015839817,0.0028150537434984,0.6612978142707886,1,sl,1779444000000,1779458400000,4
1779447600000|BNB/USDT:USDT|bnb_trend|long,2026-05-22 11:00:00+00:00,BNB/USDT:USDT,BNB,long,bnb_trend,21.1133642877767,0.004131603730595,0.0052708327004282,0.0177719719293982,0.001743337818093,0.0050871327468109,0.0062505696144851,0.0028485688607247,-0.0023186385197083,-0.0007285753316536,0.0158784044441016,0.0033379757094277,0.0044924551766743,-0.6910134102698311,0.0032062780648636,0.0027790534492465,12.877914906585108,0.0037363704267254,0.0030768273684702,0.0028286829158799,0.4896481978003933,1,tp,1779447600000,1779454800000,2
1779451200000|LINK/USDT:USDT|link_trend|long,2026-05-22 12:00:00+00:00,LINK/USDT:USDT,LINK,long,link_trend,24.313112127005255,0.0121072643586152,0.0003001801080648,0.0474284570742445,0.0199784524366971,0.022291596181718,0.0235641384830898,0.0108222918984524,0.0206290849673203,0.0288243771875642,0.043868811364111,0.0022678358934886,0.0078244134310202,-0.535650903579904,0.0054431130807908,0.0047004494390264,12.597796665151666,0.0036448177728433,0.0032015431619285,0.0028306914236147,0.5022492057089838,1,tp,1779451200000,1779454800000,2
1779451200000|DOT/USDT:USDT|dot_trend|long,2026-05-22 12:00:00+00:00,DOT/USDT:USDT,DOT,long,dot_trend,39.953577836422376,0.0163447251114413,0.0,0.0765230312035661,0.0284977394589131,0.053393678668425,0.0382615156017829,0.0112697220135238,0.0166163141993958,0.0466562986003111,0.0759392486011192,0.0242061195220609,0.0123486960296493,1.9089257799885109,0.0070868563956379,0.0062023260127391,12.597796665151666,0.0036448177728433,0.0032015431619285,0.0028306914236147,0.0303765069488445,1,sl,1779451200000,1779454800000,1
1779451200000|AVAX/USDT:USDT|avax_trend|long,2026-05-22 12:00:00+00:00,AVAX/USDT:USDT,AVAX,long,avax_trend,22.85356638972261,0.0078247261345852,0.0002086593635888,0.0357850808555033,0.0115095858690035,0.0202550372561072,0.0177882107459572,0.0062992125984251,0.0085227272727275,0.0213106020245072,0.0305343511450382,0.0086459401959995,0.0072589043992005,-0.518837332374225,0.0045948656224481,0.0044421116508208,12.597796665151666,0.0036448177728433,0.0032015431619285,0.0028306914236147,-0.6640921925339273,0,sl,1779451200000,1779458400000,2
1779454800000|RENDER/USDT:USDT|render_trend_discovery|long,2026-05-22 13:00:00+00:00,RENDER/USDT:USDT,RENDER,long,render_trend_discovery,32.129918179959674,0.0362745098039214,0.0299019607843136,0.075,0.0245610496411137,0.0854020800176602,0.0225490196078431,-0.0257879656160457,0.0134128166915052,0.0575427682737168,0.0697430519140009,0.059382533034862,0.0166803210625467,4.203455264524872,0.0116708690631074,0.0096098106911469,13.438573896233466,0.0037939382639756,0.0021468385694143,0.0028727983093925,-0.9551400515324496,0,sl,1779454800000,1779458400000,1
1779458400000|XLM/USDT:USDT|xlm_trend_discovery|short,2026-05-22 14:00:00+00:00,XLM/USDT:USDT,XLM,short,xlm_trend_discovery,23.000261033580607,0.0160201786079486,0.0260413116095167,0.0187470175199398,-0.0045361662612778,-0.0171123614409016,-0.0036471470447883,-0.013981313436849,-0.0040059750135795,-0.0051542895896914,0.0183976673146346,-0.0126335028490092,0.0093744192376963,1.9781386400258163,0.0067718488133912,0.0053043538128159,15.338311904788576,0.0040628335478977,-0.0027214597629443,0.0031734725518492,0.9725409803634748,1,tp,1779458400000,1779472800000,7
1779458400000|ONDO/USDT:USDT|ondo_trend_discovery|long,2026-05-22 14:00:00+00:00,ONDO/USDT:USDT,ONDO,long,ondo_trend_discovery,42.98811839472333,0.0406024885396201,0.038201266099105,0.1296660117878192,0.0737840220692307,0.1881827160561309,0.045732372844357,-0.0015257192676546,0.0771220315071714,0.1083958383740624,0.1452499999999998,0.1065378992755439,0.027683324883831,2.4787099648473534,0.018165236704772,0.0153406297836111,15.338311904788576,0.0040628335478977,-0.0027214597629443,0.0031734725518492,-2.5302474006714286,0,sl,1779458400000,1779469200000,3
1779462000000|BNB/USDT:USDT|bnb_trend|long,2026-05-22 15:00:00+00:00,BNB/USDT:USDT,BNB,long,bnb_trend,19.744197902837545,0.0054200130566139,0.0095343647046321,0.0121760517406288,0.0006967676933529,0.0052643377003986,0.0013208435179983,0.0014443836282915,0.0005012607467265,-0.001984908633595,0.0090693220988127,0.0045643896877713,0.0051599129322086,1.279149166159383,0.00389634059183,0.0030693582614168,17.49393508458191,0.0042060456426107,-0.0060576787358384,0.003073323189033,-2.836126757896569,0,sl,1779462000000,1779472800000,3
1779462000000|RENDER/USDT:USDT|render_trend_discovery|long,2026-05-22 15:00:00+00:00,RENDER/USDT:USDT,RENDER,long,render_trend_discovery,30.69198449675808,0.0205205205205204,0.0515515515515515,0.0520520520520521,0.0028797749272372,0.0617354549337766,0.0002502502502502,0.0005007511266899,-0.0113805047006432,0.0121580547112463,0.0411672746221989,0.0586866755896135,0.0179100209636259,3.971544432423472,0.0124648639006358,0.009778513821964,17.49393508458191,0.0042060456426107,-0.0060576787358384,0.003073323189033,-0.1743016707348987,0,sl,1779462000000,1779465600000,2
1779462000000|INJ/USDT:USDT|inj_trend_discovery|long,2026-05-22 15:00:00+00:00,INJ/USDT:USDT,INJ,long,inj_trend_discovery,35.70641848435442,0.0156456173421301,0.0414703110273328,0.0672950047125352,0.0109010878850851,0.0664057068999604,0.0129123468426011,-0.0022569117923642,-0.0148560817084494,0.0300970873786405,0.0652610441767067,0.0549060829788965,0.0220751982373405,1.2744438453726592,0.015625318426006,0.0134891399744921,17.49393508458191,0.0042060456426107,-0.0060576787358384,0.003073323189033,3.298804755426564,1,tp,1779462000000,1779469200000,2
1779472800000|ETH/USDT:USDT|eth_trend|short,2026-05-22 18:00:00+00:00,ETH/USDT:USDT,ETH,short,eth_trend,18.655152306196424,0.0182804817623965,0.0218584441818806,0.0078372146205739,-0.0114846818465244,-0.0274078802295568,-0.0070106147806533,-0.0092796254165447,-0.0080294902998652,-0.0121564954654341,-0.0126676356725887,-0.0161081958879268,0.0062065512178414,0.1187116226647341,0.003313904071555,0.0035892831809729,23.21242423099263,0.0046446434385308,-0.0110646439444375,0.0022867819641329,8.168413598707756,1,time_stop,1779472800000,1779505200000,13
1779472800000|INJ/USDT:USDT|inj_trend_discovery|long,2026-05-22 18:00:00+00:00,INJ/USDT:USDT,INJ,long,inj_trend_discovery,36.91265243697938,0.0531255866341279,0.0615731180777173,0.0518115261873474,0.007187693418201,0.0680734190978759,-0.0048807959451848,-0.032509989102797,0.0018807598269701,0.0418540973987873,0.0277831371792398,0.0604512208375387,0.026456775829282,3.5391269956145397,0.0148298558911135,0.0135305008690064,23.21242423099263,0.0046446434385308,-0.0110646439444375,0.0022867819641329,-3.8769168940812606,0,sl,1779472800000,1779476400000,1
1779476400000|BTC/USDT:USDT|btc_trend_loose|short,2026-05-22 19:00:00+00:00,BTC/USDT:USDT,BTC,short,btc_trend_loose,26.04593807374889,0.0123188147773026,0.0268452835463836,0.002731213510737,-0.0154749589645568,-0.0252539817103494,-0.0120570350178234,-0.008777938419788,-0.0121084207852103,-0.0199025681525302,-0.0235651344178445,-0.0099327313559316,0.0052309920172794,1.3679818297069632,0.0026671593199093,0.0028960958223226,26.04593807374889,0.0052309920172794,-0.0235651344178445,0.0026671593199093,3.1402016711747884,1,tp,1779476400000,1779487200000,3
1779480000000|LINK/USDT:USDT|link_trend|short,2026-05-22 20:00:00+00:00,LINK/USDT:USDT,LINK,short,link_trend,25.053309062879755,0.0089154604573105,0.0521292217327459,0.0176211453744494,-0.0206695424964582,-0.0242780610248634,-0.0172540381791481,0.0077158862699504,-0.0279363784665578,-0.0263480392156861,-0.0237558877739093,-0.0036846791609073,0.0117745538193449,3.92044536737965,0.0074709272125901,0.0058280593424592,28.67705807059398,0.0051029998095425,-0.0222990701854222,0.0027048461180766,-0.167029249878405,0,sl,1779480000000,1779487200000,3
1779480000000|XRP/USDT:USDT|xrp_trend|short,2026-05-22 20:00:00+00:00,XRP/USDT:USDT,XRP,short,xrp_trend,24.96393167767221,0.0054432928193274,0.0276638580269928,0.0062635150249794,-0.011331903467672,-0.033712106531396,-0.0107001715010067,0.0023168908819131,-0.0094541694364429,-0.0152004699662211,-0.0257173992008717,-0.0226367201917618,0.007356812355487,1.4974311395473174,0.0031097083548915,0.0039260143658094,28.67705807059398,0.0051029998095425,-0.0222990701854222,0.0027048461180766,-0.5646185711134972,0,sl,1779480000000,1779501600000,7
1779480000000|DOGE/USDT:USDT|doge_trend_loose|short,2026-05-22 20:00:00+00:00,DOGE/USDT:USDT,DOGE,short,doge_trend_loose,20.92801004064829,0.0067353026075242,0.0270374290387761,0.0124122005195804,-0.0123701438477074,-0.0296558924311274,-0.0073126142595979,0.0050285272217387,-0.0193432723155313,-0.0173033282904691,-0.0159075845090427,-0.0175022539828468,0.0090875240647865,1.7081741617621808,0.0048288685691627,0.0050725228774766,28.67705807059398,0.0051029998095425,-0.0222990701854222,0.0027048461180766,0.4844688467981082,1,tp,1779480000000,1779508800000,10
1779480000000|TON/USDT:USDT|ton_trend_discovery|short,2026-05-22 20:00:00+00:00,TON/USDT:USDT,TON,short,ton_trend_discovery,23.213942144498063,0.0103798935665736,0.0940513198798672,0.0162811528531534,-0.0378978633131256,-0.0539148222895296,-0.0388850835133569,-0.0003160389781406,-0.0342950185722282,-0.0519980019980019,-0.0791810198437729,-0.016647877980565,0.0176413957528494,0.2176209690598182,0.0081769467327166,0.0096507624735786,28.67705807059398,0.0051029998095425,-0.0222990701854222,0.0027048461180766,0.6403483917194523,1,tp,1779480000000,1779490800000,3
1779480000000|INJ/USDT:USDT|inj_trend_discovery|long,2026-05-22 20:00:00+00:00,INJ/USDT:USDT,INJ,long,inj_trend_discovery,34.54210871208905,0.0376134889753567,0.0478043357420789,0.0641096905688345,0.0193200428630126,0.0806951453523694,0.0081526774133778,0.0307486631016042,0.0005561735261401,0.028587764436821,0.0426970633693972,0.0602118077821462,0.0278452658680341,3.4339949266676952,0.0161112233142364,0.0140779189924521,28.67705807059398,0.0051029998095425,-0.0222990701854222,0.0027048461180766,-0.0668069947467261,0,sl,1779480000000,1779490800000,4
1779483600000|SOL/USDT:USDT|sol_trend_discovery|short,2026-05-22 21:00:00+00:00,SOL/USDT:USDT,SOL,short,sol_trend_discovery,23.240245084350025,0.0045817669172932,0.0317199248120299,0.0142152255639098,-0.0135157162519337,-0.0200383496609672,-0.00875234962406,0.002001177163037,-0.0170900692840645,-0.0239651416122003,-0.0251946862116352,-0.0066119993156416,0.0087369416229571,1.665501140689079,0.0048700275786069,0.0048773289789133,31.084817949761945,0.0048946947482769,-0.0218480554174469,0.0027100547445639,0.0911175630612427,1,time_stop,1779483600000,1779516000000,12
1779483600000|ADA/USDT:USDT|ada_trend_discovery|short,2026-05-22 21:00:00+00:00,ADA/USDT:USDT,ADA,short,ada_trend_discovery,22.51814602397112,0.0056956875508544,0.0353946297803092,0.0150528885272578,-0.0120328910415302,-0.0294206679871403,-0.0101708706265257,0.0016299918500406,-0.0116606353035786,-0.0207171314741035,-0.0242159587137753,-0.0175995504181719,0.0095400057886496,2.600732003519201,0.0051924242578241,0.0045930964502246,31.084817949761945,0.0048946947482769,-0.0218480554174469,0.0027100547445639,0.2794835495083112,1,tp,1779483600000,1779490800000,2
1779490800000|BTC/USDT:USDT|btc_trend_loose|short,2026-05-22 23:00:00+00:00,BTC/USDT:USDT,BTC,short,btc_trend_loose,36.38856025551612,0.0069921642734836,0.0311151310170022,0.0025306867285279,-0.0142147197626435,-0.0283013237043607,-0.0142922221442372,-0.0025216633203,-0.0041409997217353,-0.0243130029407659,-0.0267199579306628,-0.0142897284267882,0.0051388047538204,1.113134224959244,0.0027536711760942,0.0028842309221499,36.38856025551612,0.0051388047538204,-0.0267199579306628,0.0027536711760942,0.2505904223211133,1,tp,1779490800000,1779519600000,8
1779490800000|LINK/USDT:USDT|link_trend|short,2026-05-22 23:00:00+00:00,LINK/USDT:USDT,LINK,short,link_trend,28.91335738144165,0.0203951561504142,0.0655406840875293,0.0065859358402378,-0.026490477064889,-0.0357336715458264,-0.0294773741236458,-0.0101987172747344,-0.0049677623929818,-0.0478405987660565,-0.0344615384615385,-0.0094947139839673,0.0118256405408565,3.132774739470835,0.0076528219147132,0.0059568472145032,36.38856025551612,0.0051388047538204,-0.0267199579306628,0.0027536711760942,0.8217672694011415,1,tp,1779490800000,1779512400000,9
1779490800000|AAVE/USDT:USDT|aave_trend|short,2026-05-22 23:00:00+00:00,AAVE/USDT:USDT,AAVE,short,aave_trend,21.708407275328696,0.018230376219229,0.0400603808639106,0.0167208546214584,-0.0138277504365248,-0.0432211627636224,-0.0116697631212261,-0.005083179297597,0.0080767880135783,-0.027002598576432,-0.0225854046078765,-0.0298055561187292,0.0112271944600117,2.985525119485484,0.0063668180925347,0.0056043259210171,36.38856025551612,0.0051388047538204,-0.0267199579306628,0.0027536711760942,1.186633525924375,1,tp,1779490800000,1779519600000,10
1779490800000|AVAX/USDT:USDT|avax_trend|short,2026-05-22 23:00:00+00:00,AVAX/USDT:USDT,AVAX,short,avax_trend,28.24978244929406,0.0170529077393966,0.0493003935286402,0.0063401836466987,-0.0220398102821757,-0.0254889293291211,-0.0214801049409707,-0.0086692674469007,-0.0068396482466616,-0.0395800524934384,-0.0317527519051651,-0.003526850155261,0.0096494123251907,2.173290369065446,0.0052742937587306,0.0050148211342456,36.38856025551612,0.0051388047538204,-0.0267199579306628,0.0027536711760942,0.0668449496861632,1,tp,1779490800000,1779505200000,7
1779490800000|BCH/USDT:USDT|bch_trend|short,2026-05-22 23:00:00+00:00,BCH/USDT:USDT,BCH,short,bch_trend,22.62187088183626,0.0420690420690419,0.0590243090243089,0.0045510045510045,-0.0400114350498187,-0.0776020318567696,-0.0272366522366522,-0.0355422331656138,-0.0329021523267671,-0.0496835443037974,-0.0521581314605854,-0.0391573380969404,0.0098060811307481,1.1397711179996373,0.0078909812377071,0.0056450193927057,36.38856025551612,0.0051388047538204,-0.0267199579306628,0.0027536711760942,0.4923155012974942,1,sl,1779490800000,1779494400000,1
1779490800000|XLM/USDT:USDT|xlm_trend_discovery|short,2026-05-22 23:00:00+00:00,XLM/USDT:USDT,XLM,short,xlm_trend_discovery,22.229960526470062,0.0145008365867261,0.0492889012827662,0.0034857780256553,-0.0183601685973276,-0.0368381757542306,-0.0229015616285553,-0.0074043318801466,-0.0078162827695925,-0.0353732347007396,-0.0216219903144395,-0.0188236118439688,0.0100331074706756,2.1384210759722677,0.0062637365383714,0.0054999943705591,36.38856025551612,0.0051388047538204,-0.0267199579306628,0.0027536711760942,0.0226767971911707,1,tp,1779490800000,1779498000000,3
1779494400000|ADA/USDT:USDT|ada_trend_discovery|short,2026-05-23 00:00:00+00:00,ADA/USDT:USDT,ADA,short,ada_trend_discovery,28.195039157531586,0.0082236842105263,0.0464638157894737,0.0102796052631579,-0.0169957944489013,-0.0385924453549312,-0.0180921052631578,0.0041288191577208,-0.0089649551752241,-0.04251968503937,-0.0240770465489567,-0.0219700493487942,0.0100508147111665,2.6944530671381832,0.0056545488376497,0.0048059276291582,38.95887980908196,0.0051918891671721,-0.0260586698248231,0.0027358185865102,-0.024348732861025,0,sl,1779494400000,1779498000000,2
1779494400000|SUI/USDT:USDT|sui_trend_discovery|short,2026-05-23 00:00:00+00:00,SUI/USDT:USDT,SUI,short,sui_trend_discovery,23.26785712180893,0.0165597779266773,0.083947544749689,0.0109122236048625,-0.033684571369886,-0.050080183423794,-0.0365176605724132,-0.0031488549618321,-0.0179545027260764,-0.0745858800602357,-0.0470674085560522,-0.0169671429929987,0.018088860160864,0.7504165072604173,0.0095132828146038,0.0108411461072778,38.95887980908196,0.0051918891671721,-0.0260586698248231,0.0027358185865102,0.0433790167400933,1,tp,1779494400000,1779505200000,4
1779494400000|ENA/USDT:USDT|ena_trend_discovery|short,2026-05-23 00:00:00+00:00,ENA/USDT:USDT,ENA,short,ena_trend_discovery,23.636100885584117,0.0151423987164059,0.105595667870036,0.0128359406337746,-0.0425813912084477,-0.0732902901902576,-0.0463798636181306,-0.0018018018018017,-0.0276911076443057,-0.0916378210967389,-0.0584458502502124,-0.032074683633495,0.0179174450577409,2.707632073317233,0.0105497129743616,0.0087357908654252,38.95887980908196,0.0051918891671721,-0.0260586698248231,0.0027358185865102,-0.0365344114738537,0,sl,1779494400000,1779501600000,3
1779494400000|TON/USDT:USDT|ton_trend_discovery|short,2026-05-23 00:00:00+00:00,TON/USDT:USDT,TON,short,ton_trend_discovery,32.62789423345245,0.0160030174039549,0.1097041866479873,0.0286114553585862,-0.0417308230297056,-0.0722990217596708,-0.0405463656447005,0.0117204535542956,-0.0221297223246745,-0.0754707581946796,-0.0884577603143418,-0.0318993863776469,0.0192294634819687,1.3443457647854904,0.0092600539068441,0.0101131921701808,38.95887980908196,0.0051918891671721,-0.0260586698248231,0.0027358185865102,0.5375464211360572,1,tp,1779494400000,1779519600000,8
1779501600000|INJ/USDT:USDT|inj_trend_discovery|long,2026-05-23 02:00:00+00:00,INJ/USDT:USDT,INJ,long,inj_trend_discovery,25.871954278996988,0.0157048249763481,0.0700094607379375,0.0442762535477767,0.0007376984768275,0.0548387892257348,-0.0128666035950803,0.0105162523900572,-0.0145440984523588,-0.0060184314463043,0.0304152856307273,0.0540612098767257,0.0285279162985662,2.2190211714364287,0.0174689430829209,0.0150308475197667,43.12880553446506,0.0047768265604064,-0.0269880033282585,0.0026737928577022,0.2594273976423933,1,tp,1779501600000,1779505200000,2
1779508800000|BNB/USDT:USDT|bnb_trend|short,2026-05-23 04:00:00+00:00,BNB/USDT:USDT,BNB,short,bnb_trend,25.90648948582607,0.0049810903053222,0.0222765427543584,0.0030132521600098,-0.0057062142365301,-0.0069332470607686,-0.0096316452971742,-0.0034929681036859,-0.0013970554370019,-0.0157519633210767,-0.0136774428337477,-0.0012340747189688,0.005407733110683,1.050873280052677,0.0037954090898655,0.0033149285723092,45.56376331133506,0.0043487861059123,-0.0272339954058172,0.0026524438700933,0.6847758538381539,1,tp,1779508800000,1779519600000,3
1779508800000|SUI/USDT:USDT|sui_trend_discovery|short,2026-05-23 04:00:00+00:00,SUI/USDT:USDT,SUI,short,sui_trend_discovery,29.855732121181088,0.0086855819339896,0.0928392202277553,0.0027986875120632,-0.0297068359210293,-0.0558430123737831,-0.045020266357846,-0.0071859729807416,-0.008136307073801,-0.0543894871326885,-0.0668227665706052,-0.0269363708004302,0.0156065837685613,-0.26599039632323,0.0091257080335946,0.0108470406252803,45.56376331133506,0.0043487861059123,-0.0272339954058172,0.0026524438700933,0.9863285352597848,1,tp,1779508800000,1779519600000,3
1779508800000|ENA/USDT:USDT|ena_trend_discovery|short,2026-05-23 04:00:00+00:00,ENA/USDT:USDT,ENA,short,ena_trend_discovery,29.973078497822534,0.0100020206102241,0.1138613861386138,0.0054556476055768,-0.0359755357962418,-0.0775105639954362,-0.0542028692665184,-0.0082164328657314,-0.0074207781789009,-0.0689492992192644,-0.0740013097576948,-0.0430850354337226,0.0152791652668262,1.0869565684762807,0.0103460115969196,0.0086091185807608,45.56376331133506,0.0043487861059123,-0.0272339954058172,0.0026524438700933,0.8512339672692756,1,tp,1779508800000,1779519600000,3
1779512400000|XRP/USDT:USDT|xrp_trend|short,2026-05-23 05:00:00+00:00,XRP/USDT:USDT,XRP,short,xrp_trend,34.45337849695593,0.0056378260542735,0.0296173795384498,0.0031571825903931,-0.0105536374705675,-0.0384418481906317,-0.0132300984740284,-0.0038190804253406,-0.0047134520424958,-0.0164867662280052,-0.0273451780361189,-0.0281856720851148,0.0062256204900557,-0.7339069884253253,0.0032304918479787,0.0038629234462231,46.7497546231133,0.0041292136573431,-0.0258489347966429,0.0026440079453934,5.779125497281003,1,tp,1779512400000,1779519600000,2
1779512400000|DOGE/USDT:USDT|doge_trend_loose|short,2026-05-23 05:00:00+00:00,DOGE/USDT:USDT,DOGE,short,doge_trend_loose,42.038531221128,0.005534690650326,0.0549515714568096,0.0050405218422614,-0.0201513384040981,-0.0515070185284556,-0.024955524807274,-0.0026614095613601,-0.0056019656019654,-0.0400379506641365,-0.0416745595756771,-0.0320005337082235,0.0086631340232881,0.6990726987745429,0.0054892073007452,0.00522370442258,46.7497546231133,0.0041292136573431,-0.0258489347966429,0.0026440079453934,0.4128401094581021,1,tp,1779512400000,1779519600000,2
1779512400000|ADA/USDT:USDT|ada_trend_discovery|short,2026-05-23 05:00:00+00:00,ADA/USDT:USDT,ADA,short,ada_trend_discovery,35.630592668325924,0.0045473336089292,0.052087639520463,0.0049607275733774,-0.0150965777715908,-0.041878338292872,-0.0235634559735427,-0.0008261049153243,-0.0069786535303777,-0.0273421793325291,-0.039316918189039,-0.0271922707514668,0.0083869224143388,0.5564513979874958,0.0055070702071481,0.0047603221259134,46.7497546231133,0.0041292136573431,-0.0258489347966429,0.0026440079453934,0.0183371508667398,1,tp,1779512400000,1779516000000,2
1779512400000|XLM/USDT:USDT|xlm_trend_discovery|short,2026-05-23 05:00:00+00:00,XLM/USDT:USDT,XLM,short,xlm_trend_discovery,25.36530347653281,0.0053568943926533,0.0470989286211214,0.0055656045637957,-0.0101759626788426,-0.0330137530133096,-0.0207666620286627,-0.0023598001110494,-0.0041568518775113,-0.0208446866485013,-0.0244994910078045,-0.0230725760068171,0.0081841175692681,-0.4737147010938922,0.0060630367315468,0.0054519009278334,46.7497546231133,0.0041292136573431,-0.0258489347966429,0.0026440079453934,0.2579166897480741,1,tp,1779512400000,1779519600000,2
1779516000000|LINK/USDT:USDT|link_trend|short,2026-05-23 06:00:00+00:00,LINK/USDT:USDT,LINK,short,link_trend,39.61259288395164,0.0041827541827541,0.0758258258258259,0.002037752037752,-0.0205778671587633,-0.0423935895762738,-0.0368940368940368,-0.0019267822736031,-0.0080851063829787,-0.0294576871031538,-0.0462356792144026,-0.0222740753818015,0.0092137156759356,0.4789228139904288,0.0073859435640506,0.0058578579504441,47.976971772932,0.0039458124102024,-0.026077068203551,0.0026434353830838,1.281115950416872,1,tp,1779516000000,1779519600000,1
1779519600000|ETH/USDT:USDT|eth_trend|short,2026-05-23 07:00:00+00:00,ETH/USDT:USDT,ETH,short,eth_trend,48.150694027137526,0.027226050200496,0.0541857586055526,0.0100963269493506,-0.0245252721723339,-0.0555278978117954,-0.022044715828101,-0.0162353888778366,-0.0204843782459767,-0.0179841131454033,-0.0470131469478116,-0.0317820900480967,0.0074162444721159,1.8603535907511748,0.0053177814120287,0.0043767439446806,50.15651844730385,0.0048564465763102,-0.0361110500743856,0.0032629402634925,0.1913244968569543,1,sl,1779519600000,1779541200000,10
1779519600000|AVAX/USDT:USDT|avax_trend|short,2026-05-23 07:00:00+00:00,AVAX/USDT:USDT,AVAX,short,avax_trend,38.67061106234984,0.0317442512619182,0.0767246214245654,0.0086371284352215,-0.0333264708286976,-0.0482916304311219,-0.0340437464946718,-0.0218345402677201,-0.0302404003045796,-0.0321354901747911,-0.0620725933719097,-0.0154810896862494,0.0095159979123804,1.8359979588022317,0.006270746371122,0.0055720815584941,50.15651844730385,0.0048564465763102,-0.0361110500743856,0.0032629402634925,0.307109168131397,1,sl,1779519600000,1779541200000,7
1779519600000|BCH/USDT:USDT|bch_trend|short,2026-05-23 07:00:00+00:00,BCH/USDT:USDT,BCH,short,bch_trend,38.73047187662251,0.0242582309720119,0.0702507151270402,0.0094508946099052,-0.0295248809280941,-0.0819308468309552,-0.0303999102585674,-0.0142371381969979,-0.0196035302851173,-0.0430465353443186,-0.0608654428612815,-0.0540003188881116,0.0098360408581069,1.5125597942711986,0.0083576034183653,0.0059352940509946,50.15651844730385,0.0048564465763102,-0.0361110500743856,0.0032629402634925,0.408420510462833,1,tp,1779519600000,1779526800000,2
1779519600000|SOL/USDT:USDT|sol_trend_discovery|short,2026-05-23 07:00:00+00:00,SOL/USDT:USDT,SOL,short,sol_trend_discovery,38.07172420155129,0.0354057671249543,0.0684998174960457,0.0100985521352962,-0.0319557386745411,-0.051031492560433,-0.0292006326803748,-0.0238717339667459,-0.0289461247637051,-0.0274523725002958,-0.0546353807223372,-0.0197054562978072,0.0092546171647674,1.9891566039234587,0.006648533547775,0.0055900911202517,50.15651844730385,0.0048564465763102,-0.0361110500743856,0.0032629402634925,0.1337885182691738,1,sl,1779519600000,1779541200000,9
1779519600000|ADA/USDT:USDT|ada_trend_discovery|short,2026-05-23 07:00:00+00:00,ADA/USDT:USDT,ADA,short,ada_trend_discovery,39.62292825098801,0.0273338940285954,0.0702270815811606,0.0088309503784693,-0.0275807937974491,-0.0571835090728167,-0.0306980656013455,-0.0169491525423728,-0.0234086242299793,-0.0262080262080262,-0.0540970564836913,-0.0304423391542942,0.0095318183242826,1.7781253156616446,0.0060840816447834,0.0051304590140097,50.15651844730385,0.0048564465763102,-0.0361110500743856,0.0032629402634925,0.0641657219319967,1,sl,1779519600000,1779541200000,7
1779523200000|BTC/USDT:USDT|btc_trend_loose|short,2026-05-23 08:00:00+00:00,BTC/USDT:USDT,BTC,short,btc_trend_loose,52.180383216363424,0.0055147009577388,0.0387582881253767,0.0060464804768601,-0.0147491790649204,-0.0367367353978245,-0.0163559038242582,0.0010982512460926,-0.0112706274998013,-0.0169134862798493,-0.0334370824572488,-0.022316709477122,0.0048985175524919,0.53660674562985,0.0033062710964886,0.003031835054488,52.180383216363424,0.0048985175524919,-0.0334370824572488,0.0033062710964886,-0.1770638947391128,0,sl,1779523200000,1779541200000,5
1779523200000|LINK/USDT:USDT|link_trend|short,2026-05-23 08:00:00+00:00,LINK/USDT:USDT,LINK,short,link_trend,44.29302735580444,0.0079668230928735,0.0947288006111535,0.0140783586161736,-0.0305368429696025,-0.0577903061993894,-0.0403252209974899,0.0044946283709712,-0.0217785843920146,-0.038913362701909,-0.064236111111111,-0.0281119122806771,0.0107957289179027,1.5926532602177508,0.0084206153825316,0.006366376557137,52.180383216363424,0.0048985175524919,-0.0334370824572488,0.0033062710964886,-0.4673253892943871,0,sl,1779523200000,1779541200000,7
1779523200000|BNB/USDT:USDT|bnb_trend|short,2026-05-23 08:00:00+00:00,BNB/USDT:USDT,BNB,short,bnb_trend,32.21538422129798,0.007820548843308,0.0379788330055259,0.008772751397084,-0.0154353427675183,-0.0213065936295704,-0.0146030408042209,0.005730254172096,-0.0151277557420902,-0.0196942569893954,-0.0287308397895599,-0.005963296385791,0.0064362123864239,2.687502816107703,0.0052940687541953,0.0040012871161347,52.180383216363424,0.0048985175524919,-0.0334370824572488,0.0033062710964886,-0.1926818489359116,0,sl,1779523200000,1779541200000,5
1779523200000|XRP/USDT:USDT|xrp_trend|short,2026-05-23 08:00:00+00:00,XRP/USDT:USDT,XRP,short,xrp_trend,40.276587589946665,0.0087779558812304,0.0454927104801159,0.0114495076711702,-0.0204213445601417,-0.0517132617401176,-0.0170216014044727,-0.0009151223976205,-0.0189456342668862,-0.0231153530683766,-0.0379644588045233,-0.0319442619601843,0.0079409759060223,2.4623641206208684,0.0042594524920247,0.0042589598548906,52.180383216363424,0.0048985175524919,-0.0334370824572488,0.0033062710964886,-3.98834695318836,0,sl,1779523200000,1779537600000,4
1779523200000|AAVE/USDT:USDT|aave_trend|short,2026-05-23 08:00:00+00:00,AAVE/USDT:USDT,AAVE,short,aave_trend,32.96793914592864,0.009228187919463,0.0734659635666346,0.011744966442953,-0.029499225327196,-0.0687788291970789,-0.0308604985618407,0.0005995922772514,-0.0263710618436406,-0.0340356564019448,-0.0522489777373922,-0.0404735420052865,0.0110045401003972,2.061163461632586,0.0074564396636117,0.0060111846212836,52.180383216363424,0.0048985175524919,-0.0334370824572488,0.0033062710964886,-0.079854276524924,0,sl,1779523200000,1779530400000,3
1779523200000|DOGE/USDT:USDT|doge_trend_loose|short,2026-05-23 08:00:00+00:00,DOGE/USDT:USDT,DOGE,short,doge_trend_loose,49.66878790985362,0.0101334403531654,0.0709340824721582,0.0252834353366107,-0.0261867362692255,-0.0638748284210582,-0.0228253235677737,0.0080914331951045,-0.0175455889600788,-0.0409891272972192,-0.0575832072617247,-0.0387015596886058,0.0108932340182749,2.8402923564572227,0.0067584402155799,0.0057322465561759,52.180383216363424,0.0048985175524919,-0.0334370824572488,0.0033062710964886,-0.1989003170635677,0,sl,1779523200000,1779541200000,7
1779523200000|SUI/USDT:USDT|sui_trend_discovery|short,2026-05-23 08:00:00+00:00,SUI/USDT:USDT,SUI,short,sui_trend_discovery,38.81666662884565,0.0130960711786465,0.1320603818854344,0.0189943017094871,-0.0469717598693564,-0.0858212236561696,-0.0565330400879737,0.0050236109715664,-0.0346458212700251,-0.0596916713667983,-0.0954878379600326,-0.0407642314791087,0.0171746324381055,0.2805875562900902,0.010556141057435,0.0113904830451883,52.180383216363424,0.0048985175524919,-0.0334370824572488,0.0033062710964886,-0.2618992469887578,0,sl,1779523200000,1779541200000,5
1779523200000|ENA/USDT:USDT|ena_trend_discovery|short,2026-05-23 08:00:00+00:00,ENA/USDT:USDT,ENA,short,ena_trend_discovery,38.5292869987772,0.0150423064869946,0.1516765904105296,0.0216233155750548,-0.0493127345707362,-0.1043659316618379,-0.0650266374177373,0.0073660949173943,-0.0328349161446757,-0.0665951638065522,-0.1056614349775785,-0.0579088403653367,0.0172713142290476,1.8643930916726583,0.0115520655647927,0.0091720580642792,52.180383216363424,0.0048985175524919,-0.0334370824572488,0.0033062710964886,-0.2805558624012938,0,sl,1779523200000,1779544800000,8
1779523200000|XLM/USDT:USDT|xlm_trend_discovery|short,2026-05-23 08:00:00+00:00,XLM/USDT:USDT,XLM,short,xlm_trend_discovery,31.17278857549136,0.0103100113765643,0.0701791808873721,0.0127275312855516,-0.0247759242815406,-0.052505483390486,-0.0287258248009102,-0.0001421868334993,-0.0238756246529707,-0.0320715760495528,-0.0454730555178499,-0.0284340386987644,0.0099229272376578,1.7192966664661664,0.0066842657821512,0.0057603556945883,52.180383216363424,0.0048985175524919,-0.0334370824572488,0.0033062710964886,-0.1630045608182254,0,sl,1779523200000,1779541200000,6
1779523200000|TON/USDT:USDT|ton_trend_discovery|short,2026-05-23 08:00:00+00:00,TON/USDT:USDT,TON,short,ton_trend_discovery,48.32073747499782,0.0104413590698724,0.1385596568461451,0.0285020882718139,-0.0518469355752267,-0.1081548113002272,-0.0550287842871655,0.0041940603037859,-0.0334933449705432,-0.0664418567890826,-0.1149850149850149,-0.0593869047495632,0.0193208687981428,1.4133272764407565,0.0099924588547839,0.0100716772358518,52.180383216363424,0.0048985175524919,-0.0334370824572488,0.0033062710964886,-0.3270496890988091,0,sl,1779523200000,1779559200000,10
1779526800000|RENDER/USDT:USDT|render_trend_discovery|short,2026-05-23 09:00:00+00:00,RENDER/USDT:USDT,RENDER,short,render_trend_discovery,37.20501514088555,0.0094130675526023,0.163344407530454,0.0238095238095238,-0.0335739118714803,-0.038842782298119,-0.069767441860465,0.007250418293363,-0.0190114068441064,-0.0464625131995775,-0.1028315946348732,-0.0054519124549315,0.0168706982773281,1.0022318786675124,0.0136305154751092,0.0104863974699659,53.94769900047791,0.0046927428865992,-0.0341608235041375,0.0032917712749592,-0.2803126464206195,0,sl,1779526800000,1779541200000,4
1779530400000|ONDO/USDT:USDT|ondo_trend_discovery|long,2026-05-23 10:00:00+00:00,ONDO/USDT:USDT,ONDO,long,ondo_trend_discovery,26.42044020496773,0.026709935097354,0.1872191712431353,0.0688966550174738,0.013655616587957,0.0346612282889301,-0.0591612581128307,0.017009393247017,0.0470465237846315,0.0437727983324649,-0.0580766517752174,0.0207226313919905,0.026137583069943,0.0248173988863164,0.0250532566944363,0.0189102396967713,55.48442752872843,0.0044778499790089,-0.0335692658057503,0.0033070553255543,-0.053782432700776,0,sl,1779530400000,1779534000000,2
1779534000000|AAVE/USDT:USDT|aave_trend|short,2026-05-23 11:00:00+00:00,AAVE/USDT:USDT,AAVE,short,aave_trend,39.02153970832252,0.0048024972985951,0.0753992075879455,0.0099651818945853,-0.0233015770743613,-0.0685102711328028,-0.03271701284668,0.0001200768491835,-0.0011991845545028,-0.0328611240130051,-0.0589763868489435,-0.0462872602200193,0.0097573336998436,0.7569495147657488,0.0073090525829773,0.0059293064691628,56.46351786878289,0.0043052293098007,-0.0340009923147291,0.0032913629026352,-0.1787881000803315,0,sl,1779534000000,1779537600000,2
1779537600000|NEAR/USDT:USDT|near_trend_discovery|long,2026-05-23 12:00:00+00:00,NEAR/USDT:USDT,NEAR,long,near_trend_discovery,25.762173295169504,0.0333174678724416,0.1118514992860542,0.0433127082341742,0.0049243263244273,0.1783089537958048,-0.03426939552594,0.0110683349374398,0.0164489598451862,-0.0033206831119545,-0.0924406047516198,0.1725350087857285,0.0263175165129223,0.431748400991745,0.0120203141426687,0.0156901355649963,57.43440756591162,0.0041392658856035,-0.0356852962848732,0.0032485260507738,0.6103630745672225,1,tp,1779537600000,1779544800000,2
1779537600000|ONDO/USDT:USDT|ondo_trend_discovery|long,2026-05-23 12:00:00+00:00,ONDO/USDT:USDT,ONDO,long,ondo_trend_discovery,23.11377207409036,0.0313745019920318,0.1842629482071713,0.0712151394422311,0.0151972378317337,0.0367168422396186,-0.0565239043824701,0.022924095771778,0.0326562098225764,0.0568421052631578,-0.112290008841733,0.021197461543381,0.0266542372150612,0.121235884061818,0.0223849401579627,0.0191525568379844,57.43440756591162,0.0041392658856035,-0.0356852962848732,0.0032485260507738,0.6244042735663382,1,tp,1779537600000,1779544800000,2
1779541200000|AAVE/USDT:USDT|aave_trend|short,2026-05-23 13:00:00+00:00,AAVE/USDT:USDT,AAVE,short,aave_trend,41.19853069897185,0.0099786172487527,0.0553575671180802,0.0204324067474461,-0.0097434755799731,-0.0573796860794202,-0.0174625801853171,0.0097157250809643,0.0109283055121893,-0.0213903743315506,-0.0524538496172894,-0.0481049196089332,0.009486130711906,0.4625294052413667,0.0073346084784987,0.0059749212365548,56.04550972230815,0.0043002489557815,-0.0268575999668633,0.0035785823091247,-5.582173088364117,0,sl,1779541200000,1779544800000,1
1779544800000|LINK/USDT:USDT|link_trend|short,2026-05-23 14:00:00+00:00,LINK/USDT:USDT,LINK,short,link_trend,47.31342989869915,0.0090206185567009,0.0583118556701032,0.0298539518900342,-0.0040488460786749,-0.0395601601906791,-0.0142289518900345,0.0052898628953901,0.0128344572547312,-0.0093617021276596,-0.0473657289002558,-0.0356556784659436,0.008963825729994,0.0937540557462994,0.0074142108830229,0.006258978338948,53.13604334642826,0.0045484569303218,-0.0160840090389473,0.0035318872691633,-4.658715988735644,0,sl,1779544800000,1779559200000,4
1779544800000|BCH/USDT:USDT|bch_trend|short,2026-05-23 14:00:00+00:00,BCH/USDT:USDT,BCH,short,bch_trend,51.7639173673319,0.0079262514000172,0.0957755377502082,0.0176043192326469,-0.0249174222485072,-0.0970013128720221,-0.0390856092587806,0.0056606498194944,0.0086027111574555,-0.0394206896551724,-0.0847417531870153,-0.0739259343446971,0.0104153654182318,1.462630659915348,0.0110706507798341,0.0073572678116555,53.13604334642826,0.0045484569303218,-0.0160840090389473,0.0035318872691633,-0.8482410793137186,0,sl,1779544800000,1779555600000,5
1779544800000|DOGE/USDT:USDT|doge_trend_loose|short,2026-05-23 14:00:00+00:00,DOGE/USDT:USDT,DOGE,short,doge_trend_loose,55.74406943275145,0.0100029711795582,0.053184114093295,0.0378330197088244,-0.002580841225521,-0.0481838407621016,-0.0076755471922352,0.0044767210505372,0.0150799235950538,-0.0072755874545274,-0.0418485481115961,-0.0457209981735388,0.0094945583298438,1.1139052311410729,0.0072800245739115,0.0059027049700126,53.13604334642826,0.0045484569303218,-0.0160840090389473,0.0035318872691633,-0.6339647349112356,0,sl,1779544800000,1779548400000,1
1779544800000|INJ/USDT:USDT|inj_trend_discovery|long,2026-05-23 14:00:00+00:00,INJ/USDT:USDT,INJ,long,inj_trend_discovery,20.32820069417691,0.0181280788177339,0.1142857142857143,0.0679802955665024,0.0027779114103608,0.0140428941285717,-0.023152709359606,0.0033610122578093,0.0203055890631282,-0.0397350993377483,-0.0455143878126763,0.0112337762828931,0.027235659084385,0.9186825382722164,0.0206630593823678,0.0163674966588442,53.13604334642826,0.0045484569303218,-0.0160840090389473,0.0035318872691633,1.1691913821215167,1,tp,1779544800000,1779559200000,4
1779548400000|NEAR/USDT:USDT|near_trend_discovery|long,2026-05-23 15:00:00+00:00,NEAR/USDT:USDT,NEAR,long,near_trend_discovery,24.507175976037114,0.047808764940239,0.0066401062416999,0.1102257636122178,0.0676728829194565,0.2585803616148537,0.0517928286852589,0.0338672768878718,0.0871029836381136,0.0685903500473037,0.0282203004096495,0.1788070875916392,0.0269593710547264,0.499691439495764,0.0153451628562685,0.016485292344081,50.43439599739693,0.0044874712689855,-0.0165406187098161,0.003527699745087,3.5365705113466244,1,tp,1779548400000,1779552000000,1
1779548400000|ENA/USDT:USDT|ena_trend_discovery|short,2026-05-23 15:00:00+00:00,ENA/USDT:USDT,ENA,short,ena_trend_discovery,43.909884702777376,0.0130785736180646,0.0962501277204454,0.0430162460406662,-0.0062432581428035,-0.0781022224377878,-0.0266169408398896,0.006064967105263,0.0264289459884634,-0.0193386773547094,-0.0760007552870091,-0.0723104168940677,0.0141646210040228,0.2161650393220844,0.0104625438730211,0.0091514671751226,50.43439599739693,0.0044874712689855,-0.0165406187098161,0.003527699745087,-0.8676713936495989,0,sl,1779548400000,1779555600000,3
1779548400000|ONDO/USDT:USDT|ondo_trend_discovery|long,2026-05-23 15:00:00+00:00,ONDO/USDT:USDT,ONDO,long,ondo_trend_discovery,21.636472732906988,0.0211284513805521,0.0770708283313325,0.1044417767106842,0.041821381887338,0.0732205300012166,0.0136854741896758,0.0021655437921077,0.0608762098828323,0.0894585404132879,-0.0610910730387737,0.0301387057894671,0.0264226728352456,0.02457896239609,0.0227643901818235,0.0188893394998892,50.43439599739693,0.0044874712689855,-0.0165406187098161,0.003527699745087,1.9105415859416104,1,tp,1779548400000,1779584400000,10
1779552000000|BTC/USDT:USDT|btc_trend_loose|short,2026-05-23 16:00:00+00:00,BTC/USDT:USDT,BTC,short,btc_trend_loose,47.92572345901071,0.0031098156124679,0.0220631140062383,0.0159509007193021,-0.0001058472240289,-0.0246740089174353,-0.003056106643468,-0.0010664101983257,0.0091052645665496,-0.0013191004688369,-0.0195985635867687,-0.0245707624404029,0.004393515702108,-0.5301902555334275,0.0034795578194668,0.0030674695697188,47.92572345901071,0.004393515702108,-0.0195985635867687,0.0034795578194668,0.0596121915774342,1,tp,1779552000000,1779555600000,2
1779555600000|NEAR/USDT:USDT|near_trend_discovery|long,2026-05-23 17:00:00+00:00,NEAR/USDT:USDT,NEAR,long,near_trend_discovery,28.722102142862084,0.0518928115695448,0.0408336877924287,0.145044661846023,0.087109163536736,0.3015093328098444,0.0521054870267971,-0.0200083368070029,0.1179267712791249,0.1308321308321307,0.0769583142464498,0.1972204599725677,0.0310078777744033,1.3127958661873178,0.0201046362041943,0.0180610300925455,45.7026645879801,0.0042290724812156,-0.0163906432291156,0.0034710300495539,-0.3192944454054554,0,time_stop,1779555600000,1779609600000,15
1779562800000|INJ/USDT:USDT|inj_trend_discovery|long,2026-05-23 19:00:00+00:00,INJ/USDT:USDT,INJ,long,inj_trend_discovery,21.09093976275099,0.0228550018733607,0.0279130760584488,0.1139003372049456,0.0347206278866113,0.0634541409371598,0.0429936305732483,0.0064102564102563,0.0098373060915626,0.1109261186264309,0.0194805194805194,0.0277693439911755,0.0271561350208098,0.7787718217623929,0.0204232095182688,0.0168682894579951,40.24773231174335,0.0043551084847917,0.0016141986176445,0.0031528557899273,-0.4465395781625524,0,sl,1779562800000,1779584400000,7
1779566400000|RENDER/USDT:USDT|render_trend_discovery|long,2026-05-23 20:00:00+00:00,RENDER/USDT:USDT,RENDER,long,render_trend_discovery,29.23238644984285,0.0325038090401219,0.0086338242762823,0.1046216353478924,0.046403770658507,0.0482128286419591,0.0479939055358051,0.0217955371043072,0.0429025423728814,0.098159509202454,0.0390501319261213,0.0017288335862108,0.0166188061939456,0.7422564498899719,0.0103891119290219,0.0109927392604438,40.29122086607863,0.0052431952001161,0.0172176761997067,0.0046897612586471,0.0701081660784527,1,sl,1779566400000,1779570000000,1
1779573600000|RENDER/USDT:USDT|render_trend_discovery|long,2026-05-23 22:00:00+00:00,RENDER/USDT:USDT,RENDER,long,render_trend_discovery,29.713459394789947,0.0238589211618257,0.0300829875518672,0.0855809128630705,0.0194092883374332,0.025774886201613,0.0277489626556017,-0.0072090628218332,0.0026001040041601,0.0651933701657458,0.0266240681576144,0.0062443985325674,0.0178864916798192,1.1269216482126174,0.0108031646318464,0.0110663128095562,40.2677236621006,0.005827773663701,0.0112147310578041,0.0048843403976719,1.6977305722082818,1,tp,1779573600000,1779584400000,3
1779573600000|TON/USDT:USDT|ton_trend_discovery|short,2026-05-23 22:00:00+00:00,TON/USDT:USDT,TON,short,ton_trend_discovery,40.27673319131057,0.0188054927480284,0.0453868637291126,0.0507362267688743,-0.0004524001886007,-0.0751444665246579,0.0026746815198807,-0.0054845609608951,0.0064942273534633,0.0264930653835266,-0.0379861000583585,-0.0747258723347947,0.0181420283567676,0.6620182796192022,0.0120581748626088,0.0099461422881407,40.2677236621006,0.005827773663701,0.0112147310578041,0.0048843403976719,0.199996247410914,1,tp,1779573600000,1779577200000,2
1779580800000|TON/USDT:USDT|ton_trend_discovery|short,2026-05-24 00:00:00+00:00,TON/USDT:USDT,TON,short,ton_trend_discovery,36.24672486426685,0.0122950819672131,0.0350022153300841,0.0466880815241471,-0.0045815944175123,-0.07769952165983,0.0058429330970314,-0.0085113393004226,-0.0275743214131839,0.0276022992430708,-0.0271027533811089,-0.073454465812827,0.0171718679732957,-0.0132058699639657,0.0106496651686031,0.009700081759514,40.0185372479761,0.0055660497952451,0.0196909033946994,0.0048079046116833,0.1874297008319527,1,tp,1779580800000,1779584400000,2
1779588000000|ONDO/USDT:USDT|ondo_trend_discovery|long,2026-05-24 02:00:00+00:00,ONDO/USDT:USDT,ONDO,long,ondo_trend_discovery,23.31990711439399,0.0214953271028037,0.0207943925233645,0.1285046728971962,0.0307173594456679,0.0929771048261404,0.0538551401869157,0.0030466369814856,0.0212359818659031,0.0298363811357074,0.1166188364205582,0.0604042852387355,0.0240331418617675,-0.6725672400421459,0.0132718532693616,0.0183834264988628,39.76300257914593,0.0052068410655244,0.0165085004679461,0.0048149641606106,0.2654099948949267,1,sl,1779588000000,1779631200000,12
1779588000000|RENDER/USDT:USDT|render_trend_discovery|long,2026-05-24 02:00:00+00:00,RENDER/USDT:USDT,RENDER,long,render_trend_discovery,31.86274298529489,0.0226472068444891,0.0176144942123803,0.1127327629592351,0.034251479219512,0.0549502460583302,0.0475591343734274,-0.0099651220727453,0.0306016597510374,0.0659871244635192,0.0688542227003765,0.0200132823154754,0.017907875306215,1.033410616434933,0.0115279910510689,0.0115470047028675,39.76300257914593,0.0052068410655244,0.0165085004679461,0.0048149641606106,-2.504685643591205,0,sl,1779588000000,1779598800000,3
1779591600000|AAVE/USDT:USDT|aave_trend|short,2026-05-24 03:00:00+00:00,AAVE/USDT:USDT,AAVE,short,aave_trend,26.367289122269423,0.0109213430928313,0.0352039037992331,0.0419426048565121,-0.0014845636573912,-0.0322353548835415,0.0033693505286393,-0.004971098265896,-0.0063495728469177,0.0084358523725833,0.0005812601720529,-0.0307965106065712,0.0100566828396239,0.6918076968740097,0.008847974834033,0.0068192794118275,39.633040983820806,0.0051298492646581,0.0145993801513508,0.0048293716573933,0.6994540266868197,1,tp,1779591600000,1779595200000,2
1779591600000|ENA/USDT:USDT|ena_trend_discovery|short,2026-05-24 03:00:00+00:00,ENA/USDT:USDT,ENA,short,ena_trend_discovery,29.701325478234104,0.0121284421910726,0.0565662590714782,0.0688935281837161,-0.0010640260460641,-0.0478496925164842,0.0061636345561188,-0.0055363321799308,-0.0144998530420299,0.0277919689383876,0.0079158316633265,-0.0468355006630059,0.0165091960599537,0.9503936666924032,0.014181435195146,0.0111828074164682,39.633040983820806,0.0051298492646581,0.0145993801513508,0.0048293716573933,0.1808200536806277,1,tp,1779591600000,1779595200000,2
1779595200000|TON/USDT:USDT|ton_trend_discovery|short,2026-05-24 04:00:00+00:00,TON/USDT:USDT,TON,short,ton_trend_discovery,31.29665978134356,0.0095222185098563,0.0348591157144448,0.041485688829491,-0.0082571883128179,-0.0798898138072659,0.0033132865575231,-0.0049867021276595,-0.0054275587062472,0.0122315540273942,-0.0204014837442721,-0.0722290342317525,0.0153516755755936,-1.2427054630427876,0.0105546807702391,0.0094508456393765,39.51236235959033,0.00488980581002,0.016449023918629,0.0048133748410641,0.212775945564854,1,tp,1779595200000,1779602400000,3
1779598800000|AAVE/USDT:USDT|aave_trend|short,2026-05-24 05:00:00+00:00,AAVE/USDT:USDT,AAVE,short,aave_trend,23.251314931840557,0.0051044083526681,0.0336426914153131,0.0433874709976799,-0.0001206208673069,-0.0301977210305882,0.0048723897911833,-0.0016214964095436,-0.0059963099630996,0.0064214827787507,0.0086590217645683,-0.0300807285268453,0.0093075429085827,0.0013346012281172,0.0088162413478981,0.0067612888591733,39.06791684039778,0.0047434693266179,0.01765984519139,0.0048038082358312,-0.6954250523615138,0,sl,1779598800000,1779602400000,2
1779598800000|BCH/USDT:USDT|bch_trend|short,2026-05-24 05:00:00+00:00,BCH/USDT:USDT,BCH,short,bch_trend,28.327257635436627,0.0102575727522597,0.0258989544076393,0.0306877107477828,-0.0050527000503874,-0.0741452153175785,0.0023943781700717,-0.0031354160781875,-0.0082061658657223,0.0043828442951874,-0.0239511021378985,-0.0694433918969277,0.0090217579941773,0.3892293829932625,0.0094777470210235,0.0075124676195886,39.06791684039778,0.0047434693266179,0.01765984519139,0.0048038082358312,0.1161451979395998,1,tp,1779598800000,1779602400000,2
1779598800000|ENA/USDT:USDT|ena_trend_discovery|short,2026-05-24 05:00:00+00:00,ENA/USDT:USDT,ENA,short,ena_trend_discovery,26.509404487231247,0.0075992400759923,0.0626937306269372,0.0634936506349365,-0.0058910084944389,-0.0523698069694216,0.0003999600039995,-0.0034874451972898,-0.0157464816455074,0.0077589681580008,0.0150208058459351,-0.0467542280294551,0.0152648788872314,0.3099368695303039,0.0140601949585011,0.0111586944706974,39.06791684039778,0.0047434693266179,0.01765984519139,0.0048038082358312,-0.0769914655893036,0,sl,1779598800000,1779602400000,2
1779602400000|RENDER/USDT:USDT|render_trend_discovery|long,2026-05-24 06:00:00+00:00,RENDER/USDT:USDT,RENDER,long,render_trend_discovery,31.36674802196447,0.0237014624306606,0.0196671709531012,0.1109430156328795,0.0240593909806816,0.0509989942650075,0.0456379223398891,0.0190133607399796,-0.0020130850528434,0.0312012480499219,0.0836065573770492,0.0263066805710627,0.0177991161085326,0.8950252961636939,0.012352930956987,0.0117812633194019,39.09770655200878,0.0047246520508918,0.021071276934508,0.0047978507740512,-0.2903801626677919,0,sl,1779602400000,1779627600000,9
1779606000000|SUI/USDT:USDT|sui_trend_discovery|short,2026-05-24 07:00:00+00:00,SUI/USDT:USDT,SUI,short,sui_trend_discovery,27.06793867602538,0.0117357561991292,0.0420215786484951,0.0610448608745031,-0.0007414003638601,-0.0262395148515968,0.009511641113004,-0.0093755859741233,-0.0053657158994634,0.0018014601308429,0.0615894705114035,-0.0255170328251579,0.0138536886782582,-1.899037076957744,0.0113169807141289,0.0110519717737524,39.12536842707614,0.0046171275166048,0.0294771170837742,0.0042059507789064,1.0350720353912433,1,tp,1779606000000,1779609600000,2
1779606000000|TON/USDT:USDT|ton_trend_discovery|short,2026-05-24 07:00:00+00:00,TON/USDT:USDT,TON,short,ton_trend_discovery,30.963162664411435,0.0138568129330255,0.046808990029854,0.0190953641638033,-0.0161289421346521,-0.0881144712701557,-0.0138568129330253,-0.0116906975449534,-0.0163453014184395,-0.0219810489202291,0.0061777374744955,-0.0731656130750371,0.0146229299437659,-1.6147310681772322,0.0092142348668163,0.0095072846482277,39.12536842707614,0.0046171275166048,0.0294771170837742,0.0042059507789064,1.8217899113831677,1,tp,1779606000000,1779631200000,7
1779609600000|BNB/USDT:USDT|bnb_trend|long,2026-05-24 08:00:00+00:00,BNB/USDT:USDT,BNB,long,bnb_trend,31.87183686302182,0.0043397113940185,0.0081483392258319,0.0306662822633262,0.0060989238177303,0.0074822998986054,0.0112589715187471,0.0031050700923909,0.0036550264227952,-0.0042908728300119,0.028737785270519,0.0013749901208777,0.0049354679746593,-0.697493833274527,0.0038058456693599,0.004338162267299,38.85922845601048,0.0044090162332056,0.028741544437747,0.0042093810706743,2.470816859569659,1,tp,1779609600000,1779616800000,2
1779616800000|ADA/USDT:USDT|ada_trend_discovery|short,2026-05-24 10:00:00+00:00,ADA/USDT:USDT,ADA,short,ada_trend_discovery,25.110676044922485,0.0069387755102041,0.0236734693877552,0.0297959183673469,-0.0003191614521442,-0.0210296698450657,0.0030612244897958,-0.0032546786004882,-0.004469727752946,-0.0052781161185545,0.0255336961071577,-0.0207171204991841,0.0070927932914688,-1.592534477908739,0.006371496229506,0.0058230299420485,40.21764647449869,0.0046502778572671,0.0331473589359425,0.0042068515243471,0.0698302311902343,1,tp,1779616800000,1779620400000,2
1779620400000|BNB/USDT:USDT|bnb_trend|long,2026-05-24 11:00:00+00:00,BNB/USDT:USDT,BNB,long,bnb_trend,34.051536233224766,0.0029466430935219,0.0039741904286987,0.0335463982954802,0.0078836938268311,0.0113577115369289,0.0147861039333907,0.0009226208482062,0.0072756054125633,0.0078431969784653,0.0332729600599568,0.0034468438485271,0.0047232414134493,-1.114368553594698,0.003693876535153,0.0042341243940707,41.28841288180519,0.0044752948842143,0.0337893057155047,0.0042064796923597,-0.4080776735259242,0,sl,1779620400000,1779627600000,2
1779620400000|BCH/USDT:USDT|bch_trend|short,2026-05-24 11:00:00+00:00,BCH/USDT:USDT,BCH,short,bch_trend,26.932530640198017,0.0062773929025872,0.0162590131485932,0.0278523964371552,-0.0008867119644266,-0.06819731716985,0.0057966916442809,0.001841359773371,0.0044021584777049,-0.0039992114230996,0.0237371544362425,-0.0673703432948704,0.0076402313616977,-0.435994275073,0.0047090132768467,0.0074242783355091,41.28841288180519,0.0044752948842143,0.0337893057155047,0.0042064796923597,-0.6110344780634033,0,sl,1779620400000,1779624000000,2
1779620400000|NEAR/USDT:USDT|near_trend_discovery|long,2026-05-24 11:00:00+00:00,NEAR/USDT:USDT,NEAR,long,near_trend_discovery,32.784066689354134,0.0254378648874061,0.031276063386155,0.1513761467889908,0.02074457286881,0.2602881192302702,0.0600500417014179,0.0173949936359778,0.0046082949308756,-0.0216238270093839,0.1539942252165544,0.2346753073476759,0.026953164831862,-0.3231549556598364,0.0190243500719471,0.0177135138236569,41.28841288180519,0.0044752948842143,0.0337893057155047,0.0042064796923597,0.8134441481892531,1,sl,1779620400000,1779634800000,4
1779624000000|ADA/USDT:USDT|ada_trend_discovery|short,2026-05-24 12:00:00+00:00,ADA/USDT:USDT,ADA,short,ada_trend_discovery,23.8843510502326,0.005718954248366,0.0245098039215687,0.0277777777777777,-0.0011753584079871,-0.0214328140669151,0.0016339869281045,-0.0028513238289206,-0.0036630036630037,-0.0052824055262089,0.0281394372112557,-0.0202812934477066,0.0067730656061021,-1.850372875426178,0.0063449226967802,0.0058207551367925,41.58148785283844,0.0044348574173431,0.0314736504028048,0.0042745573682409,0.4725966438478959,1,tp,1779624000000,1779631200000,2
1779624000000|SUI/USDT:USDT|sui_trend_discovery|short,2026-05-24 12:00:00+00:00,SUI/USDT:USDT,SUI,short,sui_trend_discovery,22.35514093737707,0.0135250165515936,0.0413316939373877,0.0501276837226898,-0.0018889300220745,-0.0246022237616096,0.0043979948926511,-0.0070435762584523,-0.0044256120527308,-0.0122384155455905,0.0527730757741709,-0.0227562787576711,0.0126294949950518,-2.0843524906908906,0.0114305217973585,0.0108559756707983,41.58148785283844,0.0044348574173431,0.0314736504028048,0.0042745573682409,0.896498817201025,1,tp,1779624000000,1779631200000,3
1779627600000|LINK/USDT:USDT|link_trend|short,2026-05-24 13:00:00+00:00,LINK/USDT:USDT,LINK,short,link_trend,26.05460891566078,0.0096954368215829,0.0306670882073978,0.0265570660765097,-0.0044561607119106,-0.0178683043866831,-0.002055011065444,-0.0054501624567655,-0.0126937883674955,-0.0105318039624607,0.0243981431501674,-0.0134721778644761,0.0086173576905233,-0.5619535856758346,0.0089604982605829,0.0077970975796126,40.364338677702335,0.0045488396449898,0.0210732275703737,0.0042824634017256,5.775909725008408,1,tp,1779627600000,1779631200000,1
1779627600000|ETH/USDT:USDT|eth_trend|short,2026-05-24 13:00:00+00:00,ETH/USDT:USDT,ETH,short,eth_trend,41.36459756569607,0.0075379028511288,0.0192098002218703,0.0328301743673377,-0.0004798653748941,-0.0111890697180819,0.0068101870727337,-0.0045164730922973,-0.0061861887329383,-0.0057130466754027,0.03198692733713,-0.0107143457867455,0.0059665375350879,-0.592572669077922,0.0078472147004915,0.0059884680404385,40.364338677702335,0.0045488396449898,0.0210732275703737,0.0042824634017256,0.4330504398014352,1,tp,1779627600000,1779631200000,1
1779627600000|BCH/USDT:USDT|bch_trend|short,2026-05-24 13:00:00+00:00,BCH/USDT:USDT,BCH,short,bch_trend,27.396996006372845,0.0113169897377423,0.0245153933865449,0.0136259977194983,-0.0076602807455377,-0.0743518174896345,-0.0054446978335232,-0.0038901666808643,-0.0071604449098575,-0.0141359638029395,0.0131407942238268,-0.067206356301249,0.0079279803853565,-0.2578520485115535,0.0047440592742723,0.0073506732931038,40.364338677702335,0.0045488396449898,0.0210732275703737,0.0042824634017256,0.0091769377837039,1,sl,1779627600000,1779638400000,4
1779631200000|BTC/USDT:USDT|btc_trend_loose|short,2026-05-24 14:00:00+00:00,BTC/USDT:USDT,BTC,short,btc_trend_loose,37.67169430130128,0.0085217236569748,0.0153320371276571,0.0143258640135446,-0.0030185509049473,-0.0099489062306186,-0.0005030865570561,-0.0043874161401681,-0.0095278331436924,-0.0047115509832009,0.0122886766162828,-0.0069513382941697,0.004851230846654,0.3301402516909547,0.0043490954771307,0.0036971867830148,37.67169430130128,0.004851230846654,0.0122886766162828,0.0043490954771307,0.0234576001479219,1,tp,1779631200000,1779638400000,3
1779631200000|XRP/USDT:USDT|xrp_trend|short,2026-05-24 14:00:00+00:00,XRP/USDT:USDT,XRP,short,xrp_trend,32.477313452909065,0.01586125111177,0.0195671509042395,0.0117847613400533,-0.0052456469995663,-0.0178399981570026,-0.003891194782093,-0.0067726737338045,-0.0101247248716067,-0.008305769937523,0.0076176250933532,-0.0126607650616943,0.0062725971040108,-0.5976402264940324,0.0048723504967728,0.0046256297872958,37.67169430130128,0.004851230846654,0.0122886766162828,0.0043490954771307,3.5661160402437337,1,tp,1779631200000,1779652800000,6
1779631200000|AVAX/USDT:USDT|avax_trend|short,2026-05-24 14:00:00+00:00,AVAX/USDT:USDT,AVAX,short,avax_trend,25.352754543921996,0.0159211523881726,0.0386656557998482,0.0157045380699665,-0.0076176000330145,-0.0110569757315648,-0.0114805588649407,-0.0044209618287684,-0.0116677371012631,-0.0129356425058796,0.014503900670256,-0.0034657765984813,0.0080507602645176,-0.5747831881342604,0.0072375767780503,0.0064855840197713,37.67169430130128,0.004851230846654,0.0122886766162828,0.0043490954771307,0.0611542002227327,1,tp,1779631200000,1779642000000,5
1779631200000|SOL/USDT:USDT|sol_trend_discovery|short,2026-05-24 14:00:00+00:00,SOL/USDT:USDT,SOL,short,sol_trend_discovery,31.7517294382165,0.0187749354611594,0.0268716263787843,0.0192443088476883,-0.0065740529960476,-0.0115825141213697,-0.003813658765548,-0.0075695819261675,-0.0142278773857721,-0.0081471135940409,0.0136790769596766,-0.0050416049031405,0.0087311185791144,0.6831379654913561,0.0064218474231643,0.0062864393507918,37.67169430130128,0.004851230846654,0.0122886766162828,0.0043490954771307,0.1690603267646303,1,tp,1779631200000,1779652800000,7
1779634800000|LINK/USDT:USDT|link_trend|short,2026-05-24 15:00:00+00:00,LINK/USDT:USDT,LINK,short,link_trend,24.9716513149212,0.003394145099703,0.0373355960967329,0.0159100551548579,-0.0089580638246542,-0.0237204267647104,-0.0107127704709375,-0.00063599745601,-0.0170975813177647,-0.0112218143681174,0.012348330290991,-0.0148958004713983,0.0088604656257243,-0.3851938815883212,0.0090205741094416,0.0077891574430715,35.17138166607173,0.0046933622347032,0.0113503137630504,0.004359653891708,-0.1415148746693864,0,sl,1779634800000,1779645600000,5
1779634800000|ADA/USDT:USDT|ada_trend_discovery|short,2026-05-24 15:00:00+00:00,ADA/USDT:USDT,ADA,short,ada_trend_discovery,22.4289771877592,0.0032962505150392,0.0333745364647714,0.007828594973218,-0.0075512854468105,-0.0290092753014781,-0.0127729707457767,0.0,-0.0114052953156822,-0.0101957585644372,0.0024783147459725,-0.021621258146652,0.0070873111074291,-1.4070916636389637,0.0059633954239658,0.0058181785728968,35.17138166607173,0.0046933622347032,0.0113503137630504,0.004359653891708,-0.0281863926652842,0,sl,1779634800000,1779642000000,3
1779634800000|ONDO/USDT:USDT|ondo_trend_discovery|long,2026-05-24 15:00:00+00:00,ONDO/USDT:USDT,ONDO,long,ondo_trend_discovery,28.897113657109877,0.0246105215624294,0.0185143373221945,0.0763151953036802,0.0245831335529665,0.115264261026343,0.0289004289907427,0.0139652014652014,0.0015829941203076,0.0492774224117509,0.0633853541416566,0.0885053877072129,0.0258759080661401,-0.176583979074171,0.0119142880459851,0.0184910737437614,35.17138166607173,0.0046933622347032,0.0113503137630504,0.004359653891708,-0.0607233665551849,0,sl,1779634800000,1779656400000,7
1779634800000|RENDER/USDT:USDT|render_trend_discovery|long,2026-05-24 15:00:00+00:00,RENDER/USDT:USDT,RENDER,long,render_trend_discovery,23.56592836497362,0.0151821862348178,0.0232793522267205,0.0566801619433197,0.0109495663039638,0.0434228182747746,0.0167004048582995,0.0122950819672131,0.0015205271160667,0.0045754956786985,0.0533049040511728,0.0321215350925301,0.0171801771377218,0.4890722143465599,0.0108355225258824,0.0114507786744218,35.17138166607173,0.0046933622347032,0.0113503137630504,0.004359653891708,-0.0433718562106739,0,sl,1779634800000,1779656400000,8
1779634800000|TON/USDT:USDT|ton_trend_discovery|short,2026-05-24 15:00:00+00:00,TON/USDT:USDT,TON,short,ton_trend_discovery,35.92113215816187,0.0132720482619936,0.0677391554151106,0.0272910083309393,-0.0225573309847288,-0.099519414903259,-0.0202240735420856,0.0079921237041755,-0.0279251605696733,-0.0356272163120567,-0.0143277834409333,-0.0787382077314734,0.0160131986353157,-0.3200280458561068,0.0097901726454653,0.0094342646408351,35.17138166607173,0.0046933622347032,0.0113503137630504,0.004359653891708,-0.3445143626244381,0,sl,1779634800000,1779656400000,6
1779638400000|BNB/USDT:USDT|bnb_trend|long,2026-05-24 16:00:00+00:00,BNB/USDT:USDT,BNB,long,bnb_trend,26.8082128463638,0.0038955505508552,0.0110171039016373,0.0152322113336173,0.0003946764011076,0.0040738536891958,0.00210755371599,0.0019210245464247,-0.0052826761522742,0.0008071516683672,0.015467820443483,0.0036777257765145,0.0049355221914329,-0.7131148648784199,0.0037207967300348,0.0042269446770432,33.40290349071541,0.0046937231284076,0.0164269876296974,0.0044022953824721,0.0131714430841359,1,tp,1779638400000,1779642000000,2
1779638400000|ETH/USDT:USDT|eth_trend|short,2026-05-24 16:00:00+00:00,ETH/USDT:USDT,ETH,short,eth_trend,35.17485419247886,0.0068859911927792,0.0223699603389733,0.0212001027192058,-0.0021245957046894,-0.0137698627556728,-0.0005849288098838,0.0036847883155937,-0.0075935268605082,-0.0077012372943739,0.0203901397515526,-0.0116700612129098,0.0065710970744264,0.0243144577423672,0.0078617600461735,0.0060088856983422,33.40290349071541,0.0046937231284076,0.0164269876296974,0.0044022953824721,-0.0615725969440923,0,sl,1779638400000,1779645600000,4
1779638400000|NEAR/USDT:USDT|near_trend_discovery|long,2026-05-24 16:00:00+00:00,NEAR/USDT:USDT,NEAR,long,near_trend_discovery,34.91746964125257,0.0239076669414675,0.0342126957955481,0.044517724649629,0.0188083739401035,0.2580518213812161,0.0051525144270404,-0.0049220672682526,0.0176174496644296,0.0137902214793148,0.0112546894539391,0.234826738335366,0.0287567360603039,0.1129856777675394,0.0141571560708894,0.0180851240312995,33.40290349071541,0.0046937231284076,0.0164269876296974,0.0044022953824721,-0.0561103327600412,0,sl,1779638400000,1779656400000,6
1779642000000|XLM/USDT:USDT|xlm_trend_discovery|short,2026-05-24 17:00:00+00:00,XLM/USDT:USDT,XLM,short,xlm_trend_discovery,25.27955137414088,0.0040902583679868,0.0209284886495331,0.0123389460767603,-0.0054137267130453,-0.0087924008457082,-0.0042947712863863,-0.0017693092888738,-0.0059632716676832,-0.0097880383421088,0.0120041393583993,-0.0033970649137323,0.0078827359486216,-1.1199406577874764,0.0062524158352061,0.005856941264967,31.901967480316284,0.0045859814162301,0.0159627125876822,0.0044033561668564,0.4651417167781732,1,tp,1779642000000,1779656400000,4
1779645600000|BTC/USDT:USDT|btc_trend_loose|short,2026-05-24 18:00:00+00:00,BTC/USDT:USDT,BTC,short,btc_trend_loose,30.508241184945668,0.0027260010126264,0.0126265130675798,0.0116752183149685,-1.7871527698242e-05,-0.0069887495520716,-0.0004756473763057,-0.0003808947373914,0.0026717886853282,-0.0042062942378838,0.0108161725522473,-0.0069710026068395,0.0044547482976242,-0.3587894846411207,0.0043221724466025,0.0034833324537577,30.508241184945668,0.0044547482976242,0.0108161725522473,0.0043221724466025,-0.0682470802744223,0,sl,1779645600000,1779649200000,2
1779645600000|AVAX/USDT:USDT|avax_trend|short,2026-05-24 18:00:00+00:00,AVAX/USDT:USDT,AVAX,short,avax_trend,23.42711043000013,0.0047680970957954,0.0392284351972258,0.0106198526224532,-0.005933291768738,-0.0111970032955924,-0.0143042912873861,-0.0027018264346698,-0.0005415357955161,-0.0138918572344518,-0.0045307443365695,-0.0052951290725952,0.0070496566905611,-1.49547861380404,0.006607498761519,0.0061423618312934,30.508241184945668,0.0044547482976242,0.0108161725522473,0.0043221724466025,0.0780894842234367,1,tp,1779645600000,1779649200000,2
1779645600000|BCH/USDT:USDT|bch_trend|short,2026-05-24 18:00:00+00:00,BCH/USDT:USDT,BCH,short,bch_trend,28.50886115491336,0.0053016191431437,0.0299469838085685,0.0078807852127812,-0.0084630053155548,-0.0757241210700804,-0.0110330992978935,-0.0037685214263282,-0.0002864919066036,-0.0125640227510682,-0.007282865352337,-0.067835205458906,0.0079795174902648,-0.2266570106426869,0.0047551805904845,0.0072714522068622,30.508241184945668,0.0044547482976242,0.0108161725522473,0.0043221724466025,0.0478282797796782,1,tp,1779645600000,1779649200000,2
1779649200000|ADA/USDT:USDT|ada_trend_discovery|short,2026-05-24 19:00:00+00:00,ADA/USDT:USDT,ADA,short,ada_trend_discovery,22.141405684976675,0.0041254125412541,0.0346534653465347,0.0066006600660066,-0.0061346354664727,-0.0290895086623786,-0.014026402640264,0.0008257638315443,-0.0012360939431396,-0.0114192495921696,-0.0065573770491802,-0.0230965621854422,0.0064634185872004,-1.832791139547255,0.0058100665488044,0.0055044504901888,29.214066767815808,0.0042969813948457,0.0103884818201567,0.0043172744127773,0.475633268728731,1,tp,1779649200000,1779656400000,2
1779652800000|BTC/USDT:USDT|btc_trend_loose|short,2026-05-24 20:00:00+00:00,BTC/USDT:USDT,BTC,short,btc_trend_loose,28.059504459417766,0.0026252917896999,0.0125379864847055,0.0062552926639275,-5.482037692287044e-05,-0.0067787908867929,-0.003141346910389,-0.0012953080917661,-7.828289088274154e-05,-0.0021041474882389,-0.0078682769146721,-0.0067243391406763,0.004182750047196,-0.861647853396842,0.0024728759442971,0.0034570304282349,28.059504459417766,0.004182750047196,-0.0078682769146721,0.0024728759442971,0.3654531506239851,1,tp,1779652800000,1779656400000,1
1779652800000|ETH/USDT:USDT|eth_trend|short,2026-05-24 20:00:00+00:00,ETH/USDT:USDT,ETH,short,eth_trend,28.466024515520623,0.0051961337323249,0.0276872185626739,0.0078109314798704,-0.0058122344920362,-0.018258257063305,-0.0099381435414017,-0.0037764242548347,-0.0051740044321435,-0.0129751255048503,-0.025004777240759,-0.012518784683404,0.0058653874893586,-0.6513065860423406,0.0035886596023457,0.0057536383576577,28.059504459417766,0.004182750047196,-0.0078682769146721,0.0024728759442971,0.2893626791411829,1,tp,1779652800000,1779656400000,1
1779652800000|AVAX/USDT:USDT|avax_trend|short,2026-05-24 20:00:00+00:00,AVAX/USDT:USDT,AVAX,short,avax_trend,23.438082881636063,0.005435964340074,0.0426179604261795,0.0073929115025005,-0.0077916488486811,-0.0141614670545409,-0.0176125244618394,-0.0032509752925876,-0.0058365758754863,-0.0150979762287182,-0.0356468861396519,-0.0064198393396593,0.0067318123715582,-1.6946392301116682,0.002849695299841,0.0061294074674213,28.059504459417766,0.004182750047196,-0.0078682769146721,0.0024728759442971,0.713164926708244,1,tp,1779652800000,1779656400000,1
1779652800000|SUI/USDT:USDT|sui_trend_discovery|short,2026-05-24 20:00:00+00:00,SUI/USDT:USDT,SUI,short,sui_trend_discovery,22.23293936587859,0.0174260124610592,0.0718457943925234,0.0046728971962616,-0.0205139399775303,-0.0494829939441934,-0.033586448598131,-0.0113570741097208,-0.0170334928229665,-0.032768361581921,-0.06448087431694,-0.0295757695275403,0.0120412761533451,-1.7971386054268157,0.0060329112266667,0.0101563919032346,28.059504459417766,0.004182750047196,-0.0078682769146721,0.0024728759442971,0.1596680770210454,1,sl,1779652800000,1779660000000,2
1779656400000|XRP/USDT:USDT|xrp_trend|short,2026-05-24 21:00:00+00:00,XRP/USDT:USDT,XRP,short,xrp_trend,26.842829118283767,0.0112359550561798,0.0265917602996255,0.0026217228464419,-0.0118254510090235,-0.0268722998875873,-0.0119850187265917,-0.0067703295885723,-0.0127930193004511,-0.0213327468660656,-0.0176600441501103,-0.0152269140041383,0.0058370852514671,-0.9828921268196752,0.0025842524126335,0.0042224670688736,26.863870976875088,0.0045326899219948,-0.0087525072286331,0.0025671511418114,-0.0070364525192099,0,sl,1779656400000,1779660000000,1
1779656400000|AAVE/USDT:USDT|aave_trend|short,2026-05-24 21:00:00+00:00,AAVE/USDT:USDT,AAVE,short,aave_trend,22.5961524724315,0.018686027136396,0.0461794810759344,0.0032135205903355,-0.0220875952729523,-0.0504232652310274,-0.0214829802427994,-0.0126909518213865,-0.0222273943907833,-0.0349184470480129,-0.0421796625626995,-0.0289756728937129,0.0098135419750021,0.3856348450705602,0.005105081017856,0.0068307492023966,26.863870976875088,0.0045326899219948,-0.0087525072286331,0.0025671511418114,0.0172852866235509,1,sl,1779656400000,1779660000000,1
1779656400000|BCH/USDT:USDT|bch_trend|short,2026-05-24 21:00:00+00:00,BCH/USDT:USDT,BCH,short,bch_trend,31.31649405785082,0.0484126518396807,0.0480312188251863,0.0250278739510591,-0.0271165945112599,-0.0950224967576721,-0.0115016724370636,-0.0207166048903829,-0.0269791874839409,-0.0354059943961735,-0.0429092951418141,-0.0697986026519784,0.0105821490121414,1.294441567334354,0.0049709186076574,0.0076272193249885,26.863870976875088,0.0045326899219948,-0.0087525072286331,0.0025671511418114,0.1551764127725925,1,sl,1779656400000,1779660000000,1
1779656400000|DOGE/USDT:USDT|doge_trend_loose|short,2026-05-24 21:00:00+00:00,DOGE/USDT:USDT,DOGE,short,doge_trend_loose,20.2942245281858,0.0149090547659277,0.0328993141834807,0.0010933306828346,-0.0158355600533924,-0.0430953011286016,-0.0159029917503229,-0.0111067426774129,-0.016616166552634,-0.0253802189286059,-0.028673489090558,-0.0276983601202742,0.0076888990305553,-0.7179867964969492,0.0035427402804562,0.0060309136369239,26.863870976875088,0.0045326899219948,-0.0087525072286331,0.0025671511418114,0.0223492000406094,1,sl,1779656400000,1779660000000,1
1779656400000|SOL/USDT:USDT|sol_trend_discovery|short,2026-05-24 21:00:00+00:00,SOL/USDT:USDT,SOL,short,sol_trend_discovery,23.241369708649923,0.0156156872094409,0.0398140421981166,0.0032185004172129,-0.0176537495021815,-0.0261550975951138,-0.0182977708904519,-0.0099138439749794,-0.020091110851536,-0.0301734104046242,-0.0271367273570682,-0.0086541258630795,0.0084020493977502,0.361113567635799,0.0038694318871734,0.0059867604064083,26.863870976875088,0.0045326899219948,-0.0087525072286331,0.0025671511418114,0.0027392603978639,1,sl,1779656400000,1779660000000,1
1779656400000|ENA/USDT:USDT|ena_trend_discovery|short,2026-05-24 21:00:00+00:00,ENA/USDT:USDT,ENA,short,ena_trend_discovery,22.64905776546907,0.025311203319502,0.0810165975103734,0.0022821576763485,-0.0311113847803599,-0.0789955344816501,-0.0393672199170125,-0.020822752666328,-0.0329052969502408,-0.0470541716093317,-0.0682389329209356,-0.0494217281007426,0.013319399040304,-0.7553944095226577,0.0061867407745035,0.0107187137623545,26.863870976875088,0.0045326899219948,-0.0087525072286331,0.0025671511418114,0.053935234265378,1,sl,1779656400000,1779660000000,1
1779660000000|LINK/USDT:USDT|link_trend|short,2026-05-24 22:00:00+00:00,LINK/USDT:USDT,LINK,short,link_trend,24.16924475543252,0.0157782515991472,0.0283582089552238,0.0147121535181236,-0.007776652350637,-0.0269579311064438,-0.0068230277185501,0.0108847936200022,-0.0051967334818113,-0.0219997914711707,-0.0187258081389265,-0.01933161399724,0.0089287686353472,-0.2681036498212185,0.0045466385545704,0.0076832571884583,24.99228058069631,0.005007498803163,0.002850312855146,0.0031080717966586,-0.5550340677713624,0,sl,1779660000000,1779663600000,1
1779660000000|ETH/USDT:USDT|eth_trend|short,2026-05-24 22:00:00+00:00,ETH/USDT:USDT,ETH,short,eth_trend,29.699192038600412,0.0140146697395977,0.0189922443554016,0.0144019738163317,-0.0040866571475568,-0.0180614788914079,-0.002295135269535,0.0105872518084342,-0.0036350469983469,-0.0140580803318874,-0.0115183740990192,-0.0140321663969528,0.0072208608598116,0.7609786193489787,0.0039141150062529,0.0060216120205775,24.99228058069631,0.005007498803163,0.002850312855146,0.0031080717966586,-0.3705379403306154,0,sl,1779660000000,1779663600000,1
1779660000000|AVAX/USDT:USDT|avax_trend|short,2026-05-24 22:00:00+00:00,AVAX/USDT:USDT,AVAX,short,avax_trend,26.271197222484965,0.0145148968678381,0.0287023900469278,0.0111317254174397,-0.0086669128961226,-0.0174719242259,-0.0087853323147441,0.0098082433325987,-0.0070437798006067,-0.0191607792763862,-0.0261451801466681,-0.0088819907701262,0.0079274826012318,-0.4878619234071892,0.0041603325164549,0.0064350149625145,24.99228058069631,0.005007498803163,0.002850312855146,0.0031080717966586,-0.3860774895824583,0,sl,1779660000000,1779663600000,1
1779660000000|ADA/USDT:USDT|ada_trend_discovery|short,2026-05-24 22:00:00+00:00,ADA/USDT:USDT,ADA,short,ada_trend_discovery,26.541114954773747,0.0128737541528238,0.0249169435215947,0.0103820598006643,-0.0091221569830595,-0.0344543482169507,-0.0072674418604651,0.0071099958176494,-0.0057803468208093,-0.0171428571428571,-0.0223304912708079,-0.0255654028520426,0.0075848236475258,-0.6283496640454781,0.0033716327456966,0.0056932980640387,24.99228058069631,0.005007498803163,0.002850312855146,0.0031080717966586,-0.142269436896723,0,sl,1779660000000,1779663600000,1
1779660000000|NEAR/USDT:USDT|near_trend_discovery|long,2026-05-24 22:00:00+00:00,NEAR/USDT:USDT,NEAR,long,near_trend_discovery,34.616219509409696,0.0241064006650042,0.0428096425602659,0.0336658354114713,0.0027298542087823,0.2292952332415808,-0.0045719035743972,0.0058528428093647,-0.0139344262295081,0.0207891387356808,-0.0045510964004963,0.2259485723715417,0.029840599059789,0.4353859094337524,0.0140956186562382,0.0168345061236447,24.99228058069631,0.005007498803163,0.002850312855146,0.0031080717966586,0.0848931355278253,1,tp,1779660000000,1779663600000,2
1779660000000|XLM/USDT:USDT|xlm_trend_discovery|short,2026-05-24 22:00:00+00:00,XLM/USDT:USDT,XLM,short,xlm_trend_discovery,26.86851578599712,0.0149771938185035,0.0195384301177752,0.0143644904350194,-0.0004428252568141,-0.006834760992388,-0.002586969841378,0.0128947731347399,0.0029359552096135,-0.0129023587124521,-0.0057533504805741,-0.0063947675001343,0.008022452375951,-0.7549703688650928,0.0046257170275344,0.006063129536107,24.99228058069631,0.005007498803163,0.002850312855146,0.0031080717966586,-0.1508906187021636,0,sl,1779660000000,1779663600000,1
1779660000000|TON/USDT:USDT|ton_trend_discovery|short,2026-05-24 22:00:00+00:00,TON/USDT:USDT,TON,short,ton_trend_discovery,36.26278296908049,0.017347637525679,0.0404017347637525,0.0338963706916228,-0.0070175192188376,-0.0875237836916032,-0.0032526820360648,0.0107861798465709,-0.0021069415181368,-0.0198556966273282,-0.0335851761980918,-0.08107521132642,0.0151224979825222,-0.7080068790813836,0.0073171151762219,0.0092554671240457,24.99228058069631,0.005007498803163,0.002850312855146,0.0031080717966586,-0.2749071400944976,0,sl,1779660000000,1779667200000,2
1779663600000|BNB/USDT:USDT|bnb_trend|long,2026-05-24 23:00:00+00:00,BNB/USDT:USDT,BNB,long,bnb_trend,22.45133978417925,0.0048259168480826,0.0097279522584377,0.0104586904562546,0.0013044909690892,0.0035567380783869,0.0003653690989084,0.0029621486265709,0.0006398050118059,-0.0074043852093627,0.0003807377174012,0.0022493129009317,0.0049285571318852,-0.5596484370273481,0.0028698399278464,0.0042222829192149,23.849057385009345,0.0050257700054635,0.0041073998373204,0.0031533852962849,0.1588543327232959,1,tp,1779663600000,1779674400000,4
1779663600000|XRP/USDT:USDT|xrp_trend|short,2026-05-24 23:00:00+00:00,XRP/USDT:USDT,XRP,short,xrp_trend,26.39310613738997,0.0045925925925925,0.0151851851851851,0.0137037037037038,-0.0004001080136337,-0.0156063979548107,-0.0007407407407406,0.002227171492205,0.0011123470522802,-0.0107715981534403,-0.0055248618784529,-0.015212376534935,0.0060764701020777,-0.6092457450318526,0.0033006346090853,0.004365340033913,23.849057385009345,0.0050257700054635,0.0041073998373204,0.0031533852962849,-0.5259534513540984,0,sl,1779663600000,1779681600000,7
1779663600000|AAVE/USDT:USDT|aave_trend|short,2026-05-24 23:00:00+00:00,AAVE/USDT:USDT,AAVE,short,aave_trend,24.65114496745741,0.007482754589033,0.0275926575470595,0.0208114112007482,-0.0032768608812119,-0.0326733750820419,-0.0033906231731555,0.0049347902714134,-0.0003506311360449,-0.0262978142076503,-0.0125836989148002,-0.0294931591804116,0.0099634578420393,0.4837859006916081,0.005803389148329,0.0070273665184998,23.849057385009345,0.0050257700054635,0.0041073998373204,0.0031533852962849,-0.93232759857548,0,sl,1779663600000,1779685200000,8
1779663600000|SOL/USDT:USDT|sol_trend_discovery|short,2026-05-24 23:00:00+00:00,SOL/USDT:USDT,SOL,short,sol_trend_discovery,22.800310973470783,0.0065704564120615,0.0234659157573624,0.0188900621846767,-0.0013045952037802,-0.0103579165176515,-0.0022879267863429,0.0035323207347226,-0.0010548523206749,-0.0159334949774851,-0.0056002800140005,-0.0090651476620326,0.0086817482557496,0.6369458813102297,0.0047107485902885,0.0061849661962478,23.849057385009345,0.0050257700054635,0.0041073998373204,0.0031533852962849,-0.0225858339264388,0,sl,1779663600000,1779674400000,5
1779663600000|SUI/USDT:USDT|sui_trend_discovery|short,2026-05-24 23:00:00+00:00,SUI/USDT:USDT,SUI,short,sui_trend_discovery,26.567910038622365,0.0106568494477815,0.0408835496996706,0.0252857973260996,-0.009503970227045,-0.0433361369634922,-0.0077988761867854,0.0068279360124854,-0.0065447545717034,-0.0306160781367392,-0.0323427392893972,-0.0341567918694256,0.0131956013118761,-1.1554096972858574,0.0067956252884148,0.0104713587464657,23.849057385009345,0.0050257700054635,0.0041073998373204,0.0031533852962849,-0.2356078002404329,0,sl,1779663600000,1779685200000,6
1779663600000|ENA/USDT:USDT|ena_trend_discovery|short,2026-05-24 23:00:00+00:00,ENA/USDT:USDT,ENA,short,ena_trend_discovery,24.83966294106827,0.0105401844532279,0.0402351271916489,0.025235633931286,-0.006180878855564,-0.0561729831085176,-0.0074997466301814,0.0073506891271055,-0.0051421657592257,-0.0211309523809524,-0.0333104732046635,-0.0503030211326434,0.0133714278167493,-0.729681951363582,0.0072157490470747,0.0109576042836696,23.849057385009345,0.0050257700054635,0.0041073998373204,0.0031533852962849,-0.0291556538294706,0,sl,1779663600000,1779681600000,6
1779663600000|ONDO/USDT:USDT|ondo_trend_discovery|long,2026-05-24 23:00:00+00:00,ONDO/USDT:USDT,ONDO,long,ondo_trend_discovery,22.63238335281175,0.0193357597816196,0.0293448589626934,0.0493630573248407,0.0097140000613969,0.0981154578258733,0.0100090991810736,0.0129032258064516,0.0045703839122486,-0.0058796924468565,0.0316827035907063,0.087550987466848,0.0243995101296538,-0.5498581691090847,0.0128101180280156,0.0184510688776471,23.849057385009345,0.0050257700054635,0.0041073998373204,0.0031533852962849,0.0683187485814014,1,tp,1779663600000,1779678000000,5
1779667200000|AVAX/USDT:USDT|avax_trend|short,2026-05-25 00:00:00+00:00,AVAX/USDT:USDT,AVAX,short,avax_trend,27.38997879799352,0.0043388653867012,0.0224536283761797,0.0171385182774703,-0.0020338009459538,-0.0112311630905968,-0.0026575550493547,0.0011946133796698,0.0022831050228309,-0.0105184072126222,-0.0193596425912137,-0.0092161058694784,0.0075930583686363,-0.8063739345158671,0.0043109313972418,0.0064232245075483,22.952556009246734,0.0048684567893025,0.0040032546786004,0.0031518915012532,-0.6051396734072261,0,sl,1779667200000,1779681600000,6
1779667200000|ADA/USDT:USDT|ada_trend_discovery|short,2026-05-25 00:00:00+00:00,ADA/USDT:USDT,ADA,short,ada_trend_discovery,27.856357567852665,0.0045360824742268,0.0169072164948454,0.0173195876288659,-0.0015645439517828,-0.0270861268992191,0.0002061855670102,0.0020661157024792,0.0033098882912701,-0.0093954248366012,-0.0146281999187323,-0.0255615751552435,0.007337805918384,-0.8510936018533363,0.0036079105865164,0.005709780042763,22.952556009246734,0.0048684567893025,0.0040032546786004,0.0031518915012532,-0.0626685658320235,0,sl,1779667200000,1779681600000,5
1779670800000|LINK/USDT:USDT|link_trend|short,2026-05-25 01:00:00+00:00,LINK/USDT:USDT,LINK,short,link_trend,24.378987007877296,0.0107630008525148,0.027919863597613,0.0151321398124466,-0.006590687501379,-0.0259068379268041,-0.0063938618925831,-0.0091859360152042,0.0113158745554478,-0.0110654441985457,-0.0214807090719498,-0.0194443017418883,0.0088586993030763,-0.3437924705796317,0.0050934756738983,0.0077433082281538,21.587409573709003,0.0048507707024522,0.0006466647323108,0.0032071975967066,0.0119988806473982,1,sl,1779670800000,1779674400000,1
1779670800000|ETH/USDT:USDT|eth_trend|short,2026-05-25 01:00:00+00:00,ETH/USDT:USDT,ETH,short,eth_trend,28.897178869834452,0.0072324955931457,0.0180430223615005,0.0153200880893121,-0.0029980696150374,-0.0167228469730024,-0.0013614671360943,-0.0051942250482356,0.0115295220515398,-0.0075900518645644,-0.0132597362193961,-0.013766048930984,0.0071059023515724,0.5975379020158225,0.0041405705914238,0.0060568528505327,21.587409573709003,0.0048507707024522,0.0006466647323108,0.0032071975967066,-0.0581239560835201,0,sl,1779670800000,1779681600000,4
1779670800000|DOGE/USDT:USDT|doge_trend_loose|short,2026-05-25 01:00:00+00:00,DOGE/USDT:USDT,DOGE,short,doge_trend_loose,22.002094442652027,0.0094358167878907,0.0210340082563397,0.012187930017692,-0.0041683334042671,-0.0312249846314358,-0.0044230391193238,-0.0076082715567694,0.0112314879236654,-0.0108885864281547,-0.014433788627337,-0.0271699044474677,0.0080277505368346,-0.4416055732942253,0.0045566255601471,0.0061655223735983,21.587409573709003,0.0048507707024522,0.0006466647323108,0.0032071975967066,0.0032578074018376,1,sl,1779670800000,1779674400000,1
1779670800000|XLM/USDT:USDT|xlm_trend_discovery|short,2026-05-25 01:00:00+00:00,XLM/USDT:USDT,XLM,short,xlm_trend_discovery,24.278711192538463,0.0066825775656323,0.0212069553358336,0.0127514490282987,-0.0024541121349419,-0.0083173982737729,-0.0042277531537675,-0.0057627118644066,0.0112398289891049,-0.0062343294707596,-0.0135871393018093,-0.0058777106999855,0.0076340616102157,-1.2080530402347018,0.0046067584291057,0.0060808691807653,21.587409573709003,0.0048507707024522,0.0006466647323108,0.0032071975967066,-0.0204736714653927,0,sl,1779670800000,1779674400000,2
1779670800000|TON/USDT:USDT|ton_trend_discovery|short,2026-05-25 01:00:00+00:00,TON/USDT:USDT,TON,short,ton_trend_discovery,32.65887049532511,0.0115428571428571,0.0382285714285714,0.0325714285714285,-0.0075517650229645,-0.0865106435949299,-0.0028285714285714,-0.0088916576994959,0.0094018572994174,-0.005625319620433,-0.0346957912736499,-0.0795596946915748,0.0141948692265024,-1.2298655010502009,0.0073392220517042,0.0091602748028238,21.587409573709003,0.0048507707024522,0.0006466647323108,0.0032071975967066,-0.0319202928365295,0,sl,1779670800000,1779674400000,2
1779678000000|LINK/USDT:USDT|link_trend|short,2026-05-25 03:00:00+00:00,LINK/USDT:USDT,LINK,short,link_trend,25.021765072390497,0.0053265153936295,0.0275913497390007,0.0154468946415254,-0.005259069563576,-0.0251142879547546,-0.0060722275487376,-0.0013829787234042,-0.0041374920432845,-0.0043487484089945,-0.0155217619297325,-0.0199601904211054,0.0086452474383545,-0.5487016451007183,0.00508216815189,0.0077341564341975,20.431777313619,0.0048109173226398,0.0037312849074608,0.0032246459660135,-0.108553953490728,0,sl,1779678000000,1779681600000,2
1779678000000|BNB/USDT:USDT|bnb_trend|long,2026-05-25 03:00:00+00:00,BNB/USDT:USDT,BNB,long,bnb_trend,19.503133147251,0.0024491161885059,0.0089445982536736,0.0112263835224679,0.0013332621524323,0.0041551417859315,0.0011408926343971,1.5212133197328724e-05,0.0007764093351805,0.0022564415307211,-0.0003345498783455,0.0028181223376455,0.0049188391032921,-0.597565864952652,0.0031152297181624,0.0042488512896231,20.431777313619,0.0048109173226398,0.0037312849074608,0.0032246459660135,0.1932793832497991,1,tp,1779678000000,1779699600000,10
1779678000000|DOGE/USDT:USDT|doge_trend_loose|short,2026-05-25 03:00:00+00:00,DOGE/USDT:USDT,DOGE,short,doge_trend_loose,22.736700606989476,0.0054923499411534,0.0188309140839545,0.0143193409180069,-0.0017848016678548,-0.0285843777803431,-0.0022557865829737,-0.0015667841754799,-0.0025435335550774,0.0005888125613344,-0.0095201088012435,-0.0268474935637786,0.0078587053143773,-0.5920585973936427,0.0046386507965404,0.0061870185060693,20.431777313619,0.0048109173226398,0.0037312849074608,0.0032246459660135,-0.0390378713224713,0,sl,1779678000000,1779681600000,2
1779696000000|NEAR/USDT:USDT|near_trend_discovery|long,2026-05-25 08:00:00+00:00,NEAR/USDT:USDT,NEAR,long,near_trend_discovery,21.969704834202144,0.0215410107705054,0.0393537696768847,0.0339685169842586,0.0116326612549254,0.2087316520886999,-0.0026926263463129,0.0134340890008395,0.0121593291404613,-0.0134859011033918,0.0147120638923918,0.1948325695507637,0.0250613256812501,-2.058486122060846,0.0127350910801733,0.0158407856693575,22.842091901897938,0.0046300659426632,0.0080936762295136,0.0032875614823131,24.283335343559195,1,tp,1779696000000,1779710400000,4
1779696000000|XLM/USDT:USDT|xlm_trend_discovery|long,2026-05-25 08:00:00+00:00,XLM/USDT:USDT,XLM,long,xlm_trend_discovery,24.804879297563428,0.0067774519387421,0.0015640273704789,0.0565004887585533,0.0324032780407455,0.0367506699416243,0.0274682306940371,0.0033346410357002,0.0345873786407766,0.0513154288846258,0.0273147218316931,0.0042109435269608,0.0082637049173584,-0.4070209292419252,0.0060340141471723,0.0064672898968575,22.842091901897938,0.0046300659426632,0.0080936762295136,0.0032875614823131,-2.562210156540986,0,sl,1779696000000,1779706800000,3
1779710400000|BNB/USDT:USDT|bnb_trend|long,2026-05-25 12:00:00+00:00,BNB/USDT:USDT,BNB,long,bnb_trend,19.946859066116424,0.013403185122166,0.0022537649815668,0.0298362662129285,0.014406833697965,0.0223362483335116,0.0137912506156808,0.0110157087024098,0.0113361912812461,0.0163066561495055,0.0141375917656854,0.0078167993078677,0.0047964257043335,-0.8205706294012131,0.0037486606575084,0.0043555524599854,25.00245250136456,0.004177452012819,0.0032149293117742,0.003224921662425,2.5521248365113705,1,sl,1779710400000,1779721200000,3
1779710400000|XLM/USDT:USDT|xlm_trend_discovery|long,2026-05-25 12:00:00+00:00,XLM/USDT:USDT,XLM,long,xlm_trend_discovery,24.81735740920421,0.0077818423678084,0.0222148320585299,0.0370468905886266,0.0051683652970002,0.0148488481487724,0.0074160292650482,-0.0044364984770227,-0.0202020202020201,0.0193220338983051,0.0146443514644352,0.009630707835609,0.0091559492699043,0.6442208035495985,0.0069298952738403,0.0065970389108275,25.00245250136456,0.004177452012819,0.0032149293117742,0.003224921662425,-0.1050040327800333,0,sl,1779710400000,1779735600000,8
1779710400000|RENDER/USDT:USDT|render_trend_discovery|long,2026-05-25 12:00:00+00:00,RENDER/USDT:USDT,RENDER,long,render_trend_discovery,19.91494947034853,0.024131274131274,0.0178571428571428,0.083976833976834,0.0304539714211399,0.0821839157272807,0.0330598455598456,0.0146914789422136,0.0354822588705647,0.0438287153652392,0.0555272542027509,0.0502011208077523,0.0188558708847882,1.2874250196226826,0.0144705376539831,0.0127564826153993,25.00245250136456,0.004177452012819,0.0032149293117742,0.003224921662425,2.082247586165394,1,tp,1779710400000,1779714000000,1
1779710400000|INJ/USDT:USDT|inj_trend_discovery|long,2026-05-25 12:00:00+00:00,INJ/USDT:USDT,INJ,long,inj_trend_discovery,19.70361770526632,0.0515370705244123,0.0358047016274863,0.0895117540687161,0.0518203238140936,0.0870900059303575,0.0268535262206148,0.0049064146829003,0.0533333333333334,0.0807113543091655,0.0644850818094322,0.0335320408987435,0.0209639210539936,-0.7551145753486417,0.0126868262160953,0.0162176400050388,25.00245250136456,0.004177452012819,0.0032149293117742,0.003224921662425,1.4134108291196272,1,time_stop,1779710400000,1779750000000,12
1779714000000|NEAR/USDT:USDT|near_trend_discovery|long,2026-05-25 13:00:00+00:00,NEAR/USDT:USDT,NEAR,long,near_trend_discovery,28.94650508815905,0.0588910133843211,0.0061185468451241,0.1082217973231358,0.0772490868790124,0.2940147427700944,0.0510516252390059,0.0540104796453044,0.0819197352089369,0.1075815332486234,0.0891295293627656,0.2012214802790798,0.027519150491355,-0.6542132709077261,0.0168476725600625,0.016461738901419,24.99107348625873,0.0040413956730424,0.006996678173647,0.0031011019693348,5.1998830176682205,1,tp,1779714000000,1779717600000,1
1779717600000|RENDER/USDT:USDT|render_trend_discovery|long,2026-05-25 14:00:00+00:00,RENDER/USDT:USDT,RENDER,long,render_trend_discovery,26.37086447018269,0.0380559376432827,0.0119211370930764,0.1173773498395231,0.0707411929721321,0.1363049064345457,0.0527281063732233,0.0258701787394168,0.0370898716119827,0.1004036326942483,0.1173155737704918,0.0612320828718878,0.0206274097165326,2.418195775535516,0.0157761699667086,0.0128207756771015,25.852645391664883,0.0041670211672512,0.0163316681539011,0.0030672570850174,3.282305069839162,1,tp,1779717600000,1779724800000,2
1779721200000|NEAR/USDT:USDT|near_trend_discovery|long,2026-05-25 15:00:00+00:00,NEAR/USDT:USDT,NEAR,long,near_trend_discovery,34.537237380876874,0.0332103321033209,0.0029520295202952,0.1394833948339484,0.0946716090439515,0.3322621421789308,0.0682656826568265,0.0134629768137621,0.1106557377049179,0.1546655304644226,0.1115668580803936,0.2170427470412634,0.0270552672874406,-0.8243672426102512,0.0149636938975733,0.0162985422928597,26.977928399326,0.0042166653768242,0.016288180950098,0.0030683509476976,4.791962556892835,1,tp,1779721200000,1779789600000,19
1779724800000|BNB/USDT:USDT|bnb_trend|long,2026-05-25 16:00:00+00:00,BNB/USDT:USDT,BNB,long,bnb_trend,24.70194547880048,0.0029215671585885,0.0090793317851523,0.0261442804704472,0.0059343603820377,0.0175753706124648,0.0085324743426474,-0.0009430008382229,-0.0037911013597217,0.0115330989330746,0.0156582871751171,0.0115723358192139,0.0047938541084867,-0.8012405150682468,0.0038268720090459,0.0042041143044765,27.788456172151434,0.0041981923513813,0.0136916776153985,0.0029932527780899,-0.6045468906219906,0,sl,1779724800000,1779728400000,1
1779724800000|AVAX/USDT:USDT|avax_trend|long,2026-05-25 16:00:00+00:00,AVAX/USDT:USDT,AVAX,long,avax_trend,24.405216182409145,0.0071904409432166,0.0050756053716823,0.0418737443163794,0.0119784524973527,0.0140837436012259,0.0183990694723484,0.0030759439966059,0.0079940311234278,0.0227100681302043,0.0221573713791611,0.0020803714730069,0.0069083335000314,-1.2372823902716386,0.0051118499700006,0.0064182201708751,27.788456172151434,0.0041981923513813,0.0136916776153985,0.0029932527780899,-4.005924457399058,0,sl,1779724800000,1779739200000,4
1779728400000|BTC/USDT:USDT|btc_trend_loose|long,2026-05-25 17:00:00+00:00,BTC/USDT:USDT,BTC,long,btc_trend_loose,28.541089104060767,0.0033396454222735,0.0047043981672582,0.0189259473293155,0.0027476016929515,0.0044032307579715,0.0071107745810286,-0.0022047892707978,0.0028602069025289,0.0019800956443065,0.0112390036211087,0.0016510925204156,0.0041454815400672,-1.3167612577980732,0.0030460571895154,0.0036810109760879,28.541089104060767,0.0041454815400672,0.0112390036211087,0.0030460571895154,-0.3906971761231519,0,sl,1779728400000,1779735600000,2
1779728400000|RENDER/USDT:USDT|render_trend_discovery|long,2026-05-25 17:00:00+00:00,RENDER/USDT:USDT,RENDER,long,render_trend_discovery,36.04692914164248,0.0328617069831127,0.0401643085349156,0.1214057507987219,0.0519458723631981,0.1363546293546832,0.0406207211319032,-0.0257892396620721,0.0305738476011288,0.0905923344947734,0.1015585721468073,0.0802405895674658,0.0233108861989233,3.4753970822425644,0.0172718394059515,0.013375230136182,28.541089104060767,0.0041454815400672,0.0112390036211087,0.0030460571895154,-1.394235735079305,0,sl,1779728400000,1779739200000,3
1779732000000|BNB/USDT:USDT|bnb_trend|long,2026-05-25 18:00:00+00:00,BNB/USDT:USDT,BNB,long,bnb_trend,21.41434013020137,0.0052454667410277,0.0151937657326319,0.0202432811298855,0.0001463286704691,0.011246392512473,0.0025247576986267,0.0028872898778569,-0.0124002619983327,0.0033271327677206,0.011866087089148,0.0110984398220604,0.0051880363035693,-0.0908455367435061,0.0043012637606202,0.0041921841572421,29.190725078646373,0.0039668876982905,0.0114742589296432,0.0030436008952072,0.0435730168184747,1,tp,1779732000000,1779735600000,2
1779742800000|BTC/USDT:USDT|btc_trend_loose|long,2026-05-25 21:00:00+00:00,BTC/USDT:USDT,BTC,long,btc_trend_loose,26.471595743719096,0.0016317390045098,0.0070738859696304,0.0162204166494269,0.0001494312564487,0.0019429618681564,0.0045732653398981,0.0012570604463535,-0.0023528440518451,-0.0028904789531359,0.0162247391795653,0.0017932626422179,0.0037184557871481,-2.0423513758416143,0.0026660960383029,0.0035195353842361,26.471595743719096,0.0037184557871481,0.0162247391795653,0.0026660960383029,-0.4179502850116977,0,sl,1779742800000,1779746400000,2
1779746400000|RENDER/USDT:USDT|render_trend_discovery|long,2026-05-25 22:00:00+00:00,RENDER/USDT:USDT,RENDER,long,render_trend_discovery,43.55040629069028,0.0204081632653061,0.0570500927643783,0.0858070500927644,0.0169773033805762,0.1111597433622995,0.014378478664193,-0.015075376884422,-0.0173199635369187,0.0252020922491678,0.078,0.0926101690457078,0.0232112567707902,2.508777456561391,0.0164524064802534,0.0129717832360969,24.75621153561755,0.0038523009563827,0.0040835625859696,0.0021694964089109,7.204967817142003,1,tp,1779746400000,1779775200000,8
1779753600000|BCH/USDT:USDT|bch_trend|short,2026-05-26 00:00:00+00:00,BCH/USDT:USDT,BCH,short,bch_trend,22.225812957001725,0.0141552773630412,0.0109107614562995,0.0136671643505225,-0.0037001777365876,-0.0588564936319245,0.0013782014471115,-0.0085401958551583,-0.003604737655204,-0.0021202223368288,0.0031683852756494,-0.0553611620345688,0.0074665989924361,-1.1507976012814791,0.0045453916794881,0.006934607017906,23.457458510100828,0.0043263611341029,-0.0047964211618256,0.0025459675818477,5.133623601487237,1,tp,1779753600000,1779757200000,1
1779753600000|INJ/USDT:USDT|inj_trend_discovery|long,2026-05-26 00:00:00+00:00,INJ/USDT:USDT,INJ,long,inj_trend_discovery,36.78968204013175,0.0259259259259259,0.028042328042328,0.1119929453262786,0.0234467383731439,0.100567475347747,0.0419753086419752,0.0003528581510232,0.0078208318521151,0.0253164556962024,0.1080711354309165,0.0753539330216569,0.0221232634448697,-0.3962877289115407,0.0117501616991967,0.0139284606091943,23.457458510100828,0.0043263611341029,-0.0047964211618256,0.0025459675818477,-2.4186070254767587,0,sl,1779753600000,1779778800000,8
1779757200000|ETH/USDT:USDT|eth_trend|short,2026-05-26 01:00:00+00:00,ETH/USDT:USDT,ETH,short,eth_trend,18.409236305413703,0.006152787862575,0.0230442924293956,0.0047435701456033,-0.008051391020148,-0.0151116139834307,-0.0091503611418961,-0.0015358345495997,-0.0078157214967887,-0.0103954428345189,1.4331233011644072e-05,-0.0071175289721346,0.0062975339651251,-0.3418062060461227,0.0032413636322298,0.0057672822687715,23.730554839310614,0.0043255303814952,-0.0024419548121333,0.0024867624053929,-0.5407289703059641,0,sl,1779757200000,1779775200000,6
1779757200000|ADA/USDT:USDT|ada_trend_discovery|short,2026-05-26 01:00:00+00:00,ADA/USDT:USDT,ADA,short,ada_trend_discovery,22.243647746615387,0.0091400083090984,0.0290818446198587,0.0041545492314083,-0.0131001989405935,-0.0298803830191515,-0.0124636476942251,-0.0049607275733775,-0.0155419222903885,-0.0179518563851489,-0.0004152823920264,-0.0170029257889655,0.0075677892376706,-0.1867749632336061,0.0041907601117408,0.0053253244398743,23.730554839310614,0.0043255303814952,-0.0024419548121333,0.0024867624053929,-0.3940206194769867,0,sl,1779757200000,1779789600000,9
1779760800000|BCH/USDT:USDT|bch_trend|short,2026-05-26 02:00:00+00:00,BCH/USDT:USDT,BCH,short,bch_trend,22.60477039207509,0.0044876805929529,0.019369408494745,0.0052694055994672,-0.0099620490189743,-0.0654470155832066,-0.0070500014476389,-0.0017053008844443,-0.0092366828260808,-0.0128329713044472,0.0041574601697871,-0.0560432723909749,0.0073847153470326,-1.1506173133276112,0.0043664957314667,0.0069191806185188,24.20763744425976,0.0043169823126829,-0.005623889722971,0.0024513985949973,-0.7291310055708179,0,sl,1779760800000,1779771600000,3
1779760800000|DOGE/USDT:USDT|doge_trend_loose|short,2026-05-26 02:00:00+00:00,DOGE/USDT:USDT,DOGE,short,doge_trend_loose,21.357386875231644,0.0049573666468372,0.0287527265516557,0.0047590719809637,-0.0123928543824994,-0.0343573935841104,-0.0119968272853459,0.0025844930417495,-0.0082595870206488,-0.0225797073359821,-0.0123384253819036,-0.0222401582441748,0.0069315629923649,-0.9120011067511826,0.0035133021105836,0.0056462534772042,24.20763744425976,0.0043169823126829,-0.005623889722971,0.0024513985949973,-0.51899710533129,0,sl,1779760800000,1779771600000,3
1779764400000|SOL/USDT:USDT|sol_trend_discovery|short,2026-05-26 03:00:00+00:00,SOL/USDT:USDT,SOL,short,sol_trend_discovery,23.712917809070017,0.0052281368821292,0.02768536121673,0.0045152091254752,-0.0110127066876197,-0.0208224150615497,-0.0115850760456273,0.0023820867079562,-0.0099988236678039,-0.0237791439508177,-0.0084825636192271,-0.0099189427814331,0.0067342683605065,-1.2537204186510853,0.0036671022948242,0.0059271425301766,24.762915143347456,0.0042426812439627,-0.004675992674278,0.0024465612931907,-0.2602697763371996,0,sl,1779764400000,1779771600000,2
1779764400000|SUI/USDT:USDT|sui_trend_discovery|short,2026-05-26 03:00:00+00:00,SUI/USDT:USDT,SUI,short,sui_trend_discovery,23.07854209344727,0.0083967975004881,0.0380785002929114,0.007908611599297,-0.0141855916207418,-0.0424251900661477,-0.0150849443468072,0.0022507094627655,-0.0174597083653108,-0.0242926550442984,0.0022507094627655,-0.028645958311599,0.0118527610669696,-0.821095720568154,0.0065036341584224,0.009306646623981,24.762915143347456,0.0042426812439627,-0.004675992674278,0.0024465612931907,-0.4493726337280343,0,sl,1779764400000,1779771600000,2
1779768000000|XRP/USDT:USDT|xrp_trend|short,2026-05-26 04:00:00+00:00,XRP/USDT:USDT,XRP,short,xrp_trend,24.02498635256374,0.0049828945411274,0.0153949129852743,0.0083296147553176,-0.003346125581949,-0.0161329457565213,-0.0035326491149782,0.0040322580645162,0.0025350432448554,-0.0128478085309449,-0.0074555252085332,-0.0128297501296912,0.0051336893943753,-1.021688727291841,0.0022684614118857,0.0041826893266141,24.72283562556469,0.004135087339887,-0.0083134040875422,0.0022270616636275,-2.9294801328422757,0,sl,1779768000000,1779771600000,1
1779775200000|DOGE/USDT:USDT|doge_trend_loose|short,2026-05-26 06:00:00+00:00,DOGE/USDT:USDT,DOGE,short,doge_trend_loose,20.884161161411804,0.0049241678156391,0.0218633051014378,0.0114240693322829,-0.0034745948145143,-0.0267340301343628,-0.0052196178845773,-0.0018676889806349,0.0067420186396986,-0.0146530810286268,-0.0134084726000776,-0.0233405342190138,0.006717921379875,-0.9664044895880236,0.0034021614943087,0.0056559007262319,22.56305731176275,0.0040900829581575,-0.0066717407906587,0.0022860155434217,0.0136622949813907,1,sl,1779775200000,1779789600000,5
1779775200000|SOL/USDT:USDT|sol_trend_discovery|short,2026-05-26 06:00:00+00:00,SOL/USDT:USDT,SOL,short,sol_trend_discovery,23.89756169984705,0.0052034058656576,0.0228240302743613,0.0092242194891201,-0.0044946926710736,-0.0156747517905903,-0.0067999053926204,-0.0004728132387705,0.0071462601238685,-0.0152556189588913,-0.0160577146846636,-0.011230536931555,0.006673642929757,-1.2600990112739037,0.0029418058013495,0.0059240259471534,22.56305731176275,0.0040900829581575,-0.0066717407906587,0.0022860155434217,-0.451102262633305,0,sl,1779775200000,1779789600000,4
1779778800000|RENDER/USDT:USDT|render_trend_discovery|long,2026-05-26 07:00:00+00:00,RENDER/USDT:USDT,RENDER,long,render_trend_discovery,49.19951186661103,0.0495342929720575,0.0071972904318373,0.1562235393734123,0.0728487000634444,0.2012093505961973,0.0745131244707875,0.0247288503253795,0.0630063006300629,0.0795246800731261,0.1798201798201799,0.1196446903698182,0.0245163673742405,2.231314164122212,0.0167294387976481,0.0128856629466342,22.06008739582744,0.0041141817703651,-0.0089419336495339,0.0023263488621146,0.0902055988906454,1,sl,1779778800000,1779786000000,2
1779782400000|TON/USDT:USDT|ton_trend_discovery|short,2026-05-26 08:00:00+00:00,TON/USDT:USDT,TON,short,ton_trend_discovery,28.32641390758463,0.0149222139908985,0.1619218964969839,0.0540268811514445,-0.0073911665185076,-0.0105093459795607,-0.0539475076727697,0.0020679781536667,-0.0023228803716609,-0.0391498881431767,0.0467486429600088,-0.0031413980571947,0.0211454833816914,1.1270120696919494,0.0188189435675993,0.0128622939664639,21.59304390245893,0.0039759985661941,-0.0094856391504773,0.0023192179466328,-0.1422253776465919,0,sl,1779782400000,1779786000000,2
1779786000000|XRP/USDT:USDT|xrp_trend|short,2026-05-26 09:00:00+00:00,XRP/USDT:USDT,XRP,short,xrp_trend,24.332279617617992,0.0030569639129138,0.0179689830002982,0.0058156874440799,-0.0040306535862971,-0.017796824153889,-0.006076647778109,0.0008955223880595,-0.0043797787840546,-0.0093803087377207,-0.0140410203631552,-0.0138218817849779,0.0049191658848022,-1.1628368618467926,0.0025189466842243,0.0037274534103506,21.33835723568123,0.0038556784654406,-0.0119125894411139,0.0022698493040002,-2.806029995951528,0,sl,1779786000000,1779789600000,1
1779786000000|ETH/USDT:USDT|eth_trend|short,2026-05-26 09:00:00+00:00,ETH/USDT:USDT,ETH,short,eth_trend,21.73131331571943,0.0028057852619926,0.0219166185515848,0.0058597011934131,-0.0030780999739761,-0.012938942556684,-0.0080284586790858,-0.0002671462578056,-0.0019763598784657,-0.0067208569329572,-0.0095328569267998,-0.0098912889589951,0.0054415595794882,-1.254497667128517,0.0031463090202306,0.0054461496830374,21.33835723568123,0.0038556784654406,-0.0119125894411139,0.0022698493040002,-1.0364076806495888,0,sl,1779786000000,1779789600000,1
1779789600000|BNB/USDT:USDT|bnb_trend|long,2026-05-26 10:00:00+00:00,BNB/USDT:USDT,BNB,long,bnb_trend,23.200316107011613,0.0122901995083919,0.0156530393738784,0.0113552395457903,0.0042484828512406,0.0099057168199363,-0.0021488999140441,0.0091152570228565,0.0070311313591495,0.0030251236519291,0.0014951520826411,0.0056333009860605,0.0049502982906933,-0.1720004626483083,0.0042295327497702,0.0036879740325059,21.570492874153818,0.0045199596564388,-0.0013083870967741,0.0031024189963946,3.4008878995393834,1,tp,1779789600000,1779793200000,1
1779789600000|RENDER/USDT:USDT|render_trend_discovery|long,2026-05-26 10:00:00+00:00,RENDER/USDT:USDT,RENDER,long,render_trend_discovery,52.06422277497373,0.0403830141548709,0.0087427144046627,0.1565362198168194,0.0701481506792131,0.2142612205113825,0.0738967527060783,0.0282534246575343,0.0420824295010846,0.1141001855287568,0.1421778411792675,0.1346664662651635,0.0257035148740678,2.2807993749323074,0.0160215586265074,0.0133097139880341,21.570492874153818,0.0045199596564388,-0.0013083870967741,0.0031024189963946,0.1315934630745503,1,sl,1779789600000,1779793200000,1
1779789600000|INJ/USDT:USDT|inj_trend_discovery|long,2026-05-26 10:00:00+00:00,INJ/USDT:USDT,INJ,long,inj_trend_discovery,28.92752156630038,0.0362062875309078,0.0294948781349346,0.0483927940657011,0.0181819125417194,0.09045610070794,0.0094489579653833,0.0249818971759594,0.0165170556552962,0.0026562776695588,0.0438790560471975,0.0709835710848568,0.0228450735779318,0.0410449606311039,0.0110208675582409,0.0124305854556194,21.570492874153818,0.0045199596564388,-0.0013083870967741,0.0031024189963946,4.363980391315068,1,tp,1779789600000,1779796800000,2
1779793200000|NEAR/USDT:USDT|near_trend_discovery|long,2026-05-26 11:00:00+00:00,NEAR/USDT:USDT,NEAR,long,near_trend_discovery,44.1202786698924,0.0449122807017544,0.0449122807017544,0.1480701754385965,0.0458563760860229,0.3165512430915967,0.0515789473684209,-0.0148634635326649,0.0485651214128035,0.0288808664259927,0.168032786885246,0.2588260426528287,0.0294055106283869,0.5269786795755653,0.0213940349648297,0.0180332223426838,21.78604739559265,0.0045265753097223,-0.0021249848030606,0.0031329836720812,-4.088712576143252,0,sl,1779793200000,1779796800000,1
1779796800000|BNB/USDT:USDT|bnb_trend|long,2026-05-26 12:00:00+00:00,BNB/USDT:USDT,BNB,long,bnb_trend,20.606742738455416,0.0045860487569395,0.0160360849625874,0.0109823799179338,0.003173488507602,0.0093355213472925,-0.0025268525223269,9.052231375017428e-05,0.0084739316304331,0.0046376284441209,-0.0106120986880401,0.0061425395609862,0.0048136796901612,-0.4301705779905871,0.0035210077751705,0.003689466124228,20.84477687042819,0.0045325440109616,-0.0029330481327682,0.00313531061417,-0.4883977990844363,0,sl,1779796800000,1779804000000,3
1779796800000|RENDER/USDT:USDT|render_trend_discovery|long,2026-05-26 12:00:00+00:00,RENDER/USDT:USDT,RENDER,long,render_trend_discovery,52.98330815055796,0.0315656565656564,0.0197811447811448,0.1287878787878788,0.0491503072610823,0.1966085098441219,0.0545033670033668,0.0184312044577794,0.0072064434082237,0.0909090909090908,0.1467181467181466,0.1405501209526352,0.0267814914041549,2.35044749960017,0.0161046280970526,0.0139215673869138,20.84477687042819,0.0045325440109616,-0.0029330481327682,0.00313531061417,0.1392213192050013,1,sl,1779796800000,1779814800000,5
1779800400000|NEAR/USDT:USDT|near_trend_discovery|long,2026-05-26 13:00:00+00:00,NEAR/USDT:USDT,NEAR,long,near_trend_discovery,41.90286482065088,0.0545518951470067,0.0549061282323769,0.073680481756996,0.030661060688038,0.2965315719025212,0.0093871767623095,0.0158330334652752,0.0413131685724825,0.0513966480446927,0.0795411089866156,0.2579611487766852,0.0323367169716732,1.8057352137555884,0.019786638019593,0.0183943119514718,20.62508356140626,0.0049351029977434,-0.0013311410686127,0.0031482484541868,-3.1507843081161937,0,sl,1779800400000,1779818400000,7
1779800400000|TON/USDT:USDT|ton_trend_discovery|long,2026-05-26 13:00:00+00:00,TON/USDT:USDT,TON,long,ton_trend_discovery,26.154838325094325,0.0292127921279212,0.1253587535875359,0.0585793357933579,0.0196722664191057,0.0212070954937379,-0.0333897088970889,0.012295719844358,0.0359987257088245,0.0191162644938891,0.0615309286763505,0.0015052180246327,0.021780055003396,1.1670051262808951,0.020025188456217,0.0135989782976187,20.62508356140626,0.0049351029977434,-0.0013311410686127,0.0031482484541868,-0.2167051485226803,0,sl,1779800400000,1779807600000,3
1779800400000|INJ/USDT:USDT|inj_trend_discovery|long,2026-05-26 13:00:00+00:00,INJ/USDT:USDT,INJ,long,inj_trend_discovery,33.022488322467865,0.037647842745294,0.0059970014992503,0.0914542728635682,0.0623950245298927,0.1514857169362546,0.042728635682159,0.0230061349693251,0.0867125271542361,0.0698627695597933,0.0621019108280254,0.083858348683235,0.0236677900175492,0.4032544966726511,0.0122376878670397,0.0126558085536654,20.62508356140626,0.0049351029977434,-0.0013311410686127,0.0031482484541868,0.1021154981866787,1,sl,1779800400000,1779807600000,2
1779804000000|ETH/USDT:USDT|eth_trend|short,2026-05-26 14:00:00+00:00,ETH/USDT:USDT,ETH,short,eth_trend,22.76772703941903,0.0169151444143498,0.0158573549571428,0.0117542702912953,-0.000531641834202,-0.0070006872262374,-0.0020515423329237,-0.0076771727669829,-0.0087549781595737,0.0096599616858237,-0.0091044116679357,-0.0064724864365964,0.0075746728369333,1.2325255835911235,0.0046113450088566,0.0056845028182234,21.773427592083745,0.0058980103549055,-0.0103351854617359,0.0030784481925786,2.8423415891243646,1,tp,1779804000000,1779807600000,1
1779811200000|ETH/USDT:USDT|eth_trend|short,2026-05-26 16:00:00+00:00,ETH/USDT:USDT,ETH,short,eth_trend,20.41276072393976,0.0080489576768196,0.0295689742269775,0.0030117438766821,-0.0122777203607493,-0.0205899028907554,-0.0132786151751477,-0.0036478855685618,-0.0220845271869278,-0.0067901411546582,-0.0266775930695386,-0.0084155057563771,0.0083139113323854,1.928587428511024,0.0049545739286954,0.0058413522995037,20.880097279688663,0.0062307231918094,-0.0149289846771649,0.0032091148783015,3.1615647237822846,1,tp,1779811200000,1779814800000,1
1779811200000|TON/USDT:USDT|ton_trend_discovery|long,2026-05-26 16:00:00+00:00,TON/USDT:USDT,TON,long,ton_trend_discovery,25.32814097567922,0.0155219851528836,0.1399055183512434,0.0318745782069251,0.0053421328803228,0.0079770604017119,-0.0540154700721592,0.0075844753635316,-0.0006225680933852,0.0169464681659803,-0.0737606385536375,0.0026209261854369,0.0217643606362024,1.0743749518314427,0.0124831142290983,0.0135603733424385,20.880097279688663,0.0062307231918094,-0.0149289846771649,0.0032091148783015,-0.2974647460984254,0,sl,1779811200000,1779814800000,2
1779811200000|INJ/USDT:USDT|inj_trend_discovery|long,2026-05-26 16:00:00+00:00,INJ/USDT:USDT,INJ,long,inj_trend_discovery,33.23861380426426,0.0174952364455222,0.0571626537328945,0.055257231941798,0.0124944098340145,0.1033538902218661,-0.0009527108955481,-0.0041400724512679,-0.0161895023858215,0.0248535416296822,0.0142304989458887,0.0897382538662577,0.0256435787093317,1.1628391411598962,0.0141420212281831,0.0124910843850954,20.880097279688663,0.0062307231918094,-0.0149289846771649,0.0032091148783015,-0.3394073665042281,0,sl,1779811200000,1779818400000,3
1779818400000|ETH/USDT:USDT|eth_trend|short,2026-05-26 18:00:00+00:00,ETH/USDT:USDT,ETH,short,eth_trend,20.766995604297517,0.0075052348045592,0.0347068751239185,0.0072005764329823,-0.014315546572166,-0.0251183485631075,-0.0137531493454681,-0.0009710614039326,-0.0191066185364559,-0.0156701462769123,-0.027287266569453,-0.0109596960298739,0.0087038357608327,2.127774634502546,0.0049678344292265,0.0058357497355434,18.242580404809207,0.0066878946756935,-0.0217915488887483,0.0035466568364747,-0.6933101230340286,0,sl,1779818400000,1779822000000,2
1779818400000|TON/USDT:USDT|ton_trend_discovery|long,2026-05-26 18:00:00+00:00,TON/USDT:USDT,TON,long,ton_trend_discovery,23.239431379204703,0.0394367634304371,0.0479567369011785,0.0485689505637467,0.0214157740432954,0.0254522741472438,0.000306106831284,0.0308177754404417,0.0144920035194866,0.0302218017449804,-0.0442732458920474,0.0039518677961765,0.0233304221619376,1.4052502518632262,0.0142249326689722,0.0140146672348999,18.242580404809207,0.0066878946756935,-0.0217915488887483,0.0035466568364747,9.47075417632728,1,tp,1779818400000,1779822000000,1
1779825600000|RENDER/USDT:USDT|render_trend_discovery|long,2026-05-26 20:00:00+00:00,RENDER/USDT:USDT,RENDER,long,render_trend_discovery,46.04809998538353,0.020671834625323,0.0486649440137812,0.0792420327304049,0.00714765975714,0.1533505508791781,0.0152885443583117,0.0166374781085816,-0.0316930775646372,-0.0156846121237812,0.0715274573142594,0.145165298956553,0.02819401845106,1.8955490469421403,0.0152671829598393,0.0143363120414634,15.934586677512476,0.0061922455926644,-0.0150394142175995,0.0036207963219499,2.509935568854209,1,tp,1779825600000,1779829200000,2
1779825600000|TON/USDT:USDT|ton_trend_discovery|long,2026-05-26 20:00:00+00:00,TON/USDT:USDT,TON,long,ton_trend_discovery,24.575054043527032,0.0297463257499496,0.0227501509965774,0.0613549426213005,0.026725139467751,0.0383752535717934,0.0193023958123615,-0.0216181612251933,0.031407361262524,0.0513281828764948,0.0101688021151107,0.011346867487906,0.024404599235194,1.581496159599968,0.0156007698055428,0.0146146716331901,15.934586677512476,0.0061922455926644,-0.0150394142175995,0.0036207963219499,-2.89673770479448,0,sl,1779825600000,1779829200000,1
1779825600000|INJ/USDT:USDT|inj_trend_discovery|long,2026-05-26 20:00:00+00:00,INJ/USDT:USDT,INJ,long,inj_trend_discovery,28.778139647043112,0.0162530583711988,0.066585110101363,0.046836770360014,0.0033388677623584,0.0897435516624684,-0.0098741698706743,0.0056239015817223,-0.0088342283041744,0.0456871345029239,0.0170636331318876,0.0861171501237756,0.0249215276305237,0.9809569176118532,0.0140063463316812,0.0121674093100435,15.934586677512476,0.0061922455926644,-0.0150394142175995,0.0036207963219499,-0.4317008438484923,0,sl,1779825600000,1779829200000,2
1779832800000|TON/USDT:USDT|ton_trend_discovery|long,2026-05-26 22:00:00+00:00,TON/USDT:USDT,TON,long,ton_trend_discovery,23.208298803078684,0.0167826442898076,0.0397052803929595,0.0457941056078591,0.0087211184477013,0.0210745258964706,0.0030444126074498,0.0064888248017302,-0.0029080148971991,0.0032339202299676,0.0139032994397176,0.0122466033701957,0.0249489711376572,1.5961973411151953,0.015675658551812,0.0147027706025817,14.934233330263368,0.0059156979765874,-0.017579363998303,0.0035924533515029,2.169967925922924,1,tp,1779832800000,1779836400000,2
1779832800000|INJ/USDT:USDT|inj_trend_discovery|long,2026-05-26 22:00:00+00:00,INJ/USDT:USDT,INJ,long,inj_trend_discovery,26.71079915142113,0.0202974628171477,0.0678915135608048,0.0456692913385827,0.0025151051169038,0.0866141356762366,-0.011111111111111,0.0091824121490375,0.004746835443038,0.0093606499470151,0.012041792102001,0.0838880433123508,0.0242296193388449,0.8135928266330694,0.014108567029537,0.0119815112226155,14.934233330263368,0.0059156979765874,-0.017579363998303,0.0035924533515029,1.2506667196393049,1,tp,1779832800000,1779836400000,2
1779836400000|SUI/USDT:USDT|sui_trend_discovery|short,2026-05-26 23:00:00+00:00,SUI/USDT:USDT,SUI,short,sui_trend_discovery,23.03270183596694,0.0061981405578327,0.0569829051284614,0.002999100269919,-0.0197244892405745,-0.057634261447346,-0.0269919024292711,0.0009005403241946,-0.0057648345094921,-0.0410315406001341,-0.0403875671527245,-0.0386725688754609,0.0125480928200487,-0.0643641365197745,0.0063894674904277,0.0064350660483281,14.718637734035235,0.0056991115262127,-0.0178050374281037,0.0035835923895288,-0.892224377631456,0,sl,1779836400000,1779861600000,8
1779840000000|RENDER/USDT:USDT|render_trend_discovery|long,2026-05-27 00:00:00+00:00,RENDER/USDT:USDT,RENDER,long,render_trend_discovery,41.26123463358928,0.0256849315068493,0.0423801369863014,0.0813356164383561,0.0135173645119022,0.1538178214254451,0.0194777397260274,0.0200873362445415,0.0060292850990524,-0.0168350168350168,0.0725436179981633,0.1384292581717235,0.0265410626409101,1.283592919033998,0.0153721525303197,0.0142101378836009,14.147968248913902,0.0054826843375696,-0.0090527569345186,0.0033741616790582,-0.9126130156572664,0,sl,1779840000000,1779854400000,6
1779847200000|BCH/USDT:USDT|bch_trend|short,2026-05-27 02:00:00+00:00,BCH/USDT:USDT,BCH,short,bch_trend,26.472467590576528,0.0069157900854303,0.0312663450921136,0.0069157900854303,-0.0067502255492811,-0.0569824574034009,-0.0121752775033416,0.0028265874056589,0.0010763010152137,-0.0195720919631919,-0.0036190972523814,-0.0505736151633147,0.0076931491066894,-0.581123642226736,0.0051566232405679,0.0052130475058127,13.891040055077845,0.0051937309795523,-0.0101760782558426,0.003407301258016,-0.6455147327674526,0,sl,1779847200000,1779850800000,2
1779850800000|ETH/USDT:USDT|eth_trend|short,2026-05-27 03:00:00+00:00,ETH/USDT:USDT,ETH,short,eth_trend,21.32222721960981,0.0057617942768755,0.0342517401392109,0.0076372776488786,-0.0070620297836329,-0.0228097472423654,-0.0133072312451661,-0.0031224702208858,-0.0020212350276651,-0.00831200207081,-0.0113167150940509,-0.0158597192685671,0.0067918931051849,0.2794326944303487,0.004801554269544,0.0040761510391793,14.26000319708062,0.0051999693257068,-0.012963760456224,0.003441311749884,2.56439626874533,1,tp,1779850800000,1779854400000,1
1779854400000|BCH/USDT:USDT|bch_trend|short,2026-05-27 04:00:00+00:00,BCH/USDT:USDT,BCH,short,bch_trend,28.37856322469849,0.0095758035792486,0.0361136250839342,0.0085831897935947,-0.0094080724424982,-0.060257850186775,-0.0137652176451698,-0.0007001779618986,-0.0077346465816918,-0.0143021582733813,-0.0171869620107885,-0.0513327196897888,0.0077629270127145,-0.4722005625093078,0.0049376292702701,0.0052214979521223,15.313512920673933,0.0052148574793817,-0.0152645087787219,0.0034257200237926,-0.2523791157636864,0,sl,1779854400000,1779858000000,2
1779858000000|INJ/USDT:USDT|inj_trend_discovery|long,2026-05-27 05:00:00+00:00,INJ/USDT:USDT,INJ,long,inj_trend_discovery,18.575854990262595,0.0286362842675047,0.0656539200279377,0.0476689366160294,0.0072053973775051,0.083175973265003,-0.008992491705954,0.0152455238432902,0.0184954650542414,0.0010487676979549,0.0150655795817085,0.0754270937043278,0.0231468816939359,0.5772790345930104,0.014042513485362,0.0120254988328314,16.168047108280607,0.0049930559046049,-0.0157490248714677,0.0034090363518096,9.120709812657369,1,tp,1779858000000,1779868800000,3
1779861600000|AAVE/USDT:USDT|aave_trend|short,2026-05-27 06:00:00+00:00,AAVE/USDT:USDT,AAVE,short,aave_trend,21.27073949954232,0.0071512309495896,0.0371629542790152,0.017936694021102,-0.0067763400793279,-0.0252763452915818,-0.0096131301289567,0.0041200706297821,-0.0079088160037218,-0.0087158628704241,-0.0134166088364561,-0.0186262228325606,0.0094635358062024,0.6254666919203694,0.0060679311586371,0.0053911754971982,16.295573785876705,0.004831732421947,-0.0139170389411706,0.0034402149208422,-0.7273570925768513,0,sl,1779861600000,1779876000000,5
1779865200000|SUI/USDT:USDT|sui_trend_discovery|short,2026-05-27 07:00:00+00:00,SUI/USDT:USDT,SUI,short,sui_trend_discovery,26.148511011501206,0.0063713290194126,0.0525634644101542,0.020706819313091,-0.0064626381731168,-0.0496893741046156,-0.0159283225485316,-0.0001990643973325,0.0066138891672511,-0.0015902991750323,-0.0266472868217054,-0.0435079118232805,0.0113481059620901,-1.0821992501243056,0.00634254182154,0.0065273829494232,16.103364245548217,0.0046842592147293,-0.0097815612159337,0.0034497230996721,-0.2752492575949046,0,sl,1779865200000,1779894000000,9
1779876000000|BNB/USDT:USDT|bnb_trend|short,2026-05-27 10:00:00+00:00,BNB/USDT:USDT,BNB,short,bnb_trend,23.347410726226368,0.003618320610687,0.0206106870229007,0.0061526717557251,-0.0018224783602129,-0.0026665168158646,-0.0072290076335878,0.0009627580726501,0.0026175205498324,-0.002087237381355,-0.0122600395095984,-0.0008455795060031,0.0043406152752749,-1.478671846510866,0.0019899964835604,0.0031869149378847,15.065397243172974,0.0043549686569649,-0.0198311080562181,0.0026772377971924,-2.106086393147245,0,sl,1779876000000,1779883200000,2
1779876000000|ENA/USDT:USDT|ena_trend_discovery|short,2026-05-27 10:00:00+00:00,ENA/USDT:USDT,ENA,short,ena_trend_discovery,22.40909073005585,0.0083901415836393,0.0906135291033035,0.010487676979549,-0.0157779577081657,-0.0650840451881768,-0.0400629260618773,0.0042127435492365,-0.0096593269630245,-0.0158943131386107,-0.0647376164786659,-0.0500965080655969,0.0134337233429056,0.0290182226238766,0.0079525050806517,0.0080465243367224,15.065397243172974,0.0043549686569649,-0.0198311080562181,0.0026772377971924,-1.9634032015592504,0,sl,1779876000000,1779883200000,2
1779879600000|AAVE/USDT:USDT|aave_trend|short,2026-05-27 11:00:00+00:00,AAVE/USDT:USDT,AAVE,short,aave_trend,21.917930114240846,0.0056424121311861,0.0399670859292348,0.0152815328552956,-0.0059024147770765,-0.0266049669142066,-0.0123427765369696,-0.0004699800258489,-0.0052619270346118,-0.0078143223699557,-0.0276603040347468,-0.0208254727150228,0.0086785195476384,-0.0740140789396911,0.0050425389310661,0.0053137157755473,15.09992484523855,0.0043039335695094,-0.0183529283678466,0.0026376285485023,-0.7028781135447494,0,sl,1779879600000,1779883200000,2
1779879600000|ONDO/USDT:USDT|ondo_trend_discovery|short,2026-05-27 11:00:00+00:00,ONDO/USDT:USDT,ONDO,short,ondo_trend_discovery,24.993686429874785,0.0171500630517024,0.0832282471626733,0.0045397225725095,-0.0276733907727298,-0.0313967330326559,-0.0393442622950819,-0.0104816571000748,-0.0246002460024599,-0.0217123118677522,-0.0570749108204517,-0.0038293123160386,0.0184414901120471,-1.3753056245974684,0.0090024589687713,0.0109655081485507,15.09992484523855,0.0043039335695094,-0.0183529283678466,0.0026376285485023,0.1169548070087919,1,tp,1779879600000,1779908400000,9
1779879600000|RENDER/USDT:USDT|render_trend_discovery|long,2026-05-27 11:00:00+00:00,RENDER/USDT:USDT,RENDER,long,render_trend_discovery,29.458251106450685,0.0282062582635522,0.0731599823710885,0.0449537241075364,0.001393705082867,0.1076026144335703,-0.0141031291317761,0.0206927575348629,0.0337129840546699,-0.0091703056768558,-0.0274324903557651,0.1060610914684292,0.0256609835937909,0.7536986477691849,0.0141536523154006,0.0148946907883247,15.09992484523855,0.0043039335695094,-0.0183529283678466,0.0026376285485023,0.0515762212681043,1,sl,1779879600000,1779886800000,2
1779879600000|INJ/USDT:USDT|inj_trend_discovery|long,2026-05-27 11:00:00+00:00,INJ/USDT:USDT,INJ,long,inj_trend_discovery,18.115771420920115,0.0192005585617036,0.0652818991097922,0.0345610054110665,0.0028754019625512,0.0780249708005073,-0.0153604468493629,0.0057935393258428,-0.0236877982276755,0.0095154185022026,-0.0173241852487135,0.0749341031706372,0.023586382217602,0.7170403109456195,0.0130932728733492,0.0125578948059819,15.09992484523855,0.0043039335695094,-0.0183529283678466,0.0026376285485023,-0.1097568508779617,0,sl,1779879600000,1779886800000,3
1779883200000|BCH/USDT:USDT|bch_trend|short,2026-05-27 12:00:00+00:00,BCH/USDT:USDT,BCH,short,bch_trend,26.90857089544256,0.0110091743119265,0.0316586573467307,0.0109509247123927,-0.0037283463817407,-0.0538857717331574,-0.0103538663171689,0.0026281208935612,-0.0008148299042574,-0.0053592120509848,-0.0294267299864313,-0.0503451294325748,0.0072746695372242,-0.8482122938784122,0.0039608107876535,0.0052726135612108,15.700016003598988,0.0045810602394553,-0.0187278936534761,0.0026384312166852,-1.036439412690593,0,sl,1779883200000,1779894000000,3
1779886800000|BNB/USDT:USDT|bnb_trend|short,2026-05-27 13:00:00+00:00,BNB/USDT:USDT,BNB,short,bnb_trend,21.782222385963436,0.0084097976440312,0.0240345582941438,0.0035385487354665,-0.0043725011758804,-0.0058888455622466,-0.0102480047793386,-0.0043163931425782,-0.0023839723703715,-0.0072840632603407,-0.0166598882311296,-0.0015230037219311,0.0047177731845858,-0.4281780957707136,0.0021599283676947,0.0031957265105922,17.796256313546387,0.0051449811873422,-0.0277839666732296,0.0029738874146263,-0.480654250486236,0,sl,1779886800000,1779894000000,3
1779890400000|XLM/USDT:USDT|xlm_trend_discovery|long,2026-05-27 14:00:00+00:00,XLM/USDT:USDT,XLM,long,xlm_trend_discovery,24.097168715492717,0.0583937047214588,0.0035598301274043,0.0879340494629028,0.0715558317132043,0.0785167401500012,0.0421871096677492,0.0580150654156206,0.0887332562725233,0.0802860612602889,0.0714668094218418,0.00649607629466,0.0129108648334474,5.3331423881566105,0.0132339564257734,0.0089604470510997,19.903371093766136,0.0052707017590491,-0.0243633705199185,0.0029028775374657,1.8811848181812767,1,sl,1779890400000,1779897600000,2
1779894000000|NEAR/USDT:USDT|near_trend_discovery|long,2026-05-27 15:00:00+00:00,NEAR/USDT:USDT,NEAR,long,near_trend_discovery,23.247442838739765,0.0399534522885958,0.0717610550814585,0.0496508921644684,0.0071176686529943,0.1362197118776085,-0.011055081458495,0.014162077104642,0.0226100753669178,0.0357573322619526,-0.0669562070213536,0.1281896319000006,0.0263835914548818,-0.8834455993308994,0.0129175882547065,0.0162893755434242,20.862988356494675,0.0053830223662103,-0.0154056973098215,0.002937745536429,-1.677618155544798,0,sl,1779894000000,1779901200000,3
1779897600000|BCH/USDT:USDT|bch_trend|short,2026-05-27 16:00:00+00:00,BCH/USDT:USDT,BCH,short,bch_trend,24.50601018237509,0.0102067521591206,0.0136090028788275,0.0168077001366715,-0.0008309543544989,-0.0503662359694847,0.0015993486289219,-0.0041122469664939,0.001572739187418,0.0039704551426151,-0.0103884892086331,-0.049576477404766,0.0086796576299904,0.5707083321909394,0.0045780392346096,0.0054281309011304,21.75406152902832,0.0054003167046169,-0.0164722883506285,0.0029239060036398,5.875164438798217,1,tp,1779897600000,1779915600000,8
1779901200000|BNB/USDT:USDT|bnb_trend|short,2026-05-27 17:00:00+00:00,BNB/USDT:USDT,BNB,short,bnb_trend,19.1849604953286,0.0090265731259882,0.0138622373006249,0.0013969696504505,-0.0061703666768074,-0.0079296461511918,-0.0062326338250872,-0.0076776601416712,-0.0021445749911919,-0.0034878918141627,-0.0071029006051185,-0.0017702022714916,0.0053940278712347,1.3067469913346133,0.0026829341551528,0.0033914186340644,23.192514930191862,0.0056849669350408,-0.0141141568391878,0.0026904267659908,2.928974260303897,1,tp,1779901200000,1779904800000,1
1779901200000|SUI/USDT:USDT|sui_trend_discovery|short,2026-05-27 17:00:00+00:00,SUI/USDT:USDT,SUI,short,sui_trend_discovery,22.54581242514661,0.0309098377490244,0.0462107208872457,0.0055452865064694,-0.0273182748722942,-0.0736668038201028,-0.0203327171903882,-0.024346257889991,-0.0237593984962406,-0.0304659498207885,-0.0360324688180557,-0.0476502516192779,0.0142933779872256,2.138804871342464,0.0070586166344853,0.0071827247151572,23.192514930191862,0.0056849669350408,-0.0141141568391878,0.0026904267659908,1.602319883908085,1,tp,1779901200000,1779915600000,4
1779901200000|XLM/USDT:USDT|xlm_trend_discovery|long,2026-05-27 17:00:00+00:00,XLM/USDT:USDT,XLM,long,xlm_trend_discovery,34.59745562822518,0.0303787973496687,0.027940992624078,0.0871358919864983,0.0485894703177368,0.0747664045833362,0.02959744968121,-0.0192496321726335,0.0570899960354169,0.0834349180549911,0.0860090964632409,0.0249639491970746,0.0166152579993102,4.836517248036814,0.0137711985679802,0.0093736823694908,23.192514930191862,0.0056849669350408,-0.0141141568391878,0.0026904267659908,-1.0317827460509617,0,sl,1779901200000,1779904800000,1
1779904800000|NEAR/USDT:USDT|near_trend_discovery|long,2026-05-27 18:00:00+00:00,NEAR/USDT:USDT,NEAR,long,near_trend_discovery,20.511302488162947,0.0374045801526717,0.0217557251908396,0.064885496183206,0.0221563513082789,0.1502019941124033,0.0215648854961831,0.0351639668115368,0.0306845003933911,0.031090121999213,-0.0007627765064834,0.1252701141466627,0.0264427211903272,-0.8096546626247306,0.0138208432654643,0.0168619528589373,24.551685268485315,0.0056255095259177,-0.0108490080793853,0.0027448156868004,3.064035641479965,1,tp,1779904800000,1779908400000,1
1779908400000|XLM/USDT:USDT|xlm_trend_discovery|long,2026-05-27 19:00:00+00:00,XLM/USDT:USDT,XLM,long,xlm_trend_discovery,41.10941437668836,0.0475383031550899,0.0333676497305152,0.1156058862714224,0.0660414305837396,0.1069214872840976,0.0411191182704536,-0.0038006756756756,0.0214016205851426,0.1193736442516268,0.1184638309401246,0.038347530900345,0.0201952950096618,4.7040847047892,0.0153451577026395,0.0102454175134123,25.492664782042464,0.0053709253227471,-0.013000422211203,0.0026706210316485,6.847020516198735,1,tp,1779908400000,1779933600000,7
1779912000000|NEAR/USDT:USDT|near_trend_discovery|long,2026-05-27 20:00:00+00:00,NEAR/USDT:USDT,NEAR,long,near_trend_discovery,22.23606811329484,0.0328495034377388,0.0458365164247517,0.0641711229946523,0.0156621274389561,0.1456787418377989,0.0091673032849501,-0.0194756554307116,0.0218579234972677,0.0380650277557494,-0.0128205128205128,0.1280116791660691,0.0283560984562391,-0.060855360494896,0.0147588910297844,0.0171180308182138,25.06056379110963,0.0053241218378684,-0.0110985515627874,0.002737955754118,-3.226005168399287,0,sl,1779912000000,1779915600000,1
1779912000000|ONDO/USDT:USDT|ondo_trend_discovery|short,2026-05-27 20:00:00+00:00,ONDO/USDT:USDT,ONDO,short,ondo_trend_discovery,26.25470041293073,0.0114971257185703,0.0359910022494375,0.0224943764058985,-0.0052811827112515,-0.0203996895225331,-0.0067483129217695,0.0088250126071609,0.0040150564617313,-0.0084262701363073,-0.0307655038759689,-0.0151987743154284,0.0181461237478495,-1.3985946157870168,0.0090247728696125,0.0108858566562452,25.06056379110963,0.0053241218378684,-0.0110985515627874,0.002737955754118,2.4389050777354364,1,tp,1779912000000,1779926400000,4
1779915600000|BTC/USDT:USDT|btc_trend_loose|short,2026-05-27 21:00:00+00:00,BTC/USDT:USDT,BTC,short,btc_trend_loose,26.08530140697442,0.0125940523831977,0.023046780019855,0.0018780250913822,-0.012486871090628,-0.0299107392507456,-0.0105843774642363,-0.0106024115601774,-0.0053221483146308,-0.0189217614094651,-0.0187717494463778,-0.0176441888720617,0.0058963807806744,1.4023680073013602,0.0034070609942732,0.0032869539816764,26.08530140697442,0.0058963807806744,-0.0187717494463778,0.0034070609942732,4.100812343760453,1,tp,1779915600000,1779919200000,1
1779919200000|BNB/USDT:USDT|bnb_trend|short,2026-05-27 22:00:00+00:00,BNB/USDT:USDT,BNB,short,bnb_trend,18.666906582462097,0.0049738179459059,0.020157864656544,0.0003707193500054,-0.0098835237413525,-0.0136931787197066,-0.0098935726532694,-0.0025883186713298,-0.0102281066536203,-0.011618320610687,-0.0136813077989549,-0.0038476836510686,0.0054918688635537,1.4175290664505866,0.003241580017024,0.0033424417030725,27.16397011087253,0.0059825033546936,-0.0176892522870846,0.0034005873354246,0.8634993182760811,1,tp,1779919200000,1779937200000,5
1779919200000|BCH/USDT:USDT|bch_trend|short,2026-05-27 22:00:00+00:00,BCH/USDT:USDT,BCH,short,bch_trend,24.304704692148835,0.0090188981517192,0.0304684486901829,0.0051324650666034,-0.0158272772860946,-0.0659846213688713,-0.0126679918117897,0.0002077151335311,-0.0162561288816249,-0.0187476347122353,-0.0194897751403554,-0.0509639648866363,0.0096176537590088,1.5931622353760106,0.0060548267964117,0.0051822965887661,27.16397011087253,0.0059825033546936,-0.0176892522870846,0.0034005873354246,1.7855777655268303,1,tp,1779919200000,1779940800000,8
1779919200000|SUI/USDT:USDT|sui_trend_discovery|short,2026-05-27 22:00:00+00:00,SUI/USDT:USDT,SUI,short,sui_trend_discovery,25.761583801942656,0.0151451848757049,0.0606851890536871,0.0028201378734071,-0.0327106452767543,-0.0859694542898701,-0.02893252559014,-0.0054020361520881,-0.0233601958584106,-0.0402005012531329,-0.0420252151290774,-0.055059852311053,0.0150140484237188,2.443599241209746,0.0086160066466032,0.0071743693912099,27.16397011087253,0.0059825033546936,-0.0176892522870846,0.0034005873354246,1.0943699600595491,1,tp,1779919200000,1779937200000,5
1779922800000|BTC/USDT:USDT|btc_trend_loose|short,2026-05-27 23:00:00+00:00,BTC/USDT:USDT,BTC,short,btc_trend_loose,28.17885370580041,0.0045123430993266,0.0233464708182551,0.0027963627128347,-0.0104508501033956,-0.0296111347079599,-0.0102750540527102,0.0003777389434065,-0.0082862583772098,-0.017425885851073,-0.0195954179868388,-0.0193626406597048,0.0058753942917723,1.3040031634408873,0.0033472359570946,0.0030725064599553,28.17885370580041,0.0058753942917723,-0.0195954179868388,0.0033472359570946,3.926868133000641,1,tp,1779922800000,1779937200000,4
1779922800000|ETH/USDT:USDT|eth_trend|short,2026-05-27 23:00:00+00:00,ETH/USDT:USDT,ETH,short,eth_trend,18.761446535515496,0.006107624647922,0.0360280674012946,0.0048030834609873,-0.0165335719487224,-0.039633405816277,-0.0156124919701536,-0.0003161524249878,-0.0161120942805469,-0.0268708104521104,-0.0237772492872613,-0.0234881773375086,0.0082593663541428,1.7629573987132583,0.0052015961128026,0.0044417483400996,28.17885370580041,0.0058753942917723,-0.0195954179868388,0.0033472359570946,-0.139710514889784,0,sl,1779922800000,1779930000000,3
1779926400000|AAVE/USDT:USDT|aave_trend|short,2026-05-28 00:00:00+00:00,AAVE/USDT:USDT,AAVE,short,aave_trend,21.23658071763232,0.0066129614043524,0.0459300228447756,0.0060117830948659,-0.0182002826944293,-0.0447330139410117,-0.0199591198749548,-0.0004807114529502,-0.0231383603476627,-0.0285013433010161,-0.0378297084683016,-0.027024586357998,0.0112366895355065,1.6366186989629332,0.0067163099074704,0.0055777509553038,29.080795615585025,0.0056563466759108,-0.0199026234858057,0.0033364443623574,12.371575495993357,1,tp,1779926400000,1779940800000,4
1779930000000|DOGE/USDT:USDT|doge_trend_loose|short,2026-05-28 01:00:00+00:00,DOGE/USDT:USDT,DOGE,short,doge_trend_loose,20.24624758468165,0.0080613057324839,0.0287619426751592,0.0127388535031847,-0.0076369779434392,-0.0277101299070022,-0.0080115445859872,-0.0001990049751244,0.0013952561291608,-0.0083884338300602,-0.0101467835681213,-0.0202276299271647,0.0094508551281405,1.7844507987795488,0.0052955778005245,0.0043827403655833,30.32100729786022,0.0057157185609727,-0.0202197593563852,0.0033451238300792,0.6141031678355057,1,tp,1779930000000,1779937200000,2
1779930000000|ONDO/USDT:USDT|ondo_trend_discovery|short,2026-05-28 01:00:00+00:00,ONDO/USDT:USDT,ONDO,short,ondo_trend_discovery,32.914007587380695,0.023046357615894,0.0980132450331125,0.0079470198675496,-0.0444732816715187,-0.073105355244965,-0.0450331125827813,-0.0141028989292243,-0.0401728960081362,-0.05625,-0.0761135584924131,-0.0299647022152691,0.0196420087043743,-0.5076618265206242,0.0095581583906646,0.0105551280045992,30.32100729786022,0.0057157185609727,-0.0202197593563852,0.0033451238300792,0.9096686610161092,1,tp,1779930000000,1779937200000,2
1779930000000|TON/USDT:USDT|ton_trend_discovery|short,2026-05-28 01:00:00+00:00,TON/USDT:USDT,TON,short,ton_trend_discovery,22.93876390915936,0.0185939047199911,0.0772912311585432,0.0110573220376279,-0.0305461627888197,-0.0475911528711601,-0.0331169545604577,-0.0067209442106989,-0.0182544826096348,-0.0375900042354934,-0.0661666495427926,-0.0175820543775178,0.0176168046096864,-0.6422384963579031,0.0069317968372747,0.0147830229245747,30.32100729786022,0.0057157185609727,-0.0202197593563852,0.0033451238300792,0.7624372619156817,1,tp,1779930000000,1779973200000,12
1779933600000|ETH/USDT:USDT|eth_trend|short,2026-05-28 02:00:00+00:00,ETH/USDT:USDT,ETH,short,eth_trend,23.583110036302102,0.003619774879754,0.0396241384439927,0.0031982942430703,-0.0153504329006161,-0.0417978759471004,-0.0182129221004612,-0.0013667019896408,-0.0037740695732929,-0.0218076695478399,-0.0282275162869589,-0.0268597518652185,0.0077542700449896,1.1191438516509828,0.0050775215230158,0.0044097847659829,31.502402518906504,0.005592074850182,-0.0210188672777776,0.0033396995694312,0.4440428004044665,1,tp,1779933600000,1779937200000,1
1779933600000|ENA/USDT:USDT|ena_trend_discovery|short,2026-05-28 02:00:00+00:00,ENA/USDT:USDT,ENA,short,ena_trend_discovery,22.48603626490289,0.0068396482466616,0.0744761697969819,0.0105308869829551,-0.0280383465908783,-0.0874472565547073,-0.0319726414070133,-0.0016258400173422,-0.0056137320522509,-0.0445020746887967,-0.0461841151496325,-0.0611226891055365,0.0177563294746299,1.555754722229429,0.0107851913056475,0.0091086577341953,31.502402518906504,0.005592074850182,-0.0210188672777776,0.0033396995694312,0.6310063747212972,1,tp,1779933600000,1779955200000,6
1779937200000|AVAX/USDT:USDT|avax_trend|short,2026-05-28 03:00:00+00:00,AVAX/USDT:USDT,AVAX,short,avax_trend,21.101271220881618,0.0227682596934174,0.0468890892696123,0.002141568981064,-0.0242703411510729,-0.0424893179819871,-0.022373760144274,-0.0194518125552608,-0.0180409518539015,-0.0395149940456858,-0.0290029550180584,-0.0186721564376829,0.0099606720008892,2.2128429460774024,0.0063352758321929,0.0052810096836485,33.837833382223565,0.0065530663031015,-0.0318778458820979,0.0042585500549449,0.8341937182914183,1,tp,1779937200000,1779940800000,1
1779937200000|SOL/USDT:USDT|sol_trend_discovery|short,2026-05-28 03:00:00+00:00,SOL/USDT:USDT,SOL,short,sol_trend_discovery,24.223620183777324,0.0218199851227373,0.0515745102901065,0.0026035209521447,-0.027748096454364,-0.0522078793105918,-0.0244854946689808,-0.0170606873019741,-0.0208788540907987,-0.0441995497096813,-0.0348211080531291,-0.0251578657414062,0.009564077560535,2.303574377144687,0.0058026298331885,0.0046573590740744,33.837833382223565,0.0065530663031015,-0.0318778458820979,0.0042585500549449,0.2285879305535385,1,tp,1779937200000,1779940800000,1
1779937200000|XLM/USDT:USDT|xlm_trend_discovery|long,2026-05-28 03:00:00+00:00,XLM/USDT:USDT,XLM,long,xlm_trend_discovery,50.90886210590892,0.0512594680288884,0.050143855322647,0.1425048441078033,0.0460444293618644,0.1304144242625435,0.0461804943925781,-0.0307876166628727,0.0387923147301005,0.0534421970681016,0.1544875271149672,0.0806562250440439,0.0274355820246236,3.121337756180081,0.0212943174805118,0.0133037959065567,33.837833382223565,0.0065530663031015,-0.0318778458820979,0.0042585500549449,-0.557862797044885,0,sl,1779937200000,1779940800000,1
1779940800000|BTC/USDT:USDT|btc_trend_loose|short,2026-05-28 04:00:00+00:00,BTC/USDT:USDT,BTC,short,btc_trend_loose,36.28788234782496,0.0078214398503796,0.0411565504729639,0.006524018697083,-0.0202695378316552,-0.0445088935891099,-0.0173162658879404,-0.0010843365267089,-0.0187345052963714,-0.0282807188148879,-0.0317409048368541,-0.0247408411736101,0.0066502697531042,2.0383551425981428,0.0042588130025145,0.0033850591084256,36.28788234782496,0.0066502697531042,-0.0317409048368541,0.0042588130025145,-0.1105300275375216,0,time_stop,1779940800000,1779969600000,8
1779940800000|LINK/USDT:USDT|link_trend|short,2026-05-28 04:00:00+00:00,LINK/USDT:USDT,LINK,short,link_trend,26.02973326098004,0.0175300595572536,0.065288234633105,0.0173053152039554,-0.0317403419547679,-0.0637405399723751,-0.0239914597145748,0.0016884286357494,-0.0264741275571601,-0.0488456605386918,-0.0530964034901043,-0.0330491906295163,0.0112849153697509,2.7289069211846657,0.0073118612728362,0.0056459989414648,36.28788234782496,0.0066502697531042,-0.0317409048368541,0.0042588130025145,-0.0770397514255231,0,sl,1779940800000,1779955200000,5
1779940800000|BNB/USDT:USDT|bnb_trend|short,2026-05-28 04:00:00+00:00,BNB/USDT:USDT,BNB,short,bnb_trend,28.25887197633704,0.0077267373380446,0.0372045543776993,0.0055280722418531,-0.019084473321784,-0.0288499236414315,-0.0158382410679231,-0.0019748906756946,-0.0193285076235946,-0.0300099017442303,-0.0273725693861028,-0.0099554447391789,0.0061491231046338,2.619573838561445,0.0038836272171374,0.0035070645044537,36.28788234782496,0.0066502697531042,-0.0317409048368541,0.0042588130025145,0.231202865635672,1,tp,1779940800000,1779969600000,8
1779940800000|XRP/USDT:USDT|xrp_trend|short,2026-05-28 04:00:00+00:00,XRP/USDT:USDT,XRP,short,xrp_trend,26.69831369994455,0.013166095356809,0.0461202866936739,0.0130881894671238,-0.0221910019153845,-0.0504371337759583,-0.016516048613275,0.0039890496675791,-0.0194790313956152,-0.0359744648892225,-0.0350323259660201,-0.0288871670396813,0.0089118446613617,2.962647076023712,0.005469020773695,0.003971188376832,36.28788234782496,0.0066502697531042,-0.0317409048368541,0.0042588130025145,-4.616978445476071,0,sl,1779940800000,1779962400000,7
1779940800000|ETH/USDT:USDT|eth_trend|short,2026-05-28 04:00:00+00:00,ETH/USDT:USDT,ETH,short,eth_trend,29.134049762110735,0.0102311213854159,0.0582472327517022,0.0079395924712675,-0.0268871771259639,-0.0575632452055617,-0.0251538201402173,0.0002776852160391,-0.0226961059973757,-0.0425792047629173,-0.0434343873269698,-0.0315236500419321,0.0092105333474175,2.4161293122513743,0.0060946739268664,0.0048138026241772,36.28788234782496,0.0066502697531042,-0.0317409048368541,0.0042588130025145,-0.0540848010734759,0,sl,1779940800000,1779948000000,3
1779940800000|DOGE/USDT:USDT|doge_trend_loose|short,2026-05-28 04:00:00+00:00,DOGE/USDT:USDT,DOGE,short,doge_trend_loose,26.86320899160218,0.0128335709920553,0.0528620900387044,0.0117131798737013,-0.0241577816953049,-0.0487389714424794,-0.0205744550825016,0.0,-0.0230845771144279,-0.0372622082761325,-0.0328999211977935,-0.0251897174421073,0.0105186232189567,2.4569032888345648,0.0065256997778383,0.004884471739224,36.28788234782496,0.0066502697531042,-0.0317409048368541,0.0042588130025145,-0.0277845056502166,0,sl,1779940800000,1779958800000,6
1779940800000|ADA/USDT:USDT|ada_trend_discovery|short,2026-05-28 04:00:00+00:00,ADA/USDT:USDT,ADA,short,ada_trend_discovery,22.016089015666697,0.0147249891728021,0.05413598960589,0.0095279341706366,-0.0276224835845102,-0.0566706879021173,-0.0223040277176266,-0.0047413793103449,-0.0302393952120958,-0.04151100041511,-0.0359081419624216,-0.0298733813022421,0.0106813026961368,2.9864459910871157,0.0061759168564722,0.0048342390687501,36.28788234782496,0.0066502697531042,-0.0317409048368541,0.0042588130025145,0.0268648650772893,1,tp,1779940800000,1779958800000,6
1779940800000|SUI/USDT:USDT|sui_trend_discovery|short,2026-05-28 04:00:00+00:00,SUI/USDT:USDT,SUI,short,sui_trend_discovery,35.63664610921799,0.0191973969631236,0.101409978308026,0.0177874186550977,-0.0476463870819531,-0.1146788608883417,-0.0418112798264641,0.0,-0.0381806801585645,-0.0762448652439634,-0.0765224358974357,-0.0703861180313041,0.0158984691938649,2.629023325131396,0.0099394150441634,0.0076999026714278,36.28788234782496,0.0066502697531042,-0.0317409048368541,0.0042588130025145,-0.0627322824860562,0,time_stop,1779940800000,1779987600000,13
1779940800000|ONDO/USDT:USDT|ondo_trend_discovery|short,2026-05-28 04:00:00+00:00,ONDO/USDT:USDT,ONDO,short,ondo_trend_discovery,39.95809599605536,0.0380632521690456,0.1600895605933388,0.0173523649594178,-0.0763670941445271,-0.1199298145255075,-0.0713685978169606,-0.0083263946711074,-0.0668581875163227,-0.1033877038895859,-0.1278984622894801,-0.0471645391852214,0.0228826292493804,1.695735389518114,0.0115034379289741,0.011230310949723,36.28788234782496,0.0066502697531042,-0.0317409048368541,0.0042588130025145,-0.035825068731921,0,time_stop,1779940800000,1779984000000,12
1779944400000|AAVE/USDT:USDT|aave_trend|short,2026-05-28 05:00:00+00:00,AAVE/USDT:USDT,AAVE,short,aave_trend,32.10668889121567,0.0109235352532275,0.0798162859980138,0.0085650446871896,-0.0340976803521713,-0.0718097596727234,-0.0356256206554121,-0.0059230009871669,-0.0237518177411535,-0.046288623179827,-0.0516774573278399,-0.0390433675884556,0.012509001886007,2.090346337487452,0.0074534708339172,0.0059310831003511,38.562927815883405,0.0064578041201215,-0.0358962635643345,0.0042128520282997,1.1506514216967163,1,tp,1779944400000,1779976800000,9
1779944400000|AVAX/USDT:USDT|avax_trend|short,2026-05-28 05:00:00+00:00,AVAX/USDT:USDT,AVAX,short,avax_trend,26.480279071228573,0.0144877937485741,0.0595482546201232,0.0069587040839607,-0.0301030343368738,-0.0529724266568212,-0.0262947752680813,-0.0061224489795919,-0.0307386112339673,-0.0373380188886448,-0.0435351882160391,-0.0235791977185034,0.0109832474592402,2.840775715842053,0.0063874408250149,0.0051990755010211,38.562927815883405,0.0064578041201215,-0.0358962635643345,0.0042128520282997,0.0717661869849027,1,tp,1779944400000,1779948000000,2
1779944400000|BCH/USDT:USDT|bch_trend|short,2026-05-28 05:00:00+00:00,BCH/USDT:USDT,BCH,short,bch_trend,38.07187638230774,0.0266892411882407,0.0692319532091733,0.0023703247652764,-0.0368326301341268,-0.0950590623659444,-0.0334308142219484,-0.0200898917076407,-0.0287328828559467,-0.0468855441129008,-0.0551467380239084,-0.0604530780978658,0.0125264161263168,3.830529462022133,0.0070965958573823,0.0055276874887662,38.562927815883405,0.0064578041201215,-0.0358962635643345,0.0042128520282997,0.512100301498953,1,tp,1779944400000,1779962400000,6
1779944400000|SOL/USDT:USDT|sol_trend_discovery|short,2026-05-28 05:00:00+00:00,SOL/USDT:USDT,SOL,short,sol_trend_discovery,29.496558668106356,0.0071924603174604,0.0518353174603173,0.0090525793650794,-0.0232224387252103,-0.0514787607072034,-0.0213913690476189,-0.0023506123963874,-0.0194552529182878,-0.0327455919395466,-0.0380532029106525,-0.0289281030832811,0.0095684211151056,2.147277292351063,0.005770357626902,0.0044605546810549,38.562927815883405,0.0064578041201215,-0.0358962635643345,0.0042128520282997,-0.0250305034250347,0,sl,1779944400000,1779955200000,4
1779944400000|XLM/USDT:USDT|xlm_trend_discovery|long,2026-05-28 05:00:00+00:00,XLM/USDT:USDT,XLM,long,xlm_trend_discovery,49.51080649814133,0.0252354718322375,0.059475149576447,0.1318049878561696,0.0281715004464292,0.117552278105032,0.0361649191398613,-0.0191167925624637,-0.0329399633363887,0.0551943992999124,0.1432344575375861,0.0869317790074845,0.0275313032073768,2.715197468931226,0.0218800966014496,0.0135639925757614,38.562927815883405,0.0064578041201215,-0.0358962635643345,0.0042128520282997,0.968807631513638,1,tp,1779944400000,1779969600000,7
1779958800000|ENA/USDT:USDT|ena_trend_discovery|short,2026-05-28 09:00:00+00:00,ENA/USDT:USDT,ENA,short,ena_trend_discovery,36.86913504716954,0.0077132486388384,0.1226179673321234,0.0057849364791288,-0.0392278266398681,-0.1194711580512735,-0.0584165154264973,0.0021598272138227,-0.0028277344191833,-0.0542801973825358,-0.0715113217482885,-0.0835196247730285,0.0179649601057414,1.215492497270149,0.0125254030445058,0.0096919881635171,43.00577508920557,0.0060032334991908,-0.0311233123691937,0.0044418173685994,0.0210775941323276,1,sl,1779958800000,1779976800000,5
1779962400000|LINK/USDT:USDT|link_trend|short,2026-05-28 10:00:00+00:00,LINK/USDT:USDT,LINK,short,link_trend,35.44109891351469,0.0080045095828635,0.0687711386696732,0.0140924464487034,-0.0195394174814475,-0.0631418323253131,-0.0273393461104849,-0.0051592642440557,0.0029398462234282,-0.0297527893239991,-0.0498125334761651,-0.0444713592991796,0.0103590984148272,1.3611529310384771,0.0077686961174704,0.0057959358138662,43.2562264019253,0.0058532719513416,-0.0328022492970946,0.0044363869713763,-0.0828513138185716,0,sl,1779962400000,1779984000000,7
1779962400000|AVAX/USDT:USDT|avax_trend|short,2026-05-28 10:00:00+00:00,AVAX/USDT:USDT,AVAX,short,avax_trend,33.48714451374095,0.0097727272727273,0.0554545454545453,0.0107954545454546,-0.0170480851033411,-0.0471118682679009,-0.0223295454545454,-0.0072202166064981,0.0002273243919073,-0.0249307479224376,-0.0385665901890089,-0.0305852022962084,0.0101002664972045,1.614441046156461,0.0068548926529375,0.0053343371363287,43.2562264019253,0.0058532719513416,-0.0328022492970946,0.0044363869713763,-0.0771078665693539,0,sl,1779962400000,1779984000000,8
1779962400000|DOGE/USDT:USDT|doge_trend_loose|short,2026-05-28 10:00:00+00:00,DOGE/USDT:USDT,DOGE,short,doge_trend_loose,35.519301474374416,0.0076483785437487,0.054150520089741,0.0105037732000814,-0.0147201394990843,-0.0471947981333692,-0.0218233734448298,-0.0058799675587998,0.001225239942822,-0.0230148450732291,-0.0353172651254305,-0.0329598319585815,0.0096274087910301,1.2853520636609022,0.0070050488491829,0.0051172435692803,43.2562264019253,0.0058532719513416,-0.0328022492970946,0.0044363869713763,0.0046145345460055,1,sl,1779962400000,1779976800000,4
1779962400000|SOL/USDT:USDT|sol_trend_discovery|short,2026-05-28 10:00:00+00:00,SOL/USDT:USDT,SOL,short,sol_trend_discovery,36.55892125767488,0.0075588599752168,0.0510532837670382,0.0097893432465923,-0.0150241530869609,-0.0485672086930365,-0.0206319702602229,-0.0057903166194406,-0.0024721878862793,-0.020631067961165,-0.0381406436233612,-0.0340546986113426,0.0086294992968492,1.0306151959856258,0.0059562318840145,0.0045739317264115,43.2562264019253,0.0058532719513416,-0.0328022492970946,0.0044363869713763,-0.0254950054039885,0,sl,1779962400000,1779984000000,7
1779962400000|ADA/USDT:USDT|ada_trend_discovery|short,2026-05-28 10:00:00+00:00,ADA/USDT:USDT,ADA,short,ada_trend_discovery,31.264352923195432,0.0100130605137135,0.0596430126251633,0.0082716586852415,-0.0194057906486752,-0.0583354612439282,-0.0256856769699608,-0.0069174232598357,-0.001304347826087,-0.028752642706131,-0.0405179615705931,-0.03970008207677,0.010326715262538,1.84707601999517,0.0066492200539745,0.0049396805033717,43.2562264019253,0.0058532719513416,-0.0328022492970946,0.0044363869713763,-0.0288949992267374,0,sl,1779962400000,1779984000000,7
1779966000000|XRP/USDT:USDT|xrp_trend|short,2026-05-28 11:00:00+00:00,XRP/USDT:USDT,XRP,short,xrp_trend,34.43775721595682,0.0038070080024863,0.0432755807629555,0.0157718902960142,-0.0102536426493296,-0.0448088983966477,-0.0137518452334706,-0.0005435626650102,-0.0041008975549365,-0.0151503558038105,-0.0316731868793259,-0.0349132436716562,0.0074748695537344,1.0863103822443108,0.0055595049351236,0.0040651933222155,43.54448522243103,0.0056503967999969,-0.029823905864831,0.0044722182872861,-4.415677103160914,0,sl,1779966000000,1779976800000,3
1779966000000|BCH/USDT:USDT|bch_trend|short,2026-05-28 11:00:00+00:00,BCH/USDT:USDT,BCH,short,bch_trend,50.08378929591106,0.0807560708235059,0.153838487858353,0.020463076769757,-0.0851137769624594,-0.1561053824173302,-0.066687705544298,-0.0557995106956904,-0.0775288818067601,-0.0997637489159365,-0.1209519637903344,-0.0775961028456297,0.0180608948924757,5.013504690452925,0.0133098501549637,0.0087432071828896,43.54448522243103,0.0056503967999969,-0.029823905864831,0.0044722182872861,0.9729940222127488,1,tp,1779966000000,1779969600000,1
1779973200000|BTC/USDT:USDT|btc_trend_loose|short,2026-05-28 13:00:00+00:00,BTC/USDT:USDT,BTC,short,btc_trend_loose,44.91097966749896,0.0111072292210416,0.0342163491508935,0.0043924727868089,-0.0117965886162079,-0.0430620985767979,-0.0149119381820422,-0.0069118937636486,-0.0071496488428751,-0.0178232610714141,-0.0275240725714582,-0.0316387391506861,0.0060011163405686,0.9647549347586812,0.0044197080810774,0.0035610927077182,44.91097966749896,0.0060011163405686,-0.0275240725714582,0.0044197080810774,-0.0001066968347537,0,sl,1779973200000,1779976800000,1
1779973200000|BNB/USDT:USDT|bnb_trend|short,2026-05-28 13:00:00+00:00,BNB/USDT:USDT,BNB,short,bnb_trend,44.204324871486655,0.0072840131745629,0.0457942741322524,0.0032461363060551,-0.0131241508834096,-0.0340582223502719,-0.0212740689130986,-0.0029051408361753,-0.004445565469622,-0.0239861523244312,-0.0326128582589114,-0.0212124670855017,0.0055697604751156,0.8978661279408613,0.0037771078120212,0.0031800566425314,44.91097966749896,0.0060011163405686,-0.0275240725714582,0.0044197080810774,-0.2384132406179054,0,sl,1779973200000,1779984000000,3
1779973200000|BCH/USDT:USDT|bch_trend|short,2026-05-28 13:00:00+00:00,BCH/USDT:USDT,BCH,short,bch_trend,55.09368216642317,0.0151382628002422,0.1684720446746955,0.0080400995761285,-0.0811580249526148,-0.1639804146090086,-0.0802159725492835,-0.0094635121626125,-0.0851568030037239,-0.1112240626681815,-0.1271691575887482,-0.0901377950785527,0.0179160350078755,3.713695963781041,0.013227736565823,0.0087857140026546,44.91097966749896,0.0060011163405686,-0.0275240725714582,0.0044197080810774,-0.0574806096901787,0,sl,1779973200000,1779987600000,6
1779973200000|XLM/USDT:USDT|xlm_trend_discovery|long,2026-05-28 13:00:00+00:00,XLM/USDT:USDT,XLM,long,xlm_trend_discovery,48.21714080881786,0.0768841423293009,0.0364933947461658,0.2339930151338765,0.1442554666239814,0.2905051987825714,0.0987498101938553,0.0395138377354518,0.1479286502817964,0.1318171402383134,0.3054711246200607,0.1278121332381187,0.0307335643867177,2.2097569574177114,0.0264714612651629,0.0165885122651831,44.91097966749896,0.0060011163405686,-0.0275240725714582,0.0044197080810774,0.0328970424695475,1,sl,1779973200000,1779976800000,1
1779973200000|RENDER/USDT:USDT|render_trend_discovery|short,2026-05-28 13:00:00+00:00,RENDER/USDT:USDT,RENDER,short,render_trend_discovery,45.34281378377498,0.0220399794976935,0.1629933367503844,0.0025627883136853,-0.0481351959649093,-0.0518432461752072,-0.0802152742183495,-0.0151438667339727,-0.0307998012916045,-0.0660603159406414,-0.1286288521661455,-0.0038955639441431,0.0213848792733399,-1.630637233007578,0.0111149574855782,0.0141416501064178,44.91097966749896,0.0060011163405686,-0.0275240725714582,0.0044197080810774,-0.3251123718939814,0,sl,1779973200000,1779991200000,5
1779976800000|TON/USDT:USDT|ton_trend_discovery|short,2026-05-28 14:00:00+00:00,TON/USDT:USDT,TON,short,ton_trend_discovery,39.82521433824196,0.0258758873368445,0.0970918250515229,0.0176894893519578,-0.0319279738054406,-0.0774422145780974,-0.0397011678497824,0.0052368072739827,-0.0221127470189778,-0.0358759244949774,-0.0772319070258849,-0.0470153454919783,0.017787496925264,-0.93495385490374,0.0082554123754629,0.0145048639473522,46.05073172480623,0.0065515572845515,-0.0267090840485488,0.0044266225888536,-0.3633002129131891,0,sl,1779976800000,1779991200000,4
1779980400000|BTC/USDT:USDT|btc_trend_loose|short,2026-05-28 15:00:00+00:00,BTC/USDT:USDT,BTC,short,btc_trend_loose,47.10907292087727,0.0067655156236496,0.0341828637116232,0.0047065052929323,-0.0107864556263972,-0.0434084803333703,-0.0147381792093454,-0.0013479913695674,-0.007893400980687,-0.004443867831122,-0.0318844621513944,-0.0329777376103663,0.0065750517176947,1.5138805638590136,0.0042908023664565,0.0034991556328538,47.10907292087727,0.0065750517176947,-0.0318844621513944,0.0042908023664565,-0.3679846585741649,0,sl,1779980400000,1779998400000,5
1779980400000|AAVE/USDT:USDT|aave_trend|short,2026-05-28 15:00:00+00:00,AAVE/USDT:USDT,AAVE,short,aave_trend,43.62322984031443,0.0110887096774194,0.0902217741935483,0.0170110887096773,-0.0257170017859068,-0.0792337118451535,-0.0366053427419355,-0.0048902821316614,-0.0125668781883787,-0.0186719426239644,-0.0793503480278422,-0.0549293276772204,0.0123484903701269,1.5399059969010251,0.0072505535562547,0.0061769540947313,47.10907292087727,0.0065750517176947,-0.0318844621513944,0.0042908023664565,-7.599832521718738,0,sl,1779980400000,1779998400000,5
1779980400000|DOGE/USDT:USDT|doge_trend_loose|short,2026-05-28 15:00:00+00:00,DOGE/USDT:USDT,DOGE,short,doge_trend_loose,40.79668133125144,0.0115853658536585,0.045020325203252,0.0203252032520325,-0.0056933511248037,-0.0416944730948775,-0.0123475609756098,0.001628664495114,0.0039791857973676,0.002240782236708,-0.0404680643588493,-0.0362072626294915,0.0103000804039786,1.6063047492300069,0.0066046019491788,0.005162374150707,47.10907292087727,0.0065750517176947,-0.0318844621513944,0.0042908023664565,-0.0378762582170216,0,sl,1779980400000,1779984000000,2
1779980400000|ENA/USDT:USDT|ena_trend_discovery|short,2026-05-28 15:00:00+00:00,ENA/USDT:USDT,ENA,short,ena_trend_discovery,47.20370886853886,0.0139747995418098,0.1274914089347079,0.0213058419243986,-0.0264672675895545,-0.1214351162770941,-0.0530927835051546,0.0031023784901758,-0.0014869038087611,-0.0258870787770587,-0.110091743119266,-0.097549723317881,0.0177164981365716,0.9672408415640738,0.011720056899192,0.0098643437835232,47.10907292087727,0.0065750517176947,-0.0318844621513944,0.0042908023664565,-0.3877607722959595,0,sl,1779980400000,1779991200000,3
1779980400000|XLM/USDT:USDT|xlm_trend_discovery|long,2026-05-28 15:00:00+00:00,XLM/USDT:USDT,XLM,long,xlm_trend_discovery,51.71065733819276,0.0558018651582326,0.0435713193701269,0.1911532385466034,0.1095364573642551,0.2747169538449781,0.0737909595882382,0.0047619047619047,0.1028494351711346,0.1521930597146379,0.2137687882724066,0.1488734285244806,0.0351114197361168,2.4618636433206924,0.0249286473841109,0.0166886643876111,47.10907292087727,0.0065750517176947,-0.0318844621513944,0.0042908023664565,1.3934803042750283,1,tp,1779980400000,1779991200000,3
1779991200000|NEAR/USDT:USDT|near_trend_discovery|long,2026-05-28 18:00:00+00:00,NEAR/USDT:USDT,NEAR,long,near_trend_discovery,24.803613969110664,0.0297889946214313,0.1328092676872156,0.061232933388498,0.0081367577940871,0.0474284670142746,-0.0357881671493587,0.0258913412563666,0.0527003484320558,0.0185419300463547,-0.0774809160305344,0.0389745824824025,0.0251298965051732,-1.378951936221037,0.01479849555381,0.0162940216171148,44.28379593158514,0.0064464287705242,-0.0183146666666667,0.0045139068480517,1.4621944604649533,1,tp,1779991200000,1780012800000,8
1779994800000|LINK/USDT:USDT|link_trend|short,2026-05-28 19:00:00+00:00,LINK/USDT:USDT,LINK,short,link_trend,27.929843332157414,0.0093468343162345,0.0405029487036831,0.0269277845777234,-0.0008264531373169,-0.0462458828566276,-0.0067875820629798,-0.0086045228902371,0.0104564875196762,0.0100022476961114,-0.0355226443442798,-0.0454569977977536,0.0105182064677359,1.1805492232778363,0.0076429662140671,0.0060316884946005,43.39839265676844,0.0062876874674495,-0.0219403277456392,0.0045309085472172,0.1724288365338038,1,tp,1779994800000,1780002000000,4
1779994800000|SUI/USDT:USDT|sui_trend_discovery|short,2026-05-28 19:00:00+00:00,SUI/USDT:USDT,SUI,short,sui_trend_discovery,38.27841777212304,0.0132729038523793,0.0656091507499731,0.0266537174921764,-0.0068896445825098,-0.095594753502081,-0.0194777166288982,-0.012257514389256,0.0102474653875503,0.0025965595585848,-0.0562175374274366,-0.0893204953867193,0.014547425934764,0.9994579779399568,0.0102235845318735,0.008206091056869,43.39839265676844,0.0062876874674495,-0.0219403277456392,0.0045309085472172,0.0581389045549951,1,tp,1779994800000,1780002000000,3
1779994800000|ENA/USDT:USDT|ena_trend_discovery|short,2026-05-28 19:00:00+00:00,ENA/USDT:USDT,ENA,short,ena_trend_discovery,44.97894840776751,0.0121205256003625,0.0957181694608065,0.0321703670140461,-0.0120848975686865,-0.1078285437658383,-0.0317739012233801,-0.0099809352921386,0.011225658648339,-0.0133005476696098,-0.0814691499323692,-0.0969148522595933,0.0170171413885374,0.5848609497547065,0.0112400730338054,0.0100987923176451,43.39839265676844,0.0062876874674495,-0.0219403277456392,0.0045309085472172,0.0547964409204947,1,tp,1779994800000,1780016400000,7
1779994800000|XLM/USDT:USDT|xlm_trend_discovery|long,2026-05-28 19:00:00+00:00,XLM/USDT:USDT,XLM,long,xlm_trend_discovery,57.68540123240294,0.0547604849930431,0.0798548996223414,0.2064698867024448,0.0819040754825452,0.2905776152755638,0.0633074935400516,-0.0180540646042745,0.0255312643326708,0.209229659896647,0.2186761945134137,0.1928761934831857,0.0413013414536432,2.529535579357558,0.0264153089002693,0.0180277575690364,43.39839265676844,0.0062876874674495,-0.0219403277456392,0.0045309085472172,0.1552750431316896,1,tp,1779994800000,1780002000000,3
1779994800000|ONDO/USDT:USDT|ondo_trend_discovery|short,2026-05-28 19:00:00+00:00,ONDO/USDT:USDT,ONDO,short,ondo_trend_discovery,38.77220959334898,0.0138173936602546,0.0856136548360878,0.0487672717420752,-0.0011589038239294,-0.0772345142863414,-0.0184231915470063,-0.0133654103180967,0.0221545278316255,0.0196132596685083,-0.0693393847705496,-0.0761638770707946,0.0193722747613553,-0.7081695117203743,0.0144483971538594,0.0121932927160397,43.39839265676844,0.0062876874674495,-0.0219403277456392,0.0045309085472172,0.0694237458459479,1,tp,1779994800000,1779998400000,2
1779994800000|RENDER/USDT:USDT|render_trend_discovery|short,2026-05-28 19:00:00+00:00,RENDER/USDT:USDT,RENDER,short,render_trend_discovery,43.42547502523159,0.0176856998484082,0.1131884790298129,0.0247599797877716,-0.0206792861306412,-0.0362229258505431,-0.0442142496210206,-0.0164015904572564,0.0045685279187817,-0.0149328023892483,-0.1000454752160071,-0.0158718584216277,0.0208270854877857,-1.7496506747679343,0.0116511062845449,0.0134681670284884,43.39839265676844,0.0062876874674495,-0.0219403277456392,0.0045309085472172,-0.0587491284577621,0,sl,1779994800000,1780002000000,3
1779994800000|TON/USDT:USDT|ton_trend_discovery|short,2026-05-28 19:00:00+00:00,TON/USDT:USDT,TON,short,ton_trend_discovery,38.53383155027108,0.0096381467703754,0.0775560816142486,0.0328598805095254,-0.0096280620143107,-0.0599958613376145,-0.0223481005523616,-0.0029223333707991,0.0151047030552695,-0.0169003158419681,-0.0666035353535353,-0.0508574580836231,0.0159180839157398,-1.4562383015775549,0.0089568506899496,0.0112692596912228,43.39839265676844,0.0062876874674495,-0.0219403277456392,0.0045309085472172,0.0540889195336374,1,tp,1779994800000,1780005600000,4
1780005600000|BTC/USDT:USDT|btc_trend_loose|short,2026-05-28 22:00:00+00:00,BTC/USDT:USDT,BTC,short,btc_trend_loose,40.510921940564906,0.0069272839410364,0.0152024474224867,0.0121540612699747,-0.00230325245904,-0.0339078868748959,-0.0015241930762559,-0.0047102632516806,-0.0024135364488824,0.0010017008471527,-0.0126535824707622,-0.0316775959165471,0.0062626807886677,0.9421759023544796,0.0041896141634302,0.003690961017751,40.510921940564906,0.0062626807886677,-0.0126535824707622,0.0041896141634302,0.0571674336740493,1,tp,1780005600000,1780012800000,3
1780005600000|BNB/USDT:USDT|bnb_trend|short,2026-05-28 22:00:00+00:00,BNB/USDT:USDT,BNB,short,bnb_trend,30.163625240437597,0.0062096257019067,0.0164860087904524,0.0170647396493205,-0.0010122504706522,-0.0202927631959537,0.000289365429434,-0.0046085101745316,-0.0044535106432676,0.0093462370344643,-0.0124499915043481,-0.0193000492091971,0.0057921953458152,0.8979558202854182,0.0037900062537319,0.0033340242467755,40.510921940564906,0.0062626807886677,-0.0126535824707622,0.0041896141634302,0.499910739588747,1,tp,1780005600000,1780020000000,4
1780005600000|AAVE/USDT:USDT|aave_trend|short,2026-05-28 22:00:00+00:00,AAVE/USDT:USDT,AAVE,short,aave_trend,39.2770490875316,0.0122935551968209,0.0389916801192102,0.0312926859555444,-0.0083447661042655,-0.0618037737871135,-0.0038494970818328,-0.0093492434493788,-0.0084954444718049,0.0006212723658052,-0.0345282340246971,-0.0539088645484513,0.0115598252121258,0.8611478380490372,0.0071817158780074,0.0065781753941824,40.510921940564906,0.0062626807886677,-0.0126535824707622,0.0041896141634302,0.8621526376148181,1,tp,1780005600000,1780012800000,4
1780005600000|BCH/USDT:USDT|bch_trend|short,2026-05-28 22:00:00+00:00,BCH/USDT:USDT,BCH,short,bch_trend,59.89854472056204,0.023286334421375,0.1388430864488339,0.0152101490729213,-0.040140874417197,-0.1528197692046928,-0.0618164686879562,-0.0146556583441094,-0.0203079154715984,-0.0679066557932375,-0.1183730382413148,-0.1173910751945812,0.0167380728364764,1.839111618207834,0.0135657773605155,0.0092629950878403,40.510921940564906,0.0062626807886677,-0.0126535824707622,0.0041896141634302,-0.1072526373145939,0,sl,1780005600000,1780012800000,4
1780005600000|SUI/USDT:USDT|sui_trend_discovery|short,2026-05-28 22:00:00+00:00,SUI/USDT:USDT,SUI,short,sui_trend_discovery,35.30904052770224,0.0154344306529952,0.0386400431732326,0.0264436049649217,-0.0062049909987543,-0.0933142920622178,-0.0060982191041554,-0.0073923291193486,-0.0124706885525475,0.0164563905650028,-0.0322749112178818,-0.0876531883079262,0.0142010968940916,0.6860252341202382,0.0092716178787403,0.0081268132640266,40.510921940564906,0.0062626807886677,-0.0126535824707622,0.0041896141634302,0.516569172255372,1,tp,1780005600000,1780052400000,14
1780005600000|XLM/USDT:USDT|xlm_trend_discovery|long,2026-05-28 22:00:00+00:00,XLM/USDT:USDT,XLM,long,xlm_trend_discovery,58.739624880172,0.0431803927244656,0.0484392338495681,0.2295556520480533,0.0817014904122538,0.3163599757624269,0.0905582090992425,-0.0120591039084841,0.0113691812237728,0.1831830117593333,0.2817389153422795,0.2169346048148099,0.0393415383134049,2.021892168725225,0.025399352258382,0.0182950690295742,40.510921940564906,0.0062626807886677,-0.0126535824707622,0.0041896141634302,-0.9040765365584906,0,sl,1780005600000,1780012800000,2
1780005600000|ONDO/USDT:USDT|ondo_trend_discovery|short,2026-05-28 22:00:00+00:00,ONDO/USDT:USDT,ONDO,short,ondo_trend_discovery,33.72542981708708,0.014705882352941,0.0590958605664487,0.0438453159041394,-0.0064851618514245,-0.0799421682498659,-0.0076252723311546,-0.0083715906022143,-0.0184442662389734,0.0320404721753795,-0.0511627906976743,-0.0739364965452647,0.0184913485551685,-1.3856271589199,0.013917672971441,0.0121965765895475,40.510921940564906,0.0062626807886677,-0.0126535824707622,0.0041896141634302,0.0595332969722017,1,tp,1780005600000,1780009200000,2
1780005600000|RENDER/USDT:USDT|render_trend_discovery|short,2026-05-28 22:00:00+00:00,RENDER/USDT:USDT,RENDER,short,render_trend_discovery,39.45129341659493,0.0200200200200199,0.072072072072072,0.034034034034034,-0.0093329034082088,-0.0262968104250059,-0.019019019019019,-0.0138203356367224,-0.0069582504970179,0.0111336032388664,-0.0579915134370579,-0.0171237210513585,0.0205597934651452,-1.7089723767054112,0.0111597058290356,0.0135506655355696,40.510921940564906,0.0062626807886677,-0.0126535824707622,0.0041896141634302,-0.0502640475389908,0,sl,1780005600000,1780012800000,3
1780012800000|TON/USDT:USDT|ton_trend_discovery|short,2026-05-29 00:00:00+00:00,TON/USDT:USDT,TON,short,ton_trend_discovery,33.565533239149936,0.0118216617878856,0.0310177887863093,0.0340576446746228,-0.0041315801994368,-0.0560120508622175,0.0015199279441568,0.0028226261713897,0.0023699356731745,0.0080581091817046,-0.0293426588710999,-0.0520957082595012,0.0146191943566648,-1.6742917230006398,0.0079104366918685,0.010882939826224,38.16508374167381,0.0058394061625433,-0.0113735149232107,0.0042108249132545,-0.1137717891089247,0,sl,1780012800000,1780016400000,2
1780016400000|BTC/USDT:USDT|btc_trend_loose|short,2026-05-29 01:00:00+00:00,BTC/USDT:USDT,BTC,short,btc_trend_loose,37.25849074208433,0.0056213761835817,0.0110809763657497,0.0136286085224685,-0.0007944459201868,-0.0315555436344681,0.0012738160783593,-0.001835975346637,-0.0032223837780485,0.007809449433815,-0.0101530014936821,-0.0307855551729891,0.0058338061234023,0.3762224848898461,0.004185216016265,0.0036193956573093,37.25849074208433,0.0058338061234023,-0.0101530014936821,0.004185216016265,0.0795712126819828,1,tp,1780016400000,1780030800000,5
1780016400000|AAVE/USDT:USDT|aave_trend|short,2026-05-29 01:00:00+00:00,AAVE/USDT:USDT,AAVE,short,aave_trend,37.17785920577357,0.0082685425151178,0.0211032950758977,0.0372701468591879,-0.0014778429454207,-0.0543971193894759,0.008083425891645,-0.0012325896708984,-0.003198425390577,0.0109794135995009,-0.0180562287930198,-0.0529975985712278,0.0105934528413085,0.1866716910881796,0.0071814681047369,0.0065436056218685,37.25849074208433,0.0058338061234023,-0.0101530014936821,0.004185216016265,0.8128439833059427,1,tp,1780016400000,1780020000000,2
1780016400000|NEAR/USDT:USDT|near_trend_discovery|long,2026-05-29 01:00:00+00:00,NEAR/USDT:USDT,NEAR,long,near_trend_discovery,19.46223857872933,0.0266666666666666,0.0027450980392157,0.1101960784313724,0.0493080462162525,0.1003426169110761,0.0537254901960782,0.0155316606929509,0.0420923579893746,0.1019878997407086,0.0420923579893746,0.0486364046085908,0.0251661796795328,-1.1988144153217732,0.0156008945677479,0.0169083023184505,37.25849074208433,0.0058338061234023,-0.0101530014936821,0.004185216016265,-0.1199969034932785,0,sl,1780016400000,1780030800000,5
1780016400000|XLM/USDT:USDT|xlm_trend_discovery|long,2026-05-29 01:00:00+00:00,XLM/USDT:USDT,XLM,long,xlm_trend_discovery,54.88141967886944,0.0243902439024389,0.0996356644064366,0.1643052322639409,0.0206406150756372,0.2452380288481845,0.032334783928752,0.0011144883485307,-0.0580552907530981,0.0002530748595435,0.1321035747021082,0.2200553362810306,0.0410615413429728,1.9096973382213345,0.0254398384115195,0.0188797758769744,37.25849074208433,0.0058338061234023,-0.0101530014936821,0.004185216016265,2.743297669387817,1,tp,1780016400000,1780041600000,7
1780020000000|ETH/USDT:USDT|eth_trend|short,2026-05-29 02:00:00+00:00,ETH/USDT:USDT,ETH,short,eth_trend,29.63806163471897,0.0071953605436049,0.0155065523815242,0.0165273128480718,-0.0049086675079208,-0.0401713925263669,0.0005103802332737,-0.0043542159671191,-0.0031822194733875,0.0029206750673711,-0.0090196856250309,-0.0354366718581853,0.0074051976914495,-0.0460744108766775,0.0055550842493796,0.0050963036784939,37.04671272823043,0.0058904973392257,-0.0142034512757116,0.0042818633159297,0.0773869417819385,1,tp,1780020000000,1780023600000,2
1780020000000|DOGE/USDT:USDT|doge_trend_loose|short,2026-05-29 02:00:00+00:00,DOGE/USDT:USDT,DOGE,short,doge_trend_loose,29.076437183595957,0.0089953507176066,0.0156660602385283,0.025672124519911,-0.0043839242556104,-0.0334417122481432,0.0050030321406912,-0.0057280675309013,-0.0050281576830248,0.0071254071661237,-0.0121805111821086,-0.0291857360487146,0.009178501694855,0.4173053404847496,0.0062858023906482,0.0052831017704935,37.04671272823043,0.0058904973392257,-0.0142034512757116,0.0042818633159297,0.0458586958807174,1,tp,1780020000000,1780030800000,4
1780020000000|SOL/USDT:USDT|sol_trend_discovery|short,2026-05-29 02:00:00+00:00,SOL/USDT:USDT,SOL,short,sol_trend_discovery,22.76292979567469,0.0105469708118714,0.0176600441501103,0.0199901888643611,-0.0049399964446309,-0.0336236647330253,0.0011650723571254,-0.0076670317634172,-0.0056097560975608,0.004929751047572,-0.0063368267121617,-0.0288260689666021,0.0086524680635939,0.4879818895581544,0.0059105674180589,0.0049947553862744,37.04671272823043,0.0058904973392257,-0.0142034512757116,0.0042818633159297,0.0247837671667587,1,tp,1780020000000,1780030800000,4
1780020000000|ENA/USDT:USDT|ena_trend_discovery|short,2026-05-29 02:00:00+00:00,ENA/USDT:USDT,ENA,short,ena_trend_discovery,44.7225893474858,0.017910447761194,0.057979334098737,0.0190585533869115,-0.0185516778463463,-0.1132491825371265,-0.0194603903559127,-0.0148173283565208,-0.0081985880209519,0.0008043203493048,-0.0543914884377374,-0.0964875098904642,0.0156117488073986,-0.2252724990614642,0.0099900412010229,0.0100255686781416,37.04671272823043,0.0058904973392257,-0.0142034512757116,0.0042818633159297,0.5080126697392806,1,tp,1780020000000,1780059600000,12
1780020000000|ONDO/USDT:USDT|ondo_trend_discovery|short,2026-05-29 02:00:00+00:00,ONDO/USDT:USDT,ONDO,short,ondo_trend_discovery,28.269638329140776,0.0171056204181373,0.0195492804778712,0.0467010589193592,-0.0036793361384182,-0.0745213504991985,0.0135758892207439,-0.0086137281292059,0.0029956427015249,0.0104252400548696,-0.0155038759689921,-0.0711036285107324,0.0169313950208678,-2.167172009238444,0.0136665457202156,0.0115320758151904,37.04671272823043,0.0058904973392257,-0.0142034512757116,0.0042818633159297,0.0497781738153446,1,tp,1780020000000,1780034400000,5
1780020000000|RENDER/USDT:USDT|render_trend_discovery|short,2026-05-29 02:00:00+00:00,RENDER/USDT:USDT,RENDER,short,render_trend_discovery,32.23443747192261,0.031390134529148,0.037369207772795,0.0383657199800698,-0.0074981473385002,-0.0215523302876642,0.0004982561036374,-0.0280871670702178,0.0045045045045044,0.0287032291132751,-0.0185819070904644,-0.0141603594103892,0.022055771607393,-0.9891164942039872,0.0136807847197321,0.0143781702382241,37.04671272823043,0.0058904973392257,-0.0142034512757116,0.0042818633159297,0.0647687817202562,1,tp,1780020000000,1780034400000,5
1780023600000|BNB/USDT:USDT|bnb_trend|short,2026-05-29 03:00:00+00:00,BNB/USDT:USDT,BNB,short,bnb_trend,29.82919792016201,0.0041358704198773,0.0111495518163233,0.0117628557949363,-0.0044885849421018,-0.0244191813333862,0.0003066519893065,0.0020327445202563,-0.0043215482416308,0.001401552731453,-0.0033071581950125,-0.0200204599262433,0.0053878609923245,0.1301071878002767,0.0030580980438993,0.0032639245501554,36.850061715366095,0.0056911876860473,0.0006104514199483,0.0032140958477845,-0.3643230302255784,0,sl,1780023600000,1780034400000,4
1780023600000|AAVE/USDT:USDT|aave_trend|short,2026-05-29 03:00:00+00:00,AAVE/USDT:USDT,AAVE,short,aave_trend,35.98573299353021,0.007823171488886,0.014404569725568,0.0312926859555444,-0.0062727124202977,-0.0591109118063202,0.0084440581149882,-0.0001241619071269,-0.0029714002723782,0.014742943548387,-0.0042042784716211,-0.053171730359457,0.0103179626777812,-0.054009938033089,0.0060766789930752,0.0065652677459729,36.850061715366095,0.0056911876860473,0.0006104514199483,0.0032140958477845,-6.095003972173023,0,sl,1780023600000,1780038000000,6
1780023600000|TON/USDT:USDT|ton_trend_discovery|short,2026-05-29 03:00:00+00:00,TON/USDT:USDT,TON,short,ton_trend_discovery,31.22641879942097,0.0112091038406828,0.0392603129445234,0.0236699857752489,-0.0115556558754106,-0.0642963244169626,-0.0077951635846371,-0.0004549849286241,-0.0078469007564638,0.0055498340771256,-0.0128068303094983,-0.0533572465208058,0.0140456088796513,-1.6998413878947125,0.0071287862850588,0.0108176029354629,36.850061715366095,0.0056911876860473,0.0006104514199483,0.0032140958477845,-0.0346208248819995,0,sl,1780023600000,1780027200000,2
1780027200000|ETH/USDT:USDT|eth_trend|short,2026-05-29 04:00:00+00:00,ETH/USDT:USDT,ETH,short,eth_trend,29.596445252390676,0.0051652944018569,0.0108934415205988,0.0206611776074276,-6.201240868154187e-05,-0.0350820243198435,0.0048838680434144,0.0027821344015663,-0.0020281253262149,-0.0024198757763974,0.0133352850025993,-0.0350221837211318,0.0070144442748853,-0.4870116178208853,0.0041537260779972,0.0051086270798849,36.42420713665105,0.0055756820168179,0.0043926387413508,0.0032493754140223,-0.0734264092751629,0,sl,1780027200000,1780038000000,6
1780027200000|INJ/USDT:USDT|inj_trend_discovery|long,2026-05-29 04:00:00+00:00,INJ/USDT:USDT,INJ,long,inj_trend_discovery,18.482296087132102,0.0289905693328676,0.0010478519035976,0.083653510303877,0.0351971477213638,0.0646204154556042,0.0413028292001397,0.0212234706616729,0.0194053765355171,0.0615498702261771,0.0549005158437729,0.0284228639916615,0.0235980693932867,-0.2546349306196546,0.0139915098604187,0.014274805002105,36.42420713665105,0.0055756820168179,0.0043926387413508,0.0032493754140223,0.5993079378577824,1,tp,1780027200000,1780030800000,1
1780034400000|INJ/USDT:USDT|inj_trend_discovery|long,2026-05-29 06:00:00+00:00,INJ/USDT:USDT,INJ,long,inj_trend_discovery,24.17143609344283,0.0440628543657865,0.001295966304876,0.1500080997894055,0.0973774587226686,0.1449280798584837,0.0743560667422646,0.04414749661705,0.1108511786935395,0.1136568645138011,0.1341172147712659,0.0433311444096576,0.0244710425614734,0.4358135486014846,0.0164851126157294,0.0155381449986678,33.07228116865962,0.0052889437313533,0.0079485150517488,0.0031955273713197,3.3998162236720924,1,tp,1780034400000,1780038000000,1
1780038000000|BTC/USDT:USDT|btc_trend_loose|short,2026-05-29 07:00:00+00:00,BTC/USDT:USDT,BTC,short,btc_trend_loose,31.933402306792992,0.0063180383191814,0.0060445242760722,0.012682342695406,-0.0010219888678899,-0.0306410856891823,0.0033189092096668,-0.0035863191078268,0.0029862479732274,0.0012875799628031,0.0002858426232186,-0.0296493981761681,0.0053801268750449,-0.3670946729666479,0.0031898749545523,0.0036945804576042,31.933402306792992,0.0053801268750449,0.0002858426232186,0.0031898749545523,0.2997752986750014,1,tp,1780038000000,1780041600000,2
1780038000000|BNB/USDT:USDT|bnb_trend|short,2026-05-29 07:00:00+00:00,BNB/USDT:USDT,BNB,short,bnb_trend,28.49577538645503,0.0044410966213141,0.0090391224518619,0.0138254633334903,-0.0019041635684841,-0.0215530180233652,0.0023931704408142,-0.0017857982048028,0.0020915238245007,-0.0044525684289463,0.0033222068270564,-0.0196863404671954,0.0049140659446077,-0.7578289157355513,0.0030432729600118,0.0032862214474101,31.933402306792992,0.0053801268750449,0.0002858426232186,0.0031898749545523,-0.0836921886121642,0,sl,1780038000000,1780045200000,3
1780038000000|BCH/USDT:USDT|bch_trend|short,2026-05-29 07:00:00+00:00,BCH/USDT:USDT,BCH,short,bch_trend,48.721409516784,0.0143774153402763,0.0692670465710356,0.0415602279426213,-0.0022472917722179,-0.1192185201641982,-0.0138534093142071,-0.0069275051224511,0.0094551705897909,0.0177321511899206,-0.0643213924554898,-0.1172346889438623,0.013874168362197,0.759958903767552,0.014194670810472,0.0094530226442765,31.933402306792992,0.0053801268750449,0.0002858426232186,0.0031898749545523,1.3087959321284068,1,tp,1780038000000,1780056000000,5
1780038000000|NEAR/USDT:USDT|near_trend_discovery|long,2026-05-29 07:00:00+00:00,NEAR/USDT:USDT,NEAR,long,near_trend_discovery,18.7882119941045,0.0416666666666667,0.0316506410256411,0.0909455128205127,0.0161015269310638,0.0724844257787278,0.0296474358974358,-0.0035928143712574,0.01628664495114,0.0447886144830473,0.0339685169842585,0.0554894342280514,0.0267378127872089,-0.6109099294570645,0.0154426456769116,0.0169135860914263,31.933402306792992,0.0053801268750449,0.0002858426232186,0.0031898749545523,-0.8067557797100796,0,sl,1780038000000,1780056000000,5
1780038000000|ONDO/USDT:USDT|ondo_trend_discovery|short,2026-05-29 07:00:00+00:00,ONDO/USDT:USDT,ONDO,short,ondo_trend_discovery,24.129461564537785,0.021986970684039,0.019272529858849,0.038816503800217,-0.0011576309753445,-0.0707818050943766,0.009771986970684,-0.0062044780145669,0.0109769484083424,-0.0018965050121917,0.0176795580110498,-0.0697048666317773,0.0167007082262767,-1.88762101557754,0.0114236711169227,0.011315994792965,31.933402306792992,0.0053801268750449,0.0002858426232186,0.0031898749545523,-0.0573466644082894,0,sl,1780038000000,1780041600000,2
1780041600000|ETH/USDT:USDT|eth_trend|short,2026-05-29 08:00:00+00:00,ETH/USDT:USDT,ETH,short,eth_trend,26.229206050594925,0.0042235331076128,0.01200241344749,0.0195868217788703,-0.0015679206093294,-0.034866802252878,0.0037922041656901,-0.0005531910652166,-0.0010958194488028,-0.0038397345466828,0.0091076972621557,-0.0333511736360379,0.0065921457512766,-1.0526881132821335,0.0041040675011472,0.0051297539070374,30.86597088256404,0.0052966840636406,0.0045187873495784,0.0031697488506562,-0.6007584828733323,0,sl,1780041600000,1780045200000,2
1780041600000|TON/USDT:USDT|ton_trend_discovery|short,2026-05-29 08:00:00+00:00,TON/USDT:USDT,TON,short,ton_trend_discovery,24.339278197698302,0.0152633061109546,0.0287243030132356,0.033568009011546,-0.0018405697672509,-0.052277446195669,0.0024218529991552,-0.0082667709322459,0.0038446316503648,0.0018620923146372,-0.0177583536180571,-0.0505298801982537,0.0136217134971217,-1.531160258538715,0.0075094897932794,0.01096999113796,30.86597088256404,0.0052966840636406,0.0045187873495784,0.0031697488506562,0.0535563905015157,1,tp,1780041600000,1780045200000,2
1780041600000|INJ/USDT:USDT|inj_trend_discovery|long,2026-05-29 08:00:00+00:00,INJ/USDT:USDT,INJ,long,inj_trend_discovery,29.31108031062664,0.0549777117384844,0.0511804523691595,0.1337295690936107,0.0584671749007294,0.1202273262879757,0.0412745583622255,-0.0348948374760993,0.0578064966818023,0.0941112716763006,0.1156750782832933,0.0583486695211296,0.0273255240426019,2.6659846702874126,0.0184689062986926,0.0161202012428599,30.86597088256404,0.0052966840636406,0.0045187873495784,0.0031697488506562,-0.8019141468690107,0,sl,1780041600000,1780045200000,1
1780045200000|XLM/USDT:USDT|xlm_trend_discovery|long,2026-05-29 09:00:00+00:00,XLM/USDT:USDT,XLM,long,xlm_trend_discovery,52.36955213194385,0.069768547122285,0.0648258162634855,0.1824057791930042,0.0411694284163225,0.2948825171630061,0.0587899814647593,-0.0545920201294032,0.003242263863062,0.0029075309818875,0.222532101562954,0.2436808859558962,0.0452352963924935,1.7641272771561718,0.0333762189434,0.0235155221347518,29.598790029803173,0.0051568514999096,0.002634868685055,0.0031201058225646,-3.5650729734569846,0,sl,1780045200000,1780052400000,2
1780048800000|INJ/USDT:USDT|inj_trend_discovery|long,2026-05-29 10:00:00+00:00,INJ/USDT:USDT,INJ,long,inj_trend_discovery,31.46505502975097,0.0275701710679289,0.0574655372861651,0.1285500747384155,0.0411923604243418,0.1109251891092895,0.0355422687261251,-0.0118168389955687,-0.0246233597926454,0.1053791077657426,0.122692522841693,0.066974011081418,0.0271806399983567,2.320305274431022,0.0185099544081747,0.0159278004333738,28.610270326156492,0.0049440710544599,0.0030895997557758,0.0031088139589513,3.24522336543404,1,tp,1780048800000,1780066800000,5
1780052400000|BTC/USDT:USDT|btc_trend_loose|short,2026-05-29 11:00:00+00:00,BTC/USDT:USDT,BTC,short,btc_trend_loose,28.42736558892296,0.0048633311367559,0.0065979010886671,0.0121392666336273,-0.0016794453749519,-0.0300622354079047,0.0027706827724799,-0.0020964132719398,-0.0005497496189853,-0.0019540326722957,-0.0004286933291235,-0.0284305375677784,0.0049479486089035,-1.1718510312574402,0.0031284113544321,0.0034880412777401,28.42736558892296,0.0049479486089035,-0.0004286933291235,0.0031284113544321,3.436600019138589,1,tp,1780052400000,1780059600000,2
1780052400000|BNB/USDT:USDT|bnb_trend|short,2026-05-29 11:00:00+00:00,BNB/USDT:USDT,BNB,short,bnb_trend,24.88122780469603,0.0067931158908707,0.0087541770602909,0.0141039519304686,-0.0017679636058753,-0.0205378936135969,0.0026748874350889,-0.0032993495121341,0.0002824725766206,-0.0019572229355212,0.0068872916831215,-0.0188031733338507,0.0049426254391266,-0.7342078640341339,0.003383927843623,0.0032077225693936,28.42736558892296,0.0049479486089035,-0.0004286933291235,0.0031284113544321,0.4849302081882488,1,tp,1780052400000,1780063200000,3
1780052400000|DOGE/USDT:USDT|doge_trend_loose|short,2026-05-29 11:00:00+00:00,DOGE/USDT:USDT,DOGE,short,doge_trend_loose,25.118878569679325,0.0104976279398405,0.0143332996870898,0.0269506409609367,-0.0034127796549354,-0.0297712837567689,0.0063086706369233,-0.0059201284366846,-0.0051215103434424,-0.0044216661642045,0.0108152229364351,-0.0264487679188851,0.0076795406207002,-1.0386332411875356,0.0040665524875213,0.0051020342619546,28.42736558892296,0.0049479486089035,-0.0004286933291235,0.0031284113544321,0.4600590009955307,1,tp,1780052400000,1780063200000,3
1780052400000|RENDER/USDT:USDT|render_trend_discovery|short,2026-05-29 11:00:00+00:00,RENDER/USDT:USDT,RENDER,short,render_trend_discovery,23.669783771688632,0.0287128712871286,0.0386138613861385,0.0445544554455445,-0.00714163794383,-0.0147327680700364,0.002970297029703,-0.0222652468538236,-0.0155945419103313,0.0115172759138708,0.0207175341081353,-0.0076457331844246,0.0220644560084802,-0.7903966187448106,0.0136070217263259,0.0131646453411502,28.42736558892296,0.0049479486089035,-0.0004286933291235,0.0031284113544321,0.6624719953197489,1,tp,1780052400000,1780059600000,2
1780056000000|ETH/USDT:USDT|eth_trend|short,2026-05-29 12:00:00+00:00,ETH/USDT:USDT,ETH,short,eth_trend,25.228665134003087,0.0065345415063469,0.0154557417405097,0.0162412876949478,-0.00465162330363,-0.0368649273299034,0.000392772977219,-0.0039917871844196,-0.0034007669178182,-0.0065118729836806,0.0037969915371285,-0.0323638484579556,0.0062519786715714,-1.4591157994388038,0.0042583595029244,0.0048141153258171,28.616438332404595,0.0048808493752339,-0.0032178403053206,0.0031703092007388,0.3308474378014642,1,tp,1780056000000,1780059600000,1
1780056000000|AAVE/USDT:USDT|aave_trend|short,2026-05-29 12:00:00+00:00,AAVE/USDT:USDT,AAVE,short,aave_trend,23.950573139608935,0.0088746456304696,0.0157771477875015,0.0384567977320348,-0.0025670068822347,-0.0482071336335849,0.0113398249722665,-0.0049061695081565,-0.0035617784328175,0.0,0.0064508125542737,-0.0457575867915586,0.0100238274001786,-0.5591268321572549,0.0060042407864367,0.0064436551737514,28.616438332404595,0.0048808493752339,-0.0032178403053206,0.0031703092007388,-6.58202259078471,0,sl,1780056000000,1780066800000,3
1780056000000|SUI/USDT:USDT|sui_trend_discovery|short,2026-05-29 12:00:00+00:00,SUI/USDT:USDT,SUI,short,sui_trend_discovery,34.279390194927736,0.0100652582678907,0.0464550381594956,0.0088485786970467,-0.0199290701078466,-0.1037245859142709,-0.0188032297312244,-0.0064835164835165,-0.0198395490026018,-0.0295191069128381,-0.0152488835638819,-0.0854994401432202,0.0124665900931472,-0.6934764180129446,0.0062900621763068,0.0077362081219229,28.616438332404595,0.0048808493752339,-0.0032178403053206,0.0031703092007388,-0.2847258632393652,0,sl,1780056000000,1780066800000,3
1780056000000|XLM/USDT:USDT|xlm_trend_discovery|long,2026-05-29 12:00:00+00:00,XLM/USDT:USDT,XLM,long,xlm_trend_discovery,49.670185708159714,0.0277274285994219,0.0975848723852446,0.0712291186988683,0.0053249909832093,0.2463804544981605,-0.0131778768431881,0.0023077678483747,-0.0828091301222142,0.0340932117527863,0.0740292539198148,0.2397786443955785,0.0435905177875276,1.480761192612589,0.0316240995620643,0.0238506005345457,28.616438332404595,0.0048808493752339,-0.0032178403053206,0.0031703092007388,1.4207944653817406,1,tp,1780056000000,1780081200000,7
1780056000000|TON/USDT:USDT|ton_trend_discovery|short,2026-05-29 12:00:00+00:00,TON/USDT:USDT,TON,short,ton_trend_discovery,22.45998604482256,0.0125014402580942,0.0365825555939623,0.0114644544302339,-0.0208370742767879,-0.0713112180153168,-0.0125590505818642,-0.0088505681493747,-0.022359898620107,-0.0228552127899122,-0.0149812734082397,-0.0515482586324932,0.0135404108264552,-1.3613044587324334,0.0079097327854273,0.0102133910722403,28.616438332404595,0.0048808493752339,-0.0032178403053206,0.0031703092007388,-0.2756414614108668,0,sl,1780056000000,1780066800000,3
1780063200000|BTC/USDT:USDT|btc_trend_loose|short,2026-05-29 14:00:00+00:00,BTC/USDT:USDT,BTC,short,btc_trend_loose,30.988385709799296,0.0105493952026803,0.011857804882722,0.0086196277875559,-0.0053584722942882,-0.034132435784914,-0.0016190885475831,-0.0006674453529117,-0.0072837793589566,-0.0018592413584892,0.0009356484811124,-0.0289289786210688,0.0053853263759158,-0.4832044979661413,0.0028599407636897,0.0034652498461285,30.988385709799296,0.0053853263759158,0.0009356484811124,0.0028599407636897,-0.3266868122204416,0,sl,1780063200000,1780066800000,1
1780063200000|ETH/USDT:USDT|eth_trend|short,2026-05-29 14:00:00+00:00,ETH/USDT:USDT,ETH,short,eth_trend,27.715223816106104,0.0143084181276613,0.0142834296223736,0.0127691262019471,-0.002774957712329,-0.0350586738671234,-0.0007571517102132,0.0010856785490931,-0.0045867452018267,0.0012058983943037,0.004130095499049,-0.032373551390902,0.0070433165506148,-0.53933928563108,0.0039308896364641,0.0047500589478191,30.988385709799296,0.0053853263759158,0.0009356484811124,0.0028599407636897,-0.4357737350544623,0,sl,1780063200000,1780066800000,1
1780063200000|AVAX/USDT:USDT|avax_trend|short,2026-05-29 14:00:00+00:00,AVAX/USDT:USDT,AVAX,short,avax_trend,21.11822187721064,0.0217016879090596,0.0415661958893099,0.0070042484785853,-0.0195385783212042,-0.048426735693567,-0.0172809737053623,-0.0120249574588768,-0.0223394701392006,-0.01815107102593,-0.0174864620938629,-0.0294638388962811,0.009271145209624,0.1827787045986834,0.0052505760661694,0.0053750762002234,30.988385709799296,0.0053853263759158,0.0009356484811124,0.0028599407636897,0.0140959780937115,1,sl,1780063200000,1780066800000,1
1780063200000|BCH/USDT:USDT|bch_trend|short,2026-05-29 14:00:00+00:00,BCH/USDT:USDT,BCH,short,bch_trend,42.23106969820192,0.0147329034844484,0.0359469481842781,0.0206461096448735,-0.011852452591832,-0.1286280538983041,-0.0076504192697024,0.000969769930444,-0.004423601410231,-0.0024660912453761,0.0108060649039272,-0.1181762800634026,0.014146142730791,0.6584934285164308,0.0078194233670719,0.0094032671623158,30.988385709799296,0.0053853263759158,0.0009356484811124,0.0028599407636897,-0.4969905007526497,0,sl,1780063200000,1780066800000,1
1780063200000|ENA/USDT:USDT|ena_trend_discovery|short,2026-05-29 14:00:00+00:00,ENA/USDT:USDT,ENA,short,ena_trend_discovery,48.88589883928978,0.0303170562369821,0.0381856051839851,0.0246470724369358,-0.0092727989499873,-0.1084107043161093,-0.0067692663735246,0.009461511505665,0.0022034094862575,-0.0078071182548794,-0.0070090773296563,-0.1000657953683431,0.0148263689940133,-0.784377564947388,0.0069078255486515,0.0094134767213751,30.988385709799296,0.0053853263759158,0.0009356484811124,0.0028599407636897,-0.2910453605375679,0,sl,1780063200000,1780066800000,1
1780063200000|RENDER/USDT:USDT|render_trend_discovery|short,2026-05-29 14:00:00+00:00,RENDER/USDT:USDT,RENDER,short,render_trend_discovery,22.04247914655613,0.0262626262626262,0.0595959595959595,0.0207070707070706,-0.0203814820070651,-0.0333149927138095,-0.0194444444444444,0.0030395136778116,-0.04162633107454,-0.0134529147982063,0.0148641722193745,-0.0132025992457174,0.0225188716424954,-0.5612885708634171,0.013687651331919,0.0129672765598392,30.988385709799296,0.0053853263759158,0.0009356484811124,0.0028599407636897,-0.435382728898659,0,sl,1780063200000,1780066800000,1
1780066800000|NEAR/USDT:USDT|near_trend_discovery|long,2026-05-29 15:00:00+00:00,NEAR/USDT:USDT,NEAR,long,near_trend_discovery,21.20984847915075,0.0627450980392157,0.02,0.1019607843137254,0.0322088676444948,0.0901346036459708,0.0409803921568626,0.044226044226044,0.0261569416498994,0.038273615635179,0.1077324066029539,0.0561182313165577,0.0276902851537608,-0.1085800717725535,0.016877200541022,0.0152918356816823,29.20580839476056,0.0061210699142514,0.0120207245356938,0.0034551765801198,21.55215145814647,1,tp,1780066800000,1780070400000,1
1780070400000|INJ/USDT:USDT|inj_trend_discovery|long,2026-05-29 16:00:00+00:00,INJ/USDT:USDT,INJ,long,inj_trend_discovery,39.20903165459976,0.0390445567294441,0.0278670953912112,0.1782269177767569,0.083520039692296,0.1938589210649144,0.0751799111927728,-0.0214264309259815,0.0910457734714333,0.1405867970660146,0.210789766407119,0.1018337246480028,0.0306255459293131,3.530097377675648,0.0220195685836768,0.0169806749059251,27.55055803079601,0.0062395513279587,0.0082680651093101,0.0032225487294369,-5.040085482232331,0,sl,1780070400000,1780081200000,3
1780074000000|SUI/USDT:USDT|sui_trend_discovery|short,2026-05-29 17:00:00+00:00,SUI/USDT:USDT,SUI,short,sui_trend_discovery,32.169267611188936,0.0140875832696298,0.033198645844709,0.0263186633176804,-0.0045155264002882,-0.0880945882534497,-0.0034399912635142,-0.0110163084566368,0.01361523134824,-0.0105888708806051,-0.021269773407439,-0.0839581772189135,0.0146978936580298,1.0019701154833482,0.0068493127401861,0.0080461521500459,25.584667713567303,0.0062019313560402,0.0059318644906976,0.0032242455352315,13.3039458234919,1,tp,1780074000000,1780113600000,13
1780074000000|NEAR/USDT:USDT|near_trend_discovery|long,2026-05-29 17:00:00+00:00,NEAR/USDT:USDT,NEAR,long,near_trend_discovery,24.07519079251696,0.0243713733075435,0.0181818181818182,0.0897485493230173,0.037467336833916,0.1027790405459278,0.0357833655705995,-0.0019305019305019,0.0525244299674267,0.0352422907488987,0.0971986417657047,0.062953021645314,0.0278591725950602,0.0082595206138003,0.0167737429802776,0.0152763234623875,25.584667713567303,0.0062019313560402,0.0059318644906976,0.0032242455352315,-3.241545363208384,0,sl,1780074000000,1780088400000,5
1780077600000|ENA/USDT:USDT|ena_trend_discovery|short,2026-05-29 18:00:00+00:00,ENA/USDT:USDT,ENA,short,ena_trend_discovery,38.20646279303679,0.0188399177894496,0.0298013245033112,0.0375656542589632,-0.0001614999614415,-0.0933086334754299,0.0038821648778259,-0.0087153367289189,0.0134228187919465,-0.0011405109489049,-0.0178311091174161,-0.0931621792023373,0.0169282310437909,0.410858862447392,0.0085441859220599,0.0096590460439146,25.38631012619539,0.0067637902897463,-0.0038491628002997,0.0036487498082585,0.0465199231975902,1,sl,1780077600000,1780102800000,9
1780084800000|XLM/USDT:USDT|xlm_trend_discovery|long,2026-05-29 20:00:00+00:00,XLM/USDT:USDT,XLM,long,xlm_trend_discovery,48.49746053189919,0.046084287373486,0.0240584038493446,0.1877799900447983,0.1311496959262451,0.4348838577432228,0.0818607930977268,0.0057152392474237,0.1493135011441646,0.0832135154565061,0.1721120186697782,0.2685180952714345,0.0410213369718696,1.040209561567247,0.0356324504201467,0.0268134375875047,24.91480425843863,0.0064992555864202,0.0012426329134573,0.0036139978665238,8.586175499821202,1,tp,1780084800000,1780099200000,4
1780084800000|INJ/USDT:USDT|inj_trend_discovery|long,2026-05-29 20:00:00+00:00,INJ/USDT:USDT,INJ,long,inj_trend_discovery,42.91181748912645,0.0216956454839206,0.0329281427911987,0.1664871518695183,0.0533934374220794,0.1796804112345515,0.0667795045391599,0.00277734917451,-0.0048997090797734,0.0729734191844146,0.1739523121387283,0.1198858558693211,0.0293356652437211,2.1098782197829373,0.0224176575158843,0.0171367860675844,24.91480425843863,0.0064992555864202,0.0012426329134573,0.0036139978665238,-0.3523311391129794,0,sl,1780084800000,1780095600000,4
1780088400000|DOGE/USDT:USDT|doge_trend_loose|short,2026-05-29 21:00:00+00:00,DOGE/USDT:USDT,DOGE,short,doge_trend_loose,21.096778088227133,0.0098442993470617,0.0161727774987443,0.0218985434455047,-0.0006299463025339,-0.0228210357286952,0.0028628829733802,-0.005096941834899,-0.0077743446626133,-0.0014043534958371,-0.0041016406562623,-0.0222050774325874,0.009297307927524,0.3424760394931784,0.0047816613299437,0.0054162269549281,24.84256181445022,0.00650342522916,-0.0055693849149618,0.0036162805425263,0.6885310184812633,1,tp,1780088400000,1780092000000,2
1780092000000|ETH/USDT:USDT|eth_trend|short,2026-05-29 22:00:00+00:00,ETH/USDT:USDT,ETH,short,eth_trend,20.8355322146684,0.0047843799682035,0.0164944356120826,0.0185959856915739,-0.0001763871263829,-0.0274045514164107,0.0010507750397456,0.002086019685255,0.0011688925364967,0.0013232909150606,0.0039453536104223,-0.027232967834967,0.0082189893186392,0.7542448692329164,0.00467065459579,0.0051006993693288,24.82410682455941,0.0062215602504672,-2.9952878675798544e-05,0.0034923574121582,-0.7002036102914105,0,sl,1780092000000,1780095600000,2
1780099200000|INJ/USDT:USDT|inj_trend_discovery|long,2026-05-30 00:00:00+00:00,INJ/USDT:USDT,INJ,long,inj_trend_discovery,40.11169670393768,0.0257952207627789,0.062351637917392,0.1264440576040513,0.0118264873875011,0.1397738129122831,0.0320462098433295,-0.0168041076707639,-0.0276965687028772,0.0556298028733712,0.1249777461278263,0.1264518443820711,0.0292152962066526,1.7176123000544683,0.0235638189326532,0.0177580860232015,24.80736500549547,0.0057160193589217,-0.0031278072239455,0.0034561055736112,6.129352174391015,1,tp,1780099200000,1780117200000,5
1780102800000|XLM/USDT:USDT|xlm_trend_discovery|long,2026-05-30 01:00:00+00:00,XLM/USDT:USDT,XLM,long,xlm_trend_discovery,57.71739698629754,0.0479011262249524,0.0115913412315343,0.2813002778996636,0.179357027053724,0.5856763807702865,0.1348544683340646,0.0209811095348317,0.1405455000417048,0.3286047415468325,0.383868029551665,0.3445261650169089,0.0406004651023829,0.8814526575796033,0.0361115013807686,0.0278600502674465,24.39863542325813,0.0054853620157255,0.0008850098900876,0.0034669121245667,4.161049993931286,1,sl,1780102800000,1780113600000,3
1780102800000|ONDO/USDT:USDT|ondo_trend_discovery|short,2026-05-30 01:00:00+00:00,ONDO/USDT:USDT,ONDO,short,ondo_trend_discovery,23.128931847084008,0.025291275930662,0.0642227905655015,0.0207445296959362,-0.024525264867069,-0.099371546051586,-0.0217391304347827,0.0161709500433149,-0.014561747409689,-0.0219566425792107,-0.0527590847913862,-0.0767280571078219,0.0183739775800502,-0.2282456144150535,0.0100644034587162,0.0111458445154625,24.39863542325813,0.0054853620157255,0.0008850098900876,0.0034669121245667,1.875662691690936,1,time_stop,1780102800000,1780164000000,17
1780113600000|ETH/USDT:USDT|eth_trend|short,2026-05-30 04:00:00+00:00,ETH/USDT:USDT,ETH,short,eth_trend,19.27307125861509,0.0082935323383084,0.017910447761194,0.017228855721393,-0.0020481015773946,-0.0272765392040348,-0.0003407960199004,-0.0029267324768094,-0.0019365410397735,-0.0145368077856495,0.0011804964062103,-0.0252802140729598,0.0069135339080922,-0.7227569423845903,0.004579980051217,0.005048956053205,23.44545597288617,0.0052074435571196,-0.0013679722975401,0.0033788563219645,-0.6355355682746534,0,sl,1780113600000,1780117200000,2
1780113600000|BCH/USDT:USDT|bch_trend|short,2026-05-30 04:00:00+00:00,BCH/USDT:USDT,BCH,short,bch_trend,20.904343246675065,0.0226566416040099,0.0362238930659982,0.0098579782790308,-0.0129469770298656,-0.1154589276225714,-0.0131829573934836,-0.0119196988707653,-0.0125717679667393,-0.0239089307847869,-0.0189811172305272,-0.1038565793398188,0.0120699697246689,-0.1646537990364846,0.0073365278288984,0.0099276837765405,23.44545597288617,0.0052074435571196,-0.0013679722975401,0.0033788563219645,-0.1728720616821958,0,sl,1780113600000,1780120800000,4
1780113600000|ENA/USDT:USDT|ena_trend_discovery|short,2026-05-30 04:00:00+00:00,ENA/USDT:USDT,ENA,short,ena_trend_discovery,25.25372357162281,0.0322766570605187,0.0396541786743517,0.0283573487031699,-0.0078920572985011,-0.0935264308126661,-0.0056484149855909,-0.0146524307133121,-0.0045897877223179,-0.0238550692022055,-0.0097031963470319,-0.0863155810253706,0.016357969738289,0.0796774807414538,0.0093166478286216,0.0099202832982777,23.44545597288617,0.0052074435571196,-0.0013679722975401,0.0033788563219645,0.0295396941648348,1,sl,1780113600000,1780117200000,1
1780117200000|SUI/USDT:USDT|sui_trend_discovery|short,2026-05-30 05:00:00+00:00,SUI/USDT:USDT,SUI,short,sui_trend_discovery,28.321078983548663,0.0092899800928997,0.0370493253704932,0.0150409201504092,-0.0062141732487069,-0.0893912350082822,-0.011004202610042,0.00433188937021,-0.0129898482698395,-0.0125586982636234,-0.0230145867098865,-0.083697170477348,0.0131567190302757,-0.2827734863981542,0.0072973747355336,0.0081888796123109,23.33374706903039,0.0051735133259297,-0.0012964446194154,0.0033814078305124,-0.8332860125724351,0,sl,1780117200000,1780149600000,10
1780117200000|XLM/USDT:USDT|xlm_trend_discovery|long,2026-05-30 05:00:00+00:00,XLM/USDT:USDT,XLM,long,xlm_trend_discovery,59.4815497118733,0.0703386247453587,0.1448668178498673,0.229388476765192,0.0574658617104357,0.4738236447504484,0.0422608294576623,-0.0172993389990555,-0.04866900687436,0.2169418588334346,0.2404996900777189,0.393731654246086,0.0532103289954188,1.774033884827081,0.041226106402406,0.0310294661838108,23.33374706903039,0.0051735133259297,-0.0012964446194154,0.0033814078305124,-5.184105981903259,0,sl,1780117200000,1780131600000,4
1780120800000|INJ/USDT:USDT|inj_trend_discovery|long,2026-05-30 06:00:00+00:00,INJ/USDT:USDT,INJ,long,inj_trend_discovery,41.24746600365579,0.042400234741784,0.0346244131455398,0.130281690140845,0.0549262913958352,0.2146293983704055,0.0478286384976525,-0.0233557816306061,0.0385494438518969,0.0685060354287505,0.1041632917544144,0.1513879294479027,0.0325414128521121,2.5286986637058573,0.0235663496293347,0.0189454226805651,23.177686495520152,0.0049925054038228,-0.0027361784346293,0.0033707762328182,-3.751478797302039,0,sl,1780120800000,1780124400000,1
1780124400000|BNB/USDT:USDT|bnb_trend|long,2026-05-30 07:00:00+00:00,BNB/USDT:USDT,BNB,long,bnb_trend,30.48480349274666,0.0107803103422674,0.0019600564258667,0.0628108991016409,0.031937205730029,0.0352740589707508,0.030425421337887,0.0081586826347306,0.0225323028803086,0.0493471282994173,0.0568397595844514,0.0032335816774444,0.0067292591840603,2.1134399198633878,0.0044541443427236,0.0040641031124343,23.145655779942203,0.00474179467485,0.0003524384933593,0.0032902483750408,5.185583745911966,1,tp,1780124400000,1780131600000,2
1780131600000|NEAR/USDT:USDT|near_trend_discovery|long,2026-05-30 09:00:00+00:00,NEAR/USDT:USDT,NEAR,long,near_trend_discovery,23.806565454994203,0.016977225672878,0.0898550724637681,0.0703933747412008,0.0008318576286935,0.0263866941453121,-0.0097308488612837,0.0066694456023344,0.0241730279898217,0.0224386113463166,-0.034,0.0255335961998318,0.0246025842224308,-1.4584238818140862,0.018906603857349,0.0162519880406047,22.805176689430407,0.004252507937806,-0.0017772881567487,0.003267620284939,0.3451207020363971,1,tp,1780131600000,1780135200000,2
1780131600000|INJ/USDT:USDT|inj_trend_discovery|long,2026-05-30 09:00:00+00:00,INJ/USDT:USDT,INJ,long,inj_trend_discovery,37.33478167397603,0.016941391941392,0.0763125763125763,0.0952380952380951,0.0108394614924116,0.1618876194066863,0.0094627594627593,0.0143985137018114,-0.0611835506519559,0.0326241134751772,0.0753323485967503,0.1494284341563654,0.0331206919653977,2.211603289751421,0.0238431972812165,0.019220329857906,22.805176689430407,0.004252507937806,-0.0017772881567487,0.003267620284939,1.3422239434310108,1,time_stop,1780131600000,1780171200000,13
1780135200000|BNB/USDT:USDT|bnb_trend|long,2026-05-30 10:00:00+00:00,BNB/USDT:USDT,BNB,long,bnb_trend,37.626410053038434,0.0029309017703831,0.003138137249097,0.0657380543549055,0.0260619468975395,0.037368242375055,0.0312999585529042,0.0004294578464909,0.0113173652694609,0.0504742652775616,0.0563547660745558,0.0110191158649844,0.0067894313486297,1.9644525707642155,0.004269786545611,0.0040686769938231,22.253128856166946,0.0040340133008842,0.0001834191780374,0.003256433347848,-0.6166673846097459,0,sl,1780135200000,1780146000000,4
1780135200000|XLM/USDT:USDT|xlm_trend_discovery|long,2026-05-30 10:00:00+00:00,XLM/USDT:USDT,XLM,long,xlm_trend_discovery,48.48435158147092,0.0507371550235005,0.1965612822881934,0.1945928574297995,0.007499788937763,0.3824163173508565,-0.0009842124291969,0.0362152936768931,-0.0279209621993126,-0.0265905447151292,0.1844784925770841,0.3721256644712344,0.0508795183966988,1.435109744712482,0.0386389393540981,0.0318546489849706,22.253128856166946,0.0040340133008842,0.0001834191780374,0.003256433347848,0.2144454165067581,1,sl,1780135200000,1780156800000,8
1780138800000|NEAR/USDT:USDT|near_trend_discovery|long,2026-05-30 11:00:00+00:00,NEAR/USDT:USDT,NEAR,long,near_trend_discovery,22.44987030197015,0.0157480314960631,0.0907583920431,0.0696228760878573,0.0005026551251791,0.0250784243300023,-0.0105677579776214,0.0058357649020424,0.0062552126772308,0.0147182506307821,-0.0289738430583501,0.0245634222747248,0.0236477915365363,-1.8636758329595604,0.0189562266964514,0.0162063316074679,21.84047153844671,0.0038363505354032,0.0016379023957213,0.0032289247831113,0.2673104682532185,1,tp,1780138800000,1780142400000,2
1780149600000|BNB/USDT:USDT|bnb_trend|long,2026-05-30 14:00:00+00:00,BNB/USDT:USDT,BNB,long,bnb_trend,41.78183942352393,0.0194143672138782,0.0012807078821748,0.0760856910001163,0.0334363837841918,0.0534467223496619,0.0374024915589706,0.0174882646488281,0.0171117295280953,0.0435891983840102,0.0815166921127601,0.0193629127824947,0.0073537610256368,2.681442324088848,0.0050611975497874,0.0045063043171912,19.21836528010496,0.003618282577377,0.0114307925185244,0.0031665899693242,7.909599210849235,1,tp,1780149600000,1780153200000,1
1780156800000|BNB/USDT:USDT|bnb_trend|long,2026-05-30 16:00:00+00:00,BNB/USDT:USDT,BNB,long,bnb_trend,46.48333908877694,0.0225897880621007,0.002354865547048,0.1007656838275729,0.0557844735988993,0.0856091807412532,0.0492054091402623,0.0204031712686512,0.0528683413504365,0.0756734619585002,0.1006999953437117,0.0282488593914334,0.0086942888584694,3.977709151677102,0.0062793410800944,0.0051728325558908,18.1280222264081,0.0034082510306671,-0.0016495096052525,0.0023827560634184,3.407610499738395,1,sl,1780156800000,1780160400000,1
1780164000000|BNB/USDT:USDT|bnb_trend|long,2026-05-30 18:00:00+00:00,BNB/USDT:USDT,BNB,long,bnb_trend,51.3867159701845,0.0119070856919773,0.0014500432224421,0.1082931318145061,0.0552723166024432,0.0958653190350839,0.0534215442960319,0.0049320442763065,0.0438060309698451,0.073682634730539,0.1204811748164349,0.0384668504934669,0.0098461816872685,4.016219248849981,0.0058694411895696,0.0051097160409793,16.988929142281794,0.0033318003723879,0.0090601693413141,0.0016079396217577,11.983407338883,1,tp,1780164000000,1780192800000,8
1780174800000|RENDER/USDT:USDT|render_trend_discovery|long,2026-05-30 21:00:00+00:00,RENDER/USDT:USDT,RENDER,long,render_trend_discovery,18.49233932322437,0.031663516068053,0.0174858223062381,0.0879017013232515,0.0324916641725042,0.0363770477916801,0.0352079395085066,0.0134099616858238,0.0217286335103814,0.0686868686868686,0.082906857727738,0.0037631137896787,0.0185166963286132,-1.3230955054323343,0.010709689759247,0.0127830834847629,15.938517554207015,0.0029842505205149,0.0077604097823404,0.001316691755554,0.287179450592403,1,sl,1780174800000,1780210800000,10
1780182000000|NEAR/USDT:USDT|near_trend_discovery|short,2026-05-30 23:00:00+00:00,NEAR/USDT:USDT,NEAR,short,near_trend_discovery,33.323638678201355,0.0266903914590747,0.0867437722419928,0.0111209964412812,-0.0406590007276412,-0.0438248277342797,-0.0378113879003558,-0.0083811204234669,-0.0238818931828048,-0.0683796104434312,-0.0546677880571908,-0.0033000017814725,0.0223265668970191,-1.603556952508255,0.0110858760884892,0.0153116225819912,14.041680567682768,0.0029696767393589,0.005836994506198,0.0013549183962634,-0.4763899932414934,0,sl,1780182000000,1780200000000,6
1780196400000|BNB/USDT:USDT|bnb_trend|long,2026-05-31 03:00:00+00:00,BNB/USDT:USDT,BNB,long,bnb_trend,59.3230239364639,0.0163334233990813,0.0086328019454201,0.1126722507430425,0.0455976004452381,0.1205028076622361,0.0520197243988112,0.0001621446330126,0.0294710782882019,0.0650512957020965,0.123882115364176,0.0716386563866459,0.0118727696079073,2.724923409376009,0.0065550014150097,0.0051234544951994,13.417909779558864,0.003060503857296,0.0083709335931336,0.0010563428396325,-7.895481154185728,0,sl,1780196400000,1780210800000,4
1780203600000|NEAR/USDT:USDT|near_trend_discovery|short,2026-05-31 05:00:00+00:00,NEAR/USDT:USDT,NEAR,short,near_trend_discovery,35.44905821637664,0.0146804835924008,0.0548359240069085,0.0401554404145077,-2.690362564701051e-05,-0.0131245609416393,-0.0073402417962004,-0.00472711645896,0.0311665182546749,0.0030316154179297,-0.0178117048346057,-0.013098009699942,0.019875713975179,-2.090668345613761,0.0099635663365634,0.0152781992889703,12.552032845183984,0.0029170410313369,0.0062581982533047,0.0009122199504386,-0.3285627714347606,0,sl,1780203600000,1780207200000,2
1780203600000|INJ/USDT:USDT|inj_trend_discovery|long,2026-05-31 05:00:00+00:00,INJ/USDT:USDT,INJ,long,inj_trend_discovery,18.061640141677525,0.0173088500903069,0.061408789885611,0.0314569536423841,0.0066228078985482,0.1408799185489497,-0.0149759181216133,0.0094196292920085,0.0128048780487806,-0.0132184761621861,-0.0480011462960309,0.1333738015838128,0.0217336507405528,-1.426222147185206,0.0137544453755989,0.0182862966200203,12.552032845183984,0.0029170410313369,0.0062581982533047,0.0009122199504386,-0.3033387484171053,0,sl,1780203600000,1780207200000,2
1780210800000|NEAR/USDT:USDT|near_trend_discovery|short,2026-05-31 07:00:00+00:00,NEAR/USDT:USDT,NEAR,short,near_trend_discovery,33.279395538983145,0.0243266724587315,0.0612510860121633,0.0343179843614249,-0.0056423296260919,-0.018793359527406,-0.0134665508253693,-0.007758620689655,0.0114235500878736,-0.0004342162396873,-0.0400333611342785,-0.013225653397302,0.0199015805970429,-1.9036020302009176,0.0096268867188493,0.0150054098082329,11.787421692975368,0.0028486033000143,0.004344756569846,0.0010642272298807,0.1067575432392566,1,sl,1780210800000,1780228800000,5
1780210800000|ONDO/USDT:USDT|ondo_trend_discovery|short,2026-05-31 07:00:00+00:00,ONDO/USDT:USDT,ONDO,short,ondo_trend_discovery,32.745120330346154,0.0249169435215947,0.0758582502768548,0.0556478405315614,-0.0079072919171834,-0.0548487461534273,-0.0101052048726466,-0.0214034137090218,-0.0396171231055569,0.0168918918918918,0.0442324371205551,-0.0473155924378847,0.0230628433189764,2.3058719040049285,0.0128590576091693,0.0115547038044707,11.787421692975368,0.0028486033000143,0.004344756569846,0.0010642272298807,2.845470468969555,1,tp,1780210800000,1780236000000,8
1780214400000|BNB/USDT:USDT|bnb_trend|long,2026-05-31 08:00:00+00:00,BNB/USDT:USDT,BNB,long,bnb_trend,55.1329455496706,0.008979140765299,0.0313441083022517,0.0731316480176819,0.0102999245719866,0.0902039481621942,0.020893769857715,0.0051374618161621,-0.0145389201992975,0.0055842640440073,0.0743065758425713,0.0790894086467034,0.0127231090084277,2.346146386216887,0.0086627190984534,0.0059336047073193,11.897828190495025,0.0027737896805125,0.0057394314452261,0.0010744237033518,0.2230278612613033,1,sl,1780214400000,1780236000000,6
1780214400000|RENDER/USDT:USDT|render_trend_discovery|long,2026-05-31 08:00:00+00:00,RENDER/USDT:USDT,RENDER,long,render_trend_discovery,24.7250775596861,0.019905213270142,0.0203791469194313,0.0668246445497629,0.0124364504860004,0.0303895323669643,0.0232227488151658,0.0076408787010506,0.0042836744407424,0.0105363984674329,0.0705225773718922,0.0177325518775483,0.0187695999053249,-0.8976306621680795,0.010863106271221,0.0128064136982899,11.897828190495025,0.0027737896805125,0.0057394314452261,0.0010744237033518,-0.2558723364958006,0,sl,1780214400000,1780228800000,5
1780218000000|XLM/USDT:USDT|xlm_trend_discovery|long,2026-05-31 09:00:00+00:00,XLM/USDT:USDT,XLM,long,xlm_trend_discovery,21.116657139088264,0.0504472856500959,0.0426044687717005,0.0971774028838691,0.0207673909679277,0.2705670671909665,0.0272864670560842,0.0326921454484097,0.0209349847783477,0.0191923397169024,0.0190650626482953,0.2447175315682546,0.0367513329780173,-0.8427884058859201,0.0220513800847416,0.0316529185630427,11.669418145101549,0.0027911307981791,0.0032306379184743,0.0011020008133767,5.801920855244347,1,tp,1780218000000,1780225200000,2
1780225200000|TON/USDT:USDT|ton_trend_discovery|long,2026-05-31 11:00:00+00:00,TON/USDT:USDT,TON,long,ton_trend_discovery,37.54430941007935,0.0126568927328341,0.0062757093133634,0.0767851492458602,0.0258721874521824,0.0276798581816221,0.0352547199662484,0.0088853418462357,0.0205597416576963,0.0433012379642367,0.0770191980006815,0.0017620818183297,0.0149709510892004,0.512492874431124,0.0118998061489325,0.0096552701198418,11.602019204204018,0.0026379794405757,0.0046990603238641,0.0010969685252835,-0.1483681226258267,0,sl,1780225200000,1780243200000,6
1780228800000|XLM/USDT:USDT|xlm_trend_discovery|long,2026-05-31 12:00:00+00:00,XLM/USDT:USDT,XLM,long,xlm_trend_discovery,21.449732148619407,0.0435994733989003,0.0250135522341826,0.144195771702935,0.0579333923436766,0.3274775008539597,0.0595911097343761,-0.0204066150811712,0.0894288365814561,0.1455819730305181,0.0424638734156777,0.2547836285922997,0.0383157320843634,-0.7415460561898507,0.0252464938226066,0.0318376273255775,11.478096162712848,0.0025793142426845,0.0031305363045825,0.0010764966267895,-4.66822810524222,0,sl,1780228800000,1780239600000,3
1780236000000|NEAR/USDT:USDT|near_trend_discovery|short,2026-05-31 14:00:00+00:00,NEAR/USDT:USDT,NEAR,short,near_trend_discovery,29.57972139295582,0.0262123197903014,0.0515508955875927,0.0288335517693317,-0.0055291954961124,-0.0226386053337179,-0.0113586719091305,-0.013787160706592,0.0110424028268552,0.0141781125387683,-0.0470441298917568,-0.0172045370865773,0.0196272089135185,-1.5532707628475082,0.0109157096293625,0.0148359099618522,13.7737795532026,0.0028789186326399,-0.004474905616974,0.0012276392178147,-0.2488456240315713,0,sl,1780236000000,1780239600000,2
1780239600000|BNB/USDT:USDT|bnb_trend|long,2026-05-31 15:00:00+00:00,BNB/USDT:USDT,BNB,long,bnb_trend,42.103168427529766,0.0082634315424608,0.0351334488734835,0.0366447140381281,0.0021508313459815,0.0797480431730917,0.0007556325823223,0.0015135525438791,-0.0029031589133891,-0.0256011888678736,0.0377847163268536,0.0774306715116824,0.0119000577666027,1.526153303337043,0.0083404283033298,0.0060883394597745,15.608844768141733,0.0028613130910826,-0.0037150822867042,0.00123775603399,-7.299265362445139,0,sl,1780239600000,1780243200000,1
1780243200000|ETH/USDT:USDT|eth_trend|short,2026-05-31 16:00:00+00:00,ETH/USDT:USDT,ETH,short,eth_trend,19.52084586246123,0.0072509032396695,0.0181997171598046,0.0020688311104226,-0.0089073099403924,-0.0252184853675533,-0.0080654430246909,-0.0041701708376667,-0.0100032156726939,-0.0156037090783873,-0.0124070336134868,-0.0164577698844492,0.0040804324915168,-1.0632843134335412,0.0020839618534536,0.003250245415171,17.96588022282905,0.0030075906089623,-0.0054127272161397,0.0012674067607378,0.6983268665794458,1,tp,1780243200000,1780246800000,1
1780243200000|AAVE/USDT:USDT|aave_trend|short,2026-05-31 16:00:00+00:00,AAVE/USDT:USDT,AAVE,short,aave_trend,22.224249222766304,0.0115992102665351,0.0317127344521223,0.002344521224087,-0.0179565405596351,-0.0379372598980007,-0.0146841066140175,-0.0078354554358471,-0.0200725513905682,-0.0292285577383804,-0.0261956260514298,-0.0203460642665977,0.0068227534834904,-0.9738864823545428,0.0035616772753756,0.0047962948416844,17.96588022282905,0.0030075906089623,-0.0054127272161397,0.0012674067607378,-4.415406002585716,0,sl,1780243200000,1780268400000,8
1780243200000|NEAR/USDT:USDT|near_trend_discovery|short,2026-05-31 16:00:00+00:00,NEAR/USDT:USDT,NEAR,short,near_trend_discovery,27.92623311918993,0.0332594235033258,0.0452328159645234,0.014190687361419,-0.0189281325302156,-0.0366944102656419,-0.0155210643015521,-0.0263385146804835,-0.0267587397496764,-0.0309411259131929,-0.0391989774179803,-0.0181090481997472,0.021613215809119,-0.8851785817764781,0.0113277413231894,0.0150304326766013,17.96588022282905,0.0030075906089623,-0.0054127272161397,0.0012674067607378,1.9672312720925056,1,tp,1780243200000,1780254000000,3
1780243200000|XLM/USDT:USDT|xlm_trend_discovery|long,2026-05-31 16:00:00+00:00,XLM/USDT:USDT,XLM,long,xlm_trend_discovery,19.607846293136078,0.02987255459047,0.0848689016965664,0.102930432664989,0.0016402260345148,0.2523722243820556,0.0090307654842112,0.0063309234979374,-0.0460001548826763,0.0268400433441693,-0.0239283733460106,0.2503214146462414,0.04041537374026,-0.3954376261275682,0.0261209409645953,0.031751062850135,17.96588022282905,0.0030075906089623,-0.0054127272161397,0.0012674067607378,0.3924462967858428,1,tp,1780243200000,1780250400000,3
1780246800000|DOGE/USDT:USDT|doge_trend_loose|short,2026-05-31 17:00:00+00:00,DOGE/USDT:USDT,DOGE,short,doge_trend_loose,20.50073419512599,0.0046282322165207,0.0230405473387664,0.004427004728846,-0.0102262120534006,-0.0205956204666653,-0.0093067713049602,0.0009063444108761,-0.0142814638500445,-0.0149653121902874,-0.0211739216072484,-0.0104765437714584,0.0056327268459128,-0.9618852611200378,0.002718398106269,0.0037982396418394,20.09962749695299,0.0030502495370464,-0.004064502176205,0.0013567413451817,-0.4100260820016103,0,sl,1780246800000,1780261200000,4
1780246800000|SUI/USDT:USDT|sui_trend_discovery|short,2026-05-31 17:00:00+00:00,SUI/USDT:USDT,SUI,short,sui_trend_discovery,24.5171422861796,0.0092507994518044,0.055961626313385,0.0339195979899498,-0.0229028563433369,-0.0932416209890181,-0.0110210141617176,0.0058587018954623,-0.0282987459771389,-0.0411738939991239,-0.0374848851269647,-0.0719874836420534,0.0124727644178957,0.3577028385195495,0.0070392565231996,0.0063232531430255,20.09962749695299,0.0030502495370464,-0.004064502176205,0.0013567413451817,-0.5033477379585752,0,sl,1780246800000,1780261200000,4
1780246800000|TON/USDT:USDT|ton_trend_discovery|long,2026-05-31 17:00:00+00:00,TON/USDT:USDT,TON,long,ton_trend_discovery,36.75949020791468,0.0171935070482699,0.0278193079880393,0.0362024775736865,0.004822512336464,0.0137457073284757,0.0041915847928236,0.0070983007098301,-0.0111932418162618,0.0008015817880617,0.0219918144611186,0.0088803693015028,0.0177471051668274,2.197948863336685,0.0122281753450233,0.0097062556332418,20.09962749695299,0.0030502495370464,-0.004064502176205,0.0013567413451817,-0.0774135632917676,0,sl,1780246800000,1780250400000,2
1780250400000|ETH/USDT:USDT|eth_trend|short,2026-05-31 18:00:00+00:00,ETH/USDT:USDT,ETH,short,eth_trend,24.004789385479462,0.0035853047509037,0.018861603236275,0.0022051874409324,-0.0080526009008562,-0.025377143274715,-0.0083282078976714,-0.0025934774043281,-0.0034930537561539,-0.0143716824627031,-0.0133164267177154,-0.0174651825183395,0.0041607756616598,-0.968519293693312,0.002180772029357,0.0032333771269162,22.080964251496653,0.0029734988792417,-0.0058602168699117,0.0013768670230289,0.5346771417228643,1,tp,1780250400000,1780254000000,1
1780254000000|AVAX/USDT:USDT|avax_trend|short,2026-05-31 19:00:00+00:00,AVAX/USDT:USDT,AVAX,short,avax_trend,21.101050988115738,0.0082653985507246,0.0281929347826085,0.0046422101449275,-0.010765176863248,-0.0256066561482634,-0.0117753623188404,-0.0023720772619449,-0.0054054054054054,-0.0170283806343904,-0.0172471347501946,-0.01500298911633,0.0070137223845717,-0.6699561037056013,0.0040778629479486,0.0050683107289986,24.29053439157204,0.002963384237447,-0.0061935574566676,0.0013799001495822,-1.067079675249747,0,sl,1780254000000,1780264800000,4
1780254000000|ENA/USDT:USDT|ena_trend_discovery|short,2026-05-31 19:00:00+00:00,ENA/USDT:USDT,ENA,short,ena_trend_discovery,22.852374808385083,0.0304120719674986,0.0802089378990133,0.0171793383633198,-0.0276977651224099,-0.0787753953511288,-0.0315147997678467,-0.0107934320817544,-0.0202433754122596,-0.0410730186999109,-0.0276523702031602,-0.0525326677204946,0.0152462360733814,0.600509296845523,0.009900620780793,0.0083890487343879,24.29053439157204,0.002963384237447,-0.0061935574566676,0.0013799001495822,-0.4515268731983559,0,sl,1780254000000,1780272000000,6
1780257600000|ETH/USDT:USDT|eth_trend|short,2026-05-31 20:00:00+00:00,ETH/USDT:USDT,ETH,short,eth_trend,27.26984349975545,0.004490741894485,0.0155506267600369,0.0067336207541057,-0.003624401917452,-0.0217339235289011,-0.0044085030029655,0.0037973543597029,0.0026085261827066,-0.0100751441949505,-0.0098455312638799,-0.0181753965535682,0.0041915963615425,-0.901365160896516,0.0023452085122148,0.0032124551556984,25.39430435605177,0.0029489312923607,-0.0031591261013328,0.0014943052484929,-0.3550835903942581,0,sl,1780257600000,1780261200000,1
1780257600000|BCH/USDT:USDT|bch_trend|short,2026-05-31 20:00:00+00:00,BCH/USDT:USDT,BCH,short,bch_trend,21.65676832311988,0.0073558780455333,0.024097989615231,0.0108840367461056,-0.0050378618837002,-0.080610115549222,-0.0066069764345626,-0.000831421064884,0.0084586466165412,-0.0181699346405228,-0.0198355735351689,-0.0759549039811686,0.0079313668112691,-0.9474040041190834,0.0047427189809115,0.0060142247974964,25.39430435605177,0.0029489312923607,-0.0031591261013328,0.0014943052484929,-0.0538938822519714,0,sl,1780257600000,1780261200000,2
1780257600000|SOL/USDT:USDT|sol_trend_discovery|short,2026-05-31 20:00:00+00:00,SOL/USDT:USDT,SOL,short,sol_trend_discovery,22.422453325752368,0.0052490234375,0.0177001953125,0.0078125,-0.0040820571410539,-0.0180337857505167,-0.00494384765625,0.0046602894285012,0.0046602894285012,-0.0101498308361527,-0.0119406585454105,-0.0140089137960624,0.0051860389419838,-0.8997872367571186,0.0029354350205591,0.0035296454825562,25.39430435605177,0.0029489312923607,-0.0031591261013328,0.0014943052484929,-0.118342807059994,0,sl,1780257600000,1780261200000,1
1780257600000|ADA/USDT:USDT|ada_trend_discovery|short,2026-05-31 20:00:00+00:00,ADA/USDT:USDT,ADA,short,ada_trend_discovery,22.60981855408825,0.0055626872058194,0.0209670517757809,0.0085579803166452,-0.0056826431261939,-0.0222174554875784,-0.0062045357295678,0.0047291487532243,0.0038659793814432,-0.013507809202195,-0.0155855096882898,-0.016629310800096,0.0066168764909887,-0.9308908670767728,0.0037015991977147,0.0042600262060527,25.39430435605177,0.0029489312923607,-0.0031591261013328,0.0014943052484929,-0.1486764214015199,0,sl,1780257600000,1780261200000,1
1780257600000|NEAR/USDT:USDT|near_trend_discovery|short,2026-05-31 20:00:00+00:00,NEAR/USDT:USDT,NEAR,short,near_trend_discovery,28.24809897378425,0.0084257206208424,0.0430155210643015,0.0203991130820398,-0.0121675520177355,-0.0352449233370411,-0.0113082039911308,0.0044543429844097,0.0,-0.0092267135325131,-0.0246539792387543,-0.0233616251080263,0.020186449392774,-1.2081307165496733,0.0113169419484068,0.0147234239044492,25.39430435605177,0.0029489312923607,-0.0031591261013328,0.0014943052484929,-0.4361630277946286,0,sl,1780257600000,1780261200000,1
1780257600000|RENDER/USDT:USDT|render_trend_discovery|long,2026-05-31 20:00:00+00:00,RENDER/USDT:USDT,RENDER,long,render_trend_discovery,18.897720988667835,0.0153624579932789,0.0336053768602975,0.0384061449831973,0.0098117282957509,0.0167108813868916,0.0024003840614497,0.0141187925998054,0.0342601787487588,-0.0127962085308055,-0.0023946360153256,0.006832118203642,0.0167415706685218,-1.654058408551217,0.0105312384959307,0.0126793520594516,25.39430435605177,0.0029489312923607,-0.0031591261013328,0.0014943052484929,0.4433358755235828,1,tp,1780257600000,1780272000000,4
1780257600000|TON/USDT:USDT|ton_trend_discovery|long,2026-05-31 20:00:00+00:00,TON/USDT:USDT,TON,long,ton_trend_discovery,32.467228167200574,0.0071107784431138,0.0291381522668947,0.0349657827202738,0.0039223867429108,0.0122361046464545,0.0029138152266895,0.0048350703771355,0.0058077005807701,0.0096081183201985,0.0113550340651022,0.0082812356944409,0.0167970303838296,1.5206438842210184,0.0125572183054212,0.0098553945556481,25.39430435605177,0.0029489312923607,-0.0031591261013328,0.0014943052484929,0.4207073702553708,1,tp,1780257600000,1780272000000,4
1780264800000|ETH/USDT:USDT|eth_trend|short,2026-05-31 22:00:00+00:00,ETH/USDT:USDT,ETH,short,eth_trend,26.801545430729416,0.0048367774038485,0.0128649331152723,0.0093603821700379,-0.0007945195782909,-0.0187670002687375,-0.0017522754726172,0.0001143459412162,0.0059205032427755,-0.0040843201710958,-0.0053596768371972,-0.0179867715325795,0.0042600349964,-0.8140706520708413,0.0023707569558855,0.0030978182446072,24.479117037275937,0.003129691798736,0.0009302665680881,0.0015384054018507,1.6409413926582996,1,tp,1780264800000,1780268400000,1
1780275600000|ETH/USDT:USDT|eth_trend|short,2026-06-01 01:00:00+00:00,ETH/USDT:USDT,ETH,short,eth_trend,23.65525102895355,0.0115796230729883,0.0218302725148192,0.0005917693904775,-0.0084574489040838,-0.0267429154736007,-0.0106192515621708,-0.0103284148042266,-0.008660462156465,-0.0125876480608485,-0.0169396266971673,-0.0184414340557615,0.0055092088260908,-0.0182433109750249,0.0032564511301217,0.0033607729976438,21.39330471128661,0.0041710776739836,-0.0103119245728583,0.0023939002565724,0.3283635591184914,1,sl,1780275600000,1780279200000,1
1780275600000|AAVE/USDT:USDT|aave_trend|short,2026-06-01 01:00:00+00:00,AAVE/USDT:USDT,AAVE,short,aave_trend,26.31647589677736,0.0122594090964815,0.0250091945568224,0.0088267745494667,-0.0071129767066953,-0.0292780294085668,-0.0080912100036777,-0.0116321337695384,-0.006697515830492,-0.0111528670141836,-0.0165179647938269,-0.0223238416676574,0.0076715238580425,-0.3633057168817397,0.0047356286118522,0.0048555935697864,21.39330471128661,0.0041710776739836,-0.0103119245728583,0.0023939002565724,0.4614731171712898,1,sl,1780275600000,1780279200000,1
1780275600000|SUI/USDT:USDT|sui_trend_discovery|short,2026-06-01 01:00:00+00:00,SUI/USDT:USDT,SUI,short,sui_trend_discovery,27.270268523927,0.0188294010889292,0.0487749546279491,0.040494555353902,-0.0117831340059462,-0.081351611204002,-0.0041401996370235,-0.0174969352501949,-0.0143112701252234,-0.0216402175119297,-0.0362920857017926,-0.0703979861020449,0.0126689038715332,0.595610176441273,0.0083496846106743,0.0067179325415343,21.39330471128661,0.0041710776739836,-0.0103119245728583,0.0023939002565724,0.0603177594413132,1,sl,1780275600000,1780279200000,1
1780275600000|NEAR/USDT:USDT|near_trend_discovery|short,2026-06-01 01:00:00+00:00,NEAR/USDT:USDT,NEAR,short,near_trend_discovery,22.041748255264853,0.0260370697263899,0.0441306266548985,0.0251544571932921,-0.0116878227464924,-0.0300030987068675,-0.0094880847308032,-0.0177719982661465,-0.0228546787408365,-0.023696682464455,0.0089047195013356,-0.0185318732096094,0.0231736072517791,-0.2621585217040638,0.013290008325889,0.0144142914372909,21.39330471128661,0.0041710776739836,-0.0103119245728583,0.0023939002565724,-0.1234863273236945,0,sl,1780275600000,1780279200000,2
1780275600000|ENA/USDT:USDT|ena_trend_discovery|short,2026-06-01 01:00:00+00:00,ENA/USDT:USDT,ENA,short,ena_trend_discovery,24.36712319158934,0.0259097190234915,0.0716259788116076,0.0249884845693229,-0.0162424759010686,-0.0681189350062213,-0.0233187471211423,-0.0225123818099954,-0.0128452881664203,-0.037677304964539,-0.0253647586980919,-0.0527329731507453,0.0163163175989274,1.2044225792394534,0.0114089173651807,0.0089197151517386,21.39330471128661,0.0041710776739836,-0.0103119245728583,0.0023939002565724,0.0731476788323098,1,sl,1780275600000,1780279200000,1
1780275600000|XLM/USDT:USDT|xlm_trend_discovery|long,2026-06-01 01:00:00+00:00,XLM/USDT:USDT,XLM,long,xlm_trend_discovery,18.31491267740833,0.0566439685015405,0.0305474188762505,0.1283524175447939,0.0441683434298585,0.3033005172060132,0.0489024993342717,0.0160012368105746,0.0335784217355403,0.0256340226297309,0.1114070691696262,0.2481708772408897,0.0350334250312028,-1.429105558351398,0.0235651983436655,0.0311879290408173,21.39330471128661,0.0041710776739836,-0.0103119245728583,0.0023939002565724,0.0849100115729319,1,sl,1780275600000,1780297200000,6
1780275600000|TON/USDT:USDT|ton_trend_discovery|long,2026-06-01 01:00:00+00:00,TON/USDT:USDT,TON,long,ton_trend_discovery,33.62308945542506,0.026072329688814,0.024179983179142,0.0362699747687132,0.0122736243210237,0.0280488797101242,0.0060449957947856,-0.0175076176212363,0.0031109939361981,0.0044350580781415,0.0296043730042756,0.0155839834310428,0.0177038399748015,1.833654285961132,0.0100991730130011,0.0104391662089856,21.39330471128661,0.0041710776739836,-0.0103119245728583,0.0023939002565724,0.2286309555975789,1,sl,1780275600000,1780286400000,3
1780282800000|XRP/USDT:USDT|xrp_trend|short,2026-06-01 03:00:00+00:00,XRP/USDT:USDT,XRP,short,xrp_trend,24.409266837088424,0.0047354179194227,0.0129284425736619,0.0093205051112447,-0.0018799873100541,-0.0059467938400997,-0.0018039687312086,7.51710140569628e-05,-0.001725819764388,0.0003759681179036,-0.0101926939959824,-0.0040744664753145,0.0066737181143031,-0.102473224304872,0.0040676578435217,0.0040984357789573,21.271368909626787,0.0044940424195453,-0.005077751809531,0.0028199872645287,5.268275695701279,1,tp,1780282800000,1780293600000,3
1780282800000|ETH/USDT:USDT|eth_trend|short,2026-06-01 03:00:00+00:00,ETH/USDT:USDT,ETH,short,eth_trend,24.166518344251543,0.0049241217238906,0.0128057038158209,0.0091561778061021,-0.0011372210769524,-0.019313883856423,-0.0018247630048593,-0.0011587370263723,0.00108158759115,-0.0005125627640568,-0.0118957425245737,-0.0181973571976205,0.0059716568753456,0.2875039651430776,0.0037051440718005,0.0034649374451997,21.271368909626787,0.0044940424195453,-0.005077751809531,0.0028199872645287,0.9670887381711636,1,tp,1780282800000,1780286400000,1
1780282800000|RENDER/USDT:USDT|render_trend_discovery|long,2026-06-01 03:00:00+00:00,RENDER/USDT:USDT,RENDER,long,render_trend_discovery,18.381809196978114,0.0220553730642889,0.015016424213984,0.060065696855936,0.0226059991546663,0.0382935537814107,0.0225246363209758,0.0,0.0210828941063725,0.0528656126482212,0.0147619047619045,0.0153407613877802,0.0199059320959432,0.2136862409963521,0.0134327763840007,0.0125969842301775,21.271368909626787,0.0044940424195453,-0.005077751809531,0.0028199872645287,-0.131824529540837,0,sl,1780282800000,1780286400000,2
1780286400000|AAVE/USDT:USDT|aave_trend|short,2026-06-01 04:00:00+00:00,AAVE/USDT:USDT,AAVE,short,aave_trend,25.84980662518556,0.0135069359941591,0.0160623022633243,0.01618398637138,-0.0007195865820384,-0.021490431295404,6.084205402786156e-05,-0.0060474117077891,-0.0042408821034775,0.0140671273445212,-0.0155725922376617,-0.0207858018975079,0.008474998101204,0.0568674428544415,0.0055094038057572,0.0050659344941693,22.10388947295679,0.0046802020629895,-0.0087221809363632,0.0028788474877657,1.5048064029183352,1,tp,1780286400000,1780293600000,2
1780286400000|BCH/USDT:USDT|bch_trend|short,2026-06-01 04:00:00+00:00,BCH/USDT:USDT,BCH,short,bch_trend,22.4658693300913,0.0142547154064429,0.0271407110665998,0.0109831413787348,-0.0063319799356436,-0.0777978223168298,-0.0080787848439326,-0.0032609057332045,-0.0138920894097507,0.0054712674543502,-0.0143463525385805,-0.0719212462695112,0.0100768558807358,-0.0403618502729089,0.0068502261322918,0.0061376568218899,22.10388947295679,0.0046802020629895,-0.0087221809363632,0.0028788474877657,0.0814411911634837,1,tp,1780286400000,1780290000000,2
1780286400000|SUI/USDT:USDT|sui_trend_discovery|short,2026-06-01 04:00:00+00:00,SUI/USDT:USDT,SUI,short,sui_trend_discovery,27.50009336429514,0.0237719693555655,0.0363902658855341,0.0469806219017575,-0.0054111436854474,-0.0732120822850219,0.0052951780081116,-0.0124610591900312,-0.0108102084029867,0.0196438828259619,-0.0347977381470204,-0.0681698152649837,0.013556673004921,1.0469793929454,0.0092484318521987,0.007017247299482,22.10388947295679,0.0046802020629895,-0.0087221809363632,0.0028788474877657,0.616740265289384,1,tp,1780286400000,1780315200000,8
1780286400000|ENA/USDT:USDT|ena_trend_discovery|short,2026-06-01 04:00:00+00:00,ENA/USDT:USDT,ENA,short,ena_trend_discovery,23.53324152423392,0.02791647753064,0.0531093962778028,0.039151157512483,-0.0033667664750991,-0.0530816955883905,-0.0069791193826599,-0.0156389633601429,-0.0081044574515983,0.0147397512666973,-0.0487910189982728,-0.0498828730981197,0.0177475864378344,1.7883183643710403,0.0118496151712696,0.0094040201237828,22.10388947295679,0.0046802020629895,-0.0087221809363632,0.0028788474877657,0.6965223998746995,1,tp,1780286400000,1780315200000,8
1780290000000|ETH/USDT:USDT|eth_trend|short,2026-06-01 05:00:00+00:00,ETH/USDT:USDT,ETH,short,eth_trend,27.040870544419867,0.0051063146753878,0.0183536398794148,0.0017656412237097,-0.0072178318433472,-0.0260864661875636,-0.0082939993278525,-0.00261152774373,-0.0002056147882167,-0.0056956753764283,-0.0175728217536356,-0.0190058151218114,0.006168658160701,0.423747993495053,0.0038193329398058,0.0034895361281693,22.943192595032134,0.0045750711892881,-0.0095693650637124,0.0028996212738257,0.5232367333910173,1,tp,1780290000000,1780293600000,1
1780290000000|TON/USDT:USDT|ton_trend_discovery|long,2026-06-01 05:00:00+00:00,TON/USDT:USDT,TON,long,ton_trend_discovery,38.86344857251787,0.0330416881111684,0.0400411734431291,0.0564076170869789,0.0171867241030902,0.0472626702074062,0.0081832218219249,-0.0267481466639951,0.021341463414634,0.0374839812046134,0.0383156094693528,0.0295677729483105,0.0214956399003341,3.028666846447572,0.0134536051288576,0.0116231009242288,22.943192595032134,0.0045750711892881,-0.0095693650637124,0.0028996212738257,-0.675301310100506,0,sl,1780290000000,1780293600000,1
1780293600000|BCH/USDT:USDT|bch_trend|short,2026-06-01 06:00:00+00:00,BCH/USDT:USDT,BCH,short,bch_trend,26.617580418730977,0.0251825564730771,0.0498873950726813,0.0064491912918855,-0.0243910657240164,-0.096171787524354,-0.0217191018903979,-0.0175662085149178,-0.0280256044575635,-0.0211756847027387,-0.0397142669899731,-0.0735753018227608,0.0111031147808343,0.3729489249666091,0.0076181147649016,0.0063705141974796,24.59200313133172,0.0046732590460067,-0.0123399081329369,0.0029433459060652,1.1201089250039793,1,tp,1780293600000,1780297200000,1
1780293600000|ADA/USDT:USDT|ada_trend_discovery|short,2026-06-01 06:00:00+00:00,ADA/USDT:USDT,ADA,short,ada_trend_discovery,22.519805791988222,0.0103048518677543,0.021897810218978,0.0051524259338772,-0.0084662602518505,-0.0239957432064195,-0.0083726921425504,-0.0038494439692045,-0.0143884892086331,-0.0004291845493562,-0.0201935212452671,-0.0156620822187185,0.0090931302540325,0.7745864356379857,0.0059952001376836,0.0049518129412795,24.59200313133172,0.0046732590460067,-0.0123399081329369,0.0029433459060652,0.287330030094979,1,tp,1780293600000,1780311600000,5
1780297200000|BTC/USDT:USDT|btc_trend_loose|short,2026-06-01 07:00:00+00:00,BTC/USDT:USDT,BTC,short,btc_trend_loose,26.5805264075245,0.0070050469865794,0.0192892996464497,0.0014853777545101,-0.0103217319283381,-0.0260117623063979,-0.0089019609459697,-0.0045207956600361,-0.0129551493056544,-0.0101439163024893,-0.0143187423560913,-0.0158536676859955,0.004859522206806,0.5945594675329788,0.0030296650581306,0.0026383888215908,26.5805264075245,0.004859522206806,-0.0143187423560913,0.0030296650581306,0.446096409148031,1,tp,1780297200000,1780311600000,4
1780297200000|XRP/USDT:USDT|xrp_trend|short,2026-06-01 07:00:00+00:00,XRP/USDT:USDT,XRP,short,xrp_trend,32.206780443873434,0.0090560245587106,0.0342287029930928,0.0004604758250191,-0.0175506975783427,-0.0257093758494366,-0.0168841135840368,-0.0079939094023601,-0.0205953096812989,-0.0171230293429887,-0.0237506555780325,-0.0083044267536079,0.0072268523295826,0.3228875417665652,0.0045083564587798,0.0042958002286385,26.5805264075245,0.004859522206806,-0.0143187423560913,0.0030296650581306,5.084688971336065,1,tp,1780297200000,1780315200000,6
1780297200000|ETH/USDT:USDT|eth_trend|short,2026-06-01 07:00:00+00:00,ETH/USDT:USDT,ETH,short,eth_trend,31.26034082870872,0.0098559322891883,0.0267988215402995,0.0026120498516801,-0.0138401867852892,-0.0343387517359087,-0.0120933858443096,-0.0058527796929177,-0.0164402931570142,-0.0116572274810382,-0.0235673260377433,-0.0207862505406681,0.0065881448606096,0.689805400753781,0.003965333017714,0.0035135770373325,26.5805264075245,0.004859522206806,-0.0143187423560913,0.0030296650581306,0.350585906385066,1,tp,1780297200000,1780300800000,1
1780297200000|AAVE/USDT:USDT|aave_trend|short,2026-06-01 07:00:00+00:00,AAVE/USDT:USDT,AAVE,short,aave_trend,29.13223465536164,0.011780753968254,0.0319940476190475,0.0008680555555556,-0.0162833904391313,-0.0389041229209943,-0.0155629960317459,-0.0081180811808118,-0.0246734397677794,-0.0083620265617313,-0.0266747133373566,-0.0229951718432008,0.0089739280122784,0.3174249535013166,0.0058085069929724,0.0051672395121801,26.5805264075245,0.004859522206806,-0.0143187423560913,0.0030296650581306,1.823568337113972,1,tp,1780297200000,1780326000000,8
1780297200000|SOL/USDT:USDT|sol_trend_discovery|short,2026-06-01 07:00:00+00:00,SOL/USDT:USDT,SOL,short,sol_trend_discovery,23.36056378470873,0.0117763728771538,0.0299987603818024,0.0012396181975952,-0.0165629545132135,-0.0313537931914126,-0.0143795710921035,-0.0089680589680589,-0.0232473665092626,-0.0106696100073584,-0.0234838397288463,-0.015039944596431,0.0080775515582897,1.0322210422318574,0.0052353785257757,0.0042110779301862,26.5805264075245,0.004859522206806,-0.0143187423560913,0.0030296650581306,0.2031575333369761,1,tp,1780297200000,1780315200000,5
1780297200000|TON/USDT:USDT|ton_trend_discovery|long,2026-06-01 07:00:00+00:00,TON/USDT:USDT,TON,long,ton_trend_discovery,38.8123059114479,0.0235660524266805,0.0489488710096028,0.0483259797560343,0.0062121506886961,0.0374868410549969,-0.0003114456267841,-0.0087981066062975,-0.0366054908236235,0.0349736757279468,0.0368675995694294,0.0310816067415753,0.0217261365041632,2.714047732339305,0.0135124173181313,0.0115532603677276,26.5805264075245,0.004859522206806,-0.0143187423560913,0.0030296650581306,-0.411875868741438,0,sl,1780297200000,1780311600000,4
1780300800000|LINK/USDT:USDT|link_trend|short,2026-06-01 08:00:00+00:00,LINK/USDT:USDT,LINK,short,link_trend,24.18631770785671,0.0080035571365052,0.0306803023566029,0.0076700755891508,-0.0105625637168188,-0.0271748788910462,-0.0115051133837259,0.0039058140832497,-0.0128388017118401,-0.0104498955010449,-0.0269334775554352,-0.0167896569960314,0.0092294618663767,0.798140765501465,0.0061613725759999,0.0055091576100393,28.58418107698741,0.0048339079545931,-0.0140394028687625,0.0030370544546281,0.0192658827224532,1,sl,1780300800000,1780326000000,7
1780300800000|BCH/USDT:USDT|bch_trend|short,2026-06-01 08:00:00+00:00,BCH/USDT:USDT,BCH,short,bch_trend,32.42887820673888,0.0122624795914821,0.0688157849029075,0.0071907458227671,-0.034623546395986,-0.1102264481713393,-0.0308125195400701,-0.0031511877553845,-0.0389918210649307,-0.0418386366662228,-0.0592483660130719,-0.0783144248993302,0.0123270906756105,0.8751729652347696,0.007992335345876,0.0063848201456997,28.58418107698741,0.0048339079545931,-0.0140394028687625,0.0030370544546281,0.8755056964734304,1,tp,1780300800000,1780311600000,3
1780304400000|BNB/USDT:USDT|bnb_trend|long,2026-06-01 09:00:00+00:00,BNB/USDT:USDT,BNB,long,bnb_trend,31.1986448585306,0.0601629442337405,0.0315072341621015,0.0374912206770613,0.0101217528452071,0.0562833854587303,0.0029919932574799,0.031694274161993,0.022433503762854,0.0008998116019458,-0.0117715650073572,0.0456990778423491,0.0151748395776329,1.8871306426755765,0.0104746526886079,0.0082937414302151,29.506012389452465,0.004767252163043,-0.0129960915538275,0.0030333128966552,0.2155695262320631,1,sl,1780304400000,1780308000000,1
1780304400000|AVAX/USDT:USDT|avax_trend|short,2026-06-01 09:00:00+00:00,AVAX/USDT:USDT,AVAX,short,avax_trend,22.19975787608671,0.0065462753950338,0.0238148984198645,0.0119638826185101,-0.0054502445100409,-0.0204709886429729,-0.0059255079006772,0.0028296547821164,-0.0027014858171995,-0.0085049239033124,-0.0135827209975506,-0.0151030595000569,0.0096178171794424,0.8316895470305703,0.0070726339081712,0.0059306192691625,29.506012389452465,0.004767252163043,-0.0129960915538275,0.0030333128966552,0.0182276876471212,1,sl,1780304400000,1780329600000,7
1780308000000|XLM/USDT:USDT|xlm_trend_discovery|long,2026-06-01 10:00:00+00:00,XLM/USDT:USDT,XLM,long,xlm_trend_discovery,23.72297605152888,0.0496969696969695,0.0387121212121212,0.0826515151515151,0.0287770069126832,0.2768092876722197,0.021969696969697,0.0419955794126936,-0.0146312332039414,0.0086345228088944,0.0731707317073171,0.2410943081862521,0.0382263112122626,-0.6293964412366764,0.0263739650106009,0.0293217087860375,30.842516724637544,0.0047558694723771,-0.0155080105318019,0.0030299421180769,-0.087673027046869,0,sl,1780308000000,1780322400000,6
1780311600000|DOGE/USDT:USDT|doge_trend_loose|short,2026-06-01 11:00:00+00:00,DOGE/USDT:USDT,DOGE,short,doge_trend_loose,20.212274807006807,0.0065065065065064,0.0164164164164164,0.0095095095095095,-0.002652597975354,-0.0134310705525184,-0.0034534534534534,-0.0025958466453673,0.0075642965204236,-0.0047818290496114,-0.0082398491015586,-0.0108071395737169,0.0073664827907092,0.3858688778927723,0.0051310713080487,0.0043096624420734,32.647019577352104,0.0049789789644282,-0.0197636158974803,0.0030826056820234,0.2973814238680214,1,tp,1780311600000,1780318800000,2
1780311600000|INJ/USDT:USDT|inj_trend_discovery|long,2026-06-01 11:00:00+00:00,INJ/USDT:USDT,INJ,long,inj_trend_discovery,18.54294191596096,0.0186130291203842,0.0156109276493545,0.0561392975082557,0.017702670235353,0.1098158861292859,0.0202641849294505,-0.0031423013616639,0.0327081072701906,0.0192778457772337,-0.005226220695834,0.090510930734446,0.0224519761175226,-0.7348143269897759,0.0109444047577533,0.0165524710511544,32.647019577352104,0.0049789789644282,-0.0197636158974803,0.0030826056820234,0.0237768694277587,1,sl,1780311600000,1780318800000,2
1780315200000|BTC/USDT:USDT|btc_trend_loose|short,2026-06-01 12:00:00+00:00,BTC/USDT:USDT,BTC,short,btc_trend_loose,34.7246023759928,0.0099884892046468,0.0275206356286125,0.0045779998365494,-0.0132285236397071,-0.0324863762233103,-0.0114713178960315,-0.0035844025351676,-0.0093666338710981,-0.0225022002572607,-0.022992985718365,-0.0195160207251184,0.0053534326415455,1.0037462178435774,0.0031306446785443,0.0026720398013353,34.7246023759928,0.0053534326415455,-0.022992985718365,0.0031306446785443,0.3507078336216891,1,tp,1780315200000,1780318800000,1
1780315200000|BCH/USDT:USDT|bch_trend|short,2026-06-01 12:00:00+00:00,BCH/USDT:USDT,BCH,short,bch_trend,43.35145144785143,0.0154590054000635,0.0749655878304451,0.0206825962658382,-0.0344083688898136,-0.1200380632951229,-0.0271414957823033,0.0121097378009573,-0.0157710077465523,-0.0672877506007835,-0.0679321007961051,-0.0886810652106178,0.0138646457098497,1.58113179058917,0.0089960617920118,0.0069512868957704,34.7246023759928,0.0053534326415455,-0.022992985718365,0.0031306446785443,-0.4979609774128589,0,sl,1780315200000,1780326000000,4
1780315200000|ADA/USDT:USDT|ada_trend_discovery|short,2026-06-01 12:00:00+00:00,ADA/USDT:USDT,ADA,short,ada_trend_discovery,31.666236185020026,0.0112847222222221,0.0325520833333333,0.0069444444444444,-0.0114968361670802,-0.0326551712717166,-0.0128038194444444,0.000868809730669,-0.0034602076124566,-0.0262045646661032,-0.0303030303030303,-0.0214044181938629,0.009046336938557,0.7162742002623388,0.0061400964329029,0.0049952232676417,34.7246023759928,0.0053534326415455,-0.022992985718365,0.0031306446785443,0.0284697917820043,1,sl,1780315200000,1780329600000,4
1780315200000|TON/USDT:USDT|ton_trend_discovery|long,2026-06-01 12:00:00+00:00,TON/USDT:USDT,TON,long,ton_trend_discovery,35.59710805307731,0.0348130600473787,0.0406839015346585,0.055824492738696,0.0113588770203728,0.0437581305776002,0.0075702956020188,0.0248588166992136,0.0030476780825456,0.0028404689355987,0.0213012149581866,0.0320353677546003,0.02241526912355,2.330233038703604,0.0149549599160387,0.0119463568473271,34.7246023759928,0.0053534326415455,-0.022992985718365,0.0031306446785443,0.5874569247689981,1,tp,1780315200000,1780326000000,3
1780318800000|XRP/USDT:USDT|xrp_trend|short,2026-06-01 13:00:00+00:00,XRP/USDT:USDT,XRP,short,xrp_trend,43.14469600484246,0.0138016593006125,0.0414825153136387,0.0039544080018609,-0.0189307809807593,-0.0341221131520552,-0.0187640536558887,-0.009370919425455,-0.010890405705959,-0.023768072061161,-0.0388284394097481,-0.0154844651904199,0.0074404513969045,0.5027315462063567,0.0046592764953,0.0043091440445435,37.14208577735765,0.0059397885819873,-0.0290123373193754,0.0033517818811738,5.629520158953809,1,tp,1780318800000,1780322400000,1
1780318800000|ETH/USDT:USDT|eth_trend|short,2026-06-01 13:00:00+00:00,ETH/USDT:USDT,ETH,short,eth_trend,40.55609689727237,0.0177812961468783,0.026215232846682,0.008215730154622,-0.0114983659540847,-0.0349676149617612,-0.0089997513460299,-0.0090814463938211,-0.0082186679013962,-0.011740102907694,-0.0241799706849424,-0.0237422460412304,0.007481700588865,1.224797264782914,0.0045047959562569,0.0036764534350528,37.14208577735765,0.0059397885819873,-0.0290123373193754,0.0033517818811738,0.256983888719655,1,tp,1780318800000,1780322400000,1
1780318800000|SOL/USDT:USDT|sol_trend_discovery|short,2026-06-01 13:00:00+00:00,SOL/USDT:USDT,SOL,short,sol_trend_discovery,33.33635988047196,0.020428625140995,0.0412332372477753,0.0073944103271087,-0.0199517496984579,-0.0402021586265924,-0.0169194134603333,-0.0122555087893042,-0.0154244817374136,-0.023617229564366,-0.0355372899794511,-0.0206626652533727,0.0087275971067208,1.3858777564967184,0.0057778555355697,0.0044067030068452,37.14208577735765,0.0059397885819873,-0.0290123373193754,0.0033517818811738,0.220806900615879,1,tp,1780318800000,1780322400000,1
1780318800000|SUI/USDT:USDT|sui_trend_discovery|short,2026-06-01 13:00:00+00:00,SUI/USDT:USDT,SUI,short,sui_trend_discovery,32.5331006518466,0.0216284987277353,0.0447605829285218,0.0216284987277354,-0.0205162448523135,-0.0906324905937088,-0.0115660421003932,-0.0123372172721041,-0.0185038029288228,-0.0192831215970962,-0.0405060481633559,-0.0715848990582015,0.0132542005869605,0.8200296158121151,0.0096112991775102,0.0070988569402949,37.14208577735765,0.0059397885819873,-0.0290123373193754,0.0033517818811738,0.0099193644340598,1,sl,1780318800000,1780329600000,3
1780318800000|ENA/USDT:USDT|ena_trend_discovery|short,2026-06-01 13:00:00+00:00,ENA/USDT:USDT,ENA,short,ena_trend_discovery,29.78421332201208,0.0224523033969286,0.049906933457422,0.0150069799906933,-0.0141970935558984,-0.0705814608588642,-0.0174499767333643,-0.0057830210501966,-0.0061278760550352,-0.0101335789958545,-0.0474290780141845,-0.0571963898000163,0.016956577313919,1.1042440557938384,0.0117490517165174,0.0095070047472496,37.14208577735765,0.0059397885819873,-0.0290123373193754,0.0033517818811738,-0.0415880503535057,0,sl,1780318800000,1780329600000,4
1780322400000|BTC/USDT:USDT|btc_trend_loose|short,2026-06-01 14:00:00+00:00,BTC/USDT:USDT,BTC,short,btc_trend_loose,39.38689179291072,0.006950530060029,0.0367778499898669,0.0027743418799835,-0.0182879758086515,-0.0403627014279025,-0.0170017540549417,-0.0020948775919228,-0.0161895555778615,-0.0300652194836937,-0.0274811982552742,-0.0224859480940291,0.0060235629925787,1.498342053831914,0.0033171080553489,0.0027851719030902,39.38689179291072,0.0060235629925787,-0.0274811982552742,0.0033171080553489,0.6186945205970819,1,tp,1780322400000,1780365600000,12
1780322400000|DOGE/USDT:USDT|doge_trend_loose|short,2026-06-01 14:00:00+00:00,DOGE/USDT:USDT,DOGE,short,doge_trend_loose,24.183134580176763,0.0093230644507499,0.0289825699229833,0.0037494933117147,-0.0123591367026894,-0.0249031717948098,-0.0126165383056343,-0.0043386136615881,-0.0147763578274759,-0.0229702970297029,-0.0129038711613483,-0.0127010085935906,0.0083748255871442,1.0432088836930626,0.0051668117560514,0.0043658822761622,39.38689179291072,0.0060235629925787,-0.0274811982552742,0.0033171080553489,0.0042163436262117,1,sl,1780322400000,1780329600000,2
1780322400000|INJ/USDT:USDT|inj_trend_discovery|long,2026-06-01 14:00:00+00:00,INJ/USDT:USDT,INJ,long,inj_trend_discovery,23.809893735369545,0.0298905001479727,0.0198283515833087,0.06954720331459,0.0226739983856978,0.1214760028757589,0.0248594258656407,-0.0028036004131621,0.0112225048630854,0.0298689423956111,0.0537969748947451,0.0966114369251796,0.0242157344655644,-0.2908176236994729,0.0108007487805464,0.0161806144930762,39.38689179291072,0.0060235629925787,-0.0274811982552742,0.0033171080553489,1.0123702301479998,1,tp,1780322400000,1780340400000,5
1780326000000|XRP/USDT:USDT|xrp_trend|short,2026-06-01 15:00:00+00:00,XRP/USDT:USDT,XRP,short,xrp_trend,47.18755628191671,0.0088972137672676,0.04737376102396,0.002497463513619,-0.0210743629877801,-0.0396721545936311,-0.0224381487551703,-0.003034547152194,-0.016653875671527,-0.0369061936259771,-0.03654410106023,-0.018998165849056,0.007657304277039,0.6756321769967484,0.0044006642858927,0.0040768093490707,41.75119073812462,0.006258842909734,-0.0341527029688848,0.0034534612339856,-4.827175729691994,0,sl,1780326000000,1780333200000,2
1780326000000|ETH/USDT:USDT|eth_trend|short,2026-06-01 15:00:00+00:00,ETH/USDT:USDT,ETH,short,eth_trend,44.2693083918056,0.0103679609676764,0.0277851189266111,0.006698515958528,-0.0106740916999682,-0.0357458913940926,-0.0105433014840415,-5.082307977688494e-06,-0.0066288691543017,-0.0203537003106827,-0.0208558305258496,-0.0253423057900156,0.0076400542501912,1.3264396493056407,0.0043474772895127,0.0031985586275958,41.75119073812462,0.006258842909734,-0.0341527029688848,0.0034534612339856,-0.4141082665239786,0,sl,1780326000000,1780333200000,2
1780326000000|SOL/USDT:USDT|sol_trend_discovery|short,2026-06-01 15:00:00+00:00,SOL/USDT:USDT,SOL,short,sol_trend_discovery,37.61282636070944,0.0109351432880843,0.0442433383609853,0.0051533433886374,-0.0188265922111674,-0.0421652194989004,-0.019544997486174,-0.0012553351744915,-0.0151027482050012,-0.0366872502724301,-0.0277404374923622,-0.0237864449876692,0.008895056128961,1.4730774147097383,0.0054932640435015,0.0039996762617049,41.75119073812462,0.006258842909734,-0.0341527029688848,0.0034534612339856,-0.1975709368355682,0,sl,1780326000000,1780333200000,2
1780329600000|AAVE/USDT:USDT|aave_trend|short,2026-06-01 16:00:00+00:00,AAVE/USDT:USDT,AAVE,short,aave_trend,41.92911374300856,0.0179964762144474,0.0445507173420589,0.0144726906619681,-0.0179636551674218,-0.0495089304248138,-0.0150390133400454,0.0050594485201111,-0.0160970777612681,-0.0330980773910928,-0.0194965449160909,-0.0321223093456586,0.010834474536419,1.3551100327496517,0.0061626873593508,0.0046776940367889,44.19767384930453,0.0067238270195719,-0.026696634961408,0.0037859493684674,-1.2118424867068505,0,sl,1780329600000,1780333200000,1
1780329600000|BCH/USDT:USDT|bch_trend|short,2026-06-01 16:00:00+00:00,BCH/USDT:USDT,BCH,short,bch_trend,47.71790806508479,0.0128178407669862,0.0579755453661247,0.0361609003751562,-0.0102228611512373,-0.1019138908354204,-0.0109073224954841,0.0045713089297554,0.0160590124589701,-0.0389584376564847,-0.0337003222341568,-0.0926380556645625,0.0137238857955152,1.5899610776717308,0.0095649672099214,0.0067545186550531,44.19767384930453,0.0067238270195719,-0.026696634961408,0.0037859493684674,-0.4683307817535343,0,time_stop,1780329600000,1780344000000,6
1780329600000|XLM/USDT:USDT|xlm_trend_discovery|long,2026-06-01 16:00:00+00:00,XLM/USDT:USDT,XLM,long,xlm_trend_discovery,21.784147286599712,0.0400294505153841,0.0626210958691777,0.0611873207781136,0.0064429329466218,0.2307700228522338,-0.000716887545532,0.034764826175869,-0.035794350620236,-0.017887045212361,0.0474064453283546,0.2228910180220914,0.0402329945779501,-0.1696112601716226,0.0250106259222426,0.0298572999788114,44.19767384930453,0.0067238270195719,-0.026696634961408,0.0037859493684674,0.1322895221356045,1,tp,1780329600000,1780336800000,3
1780329600000|TON/USDT:USDT|ton_trend_discovery|long,2026-06-01 16:00:00+00:00,TON/USDT:USDT,TON,long,ton_trend_discovery,37.61308394613794,0.0947443371456543,0.014596591161942,0.1841039562102266,0.1422071781241578,0.2030235513498994,0.0847536825241423,0.0818969667790081,0.1572252549181172,0.1255760368663594,0.2083781458378146,0.053244607800154,0.0294615243609064,3.5301936250531893,0.0252883156080491,0.0170839476714594,44.19767384930453,0.0067238270195719,-0.026696634961408,0.0037859493684674,0.5738559576975191,1,sl,1780329600000,1780333200000,1
1780333200000|ADA/USDT:USDT|ada_trend_discovery|short,2026-06-01 17:00:00+00:00,ADA/USDT:USDT,ADA,short,ada_trend_discovery,36.47656756000148,0.0090948462537894,0.0285838025119098,0.0246860112602857,-0.0023671462132222,-0.0286897194182689,-0.001948895625812,0.0030408340573415,0.0100612423447068,-0.0124037639007699,-0.0098627787307032,-0.0263850304299146,0.0105554051064173,1.5854917646798223,0.0067838978180749,0.0051888495153488,45.674857816214455,0.0065852377311841,-0.0280043918877653,0.0037401550904284,0.3083522780287122,1,tp,1780333200000,1780365600000,9
1780333200000|NEAR/USDT:USDT|near_trend_discovery|long,2026-06-01 17:00:00+00:00,NEAR/USDT:USDT,NEAR,long,near_trend_discovery,19.676392561681272,0.0414691943127962,0.0086887835703,0.1275671406003159,0.0695394477612519,0.0816490188003556,0.0594391785150079,0.0343137254901961,0.065208245687842,0.0783645655877343,0.1144366197183099,0.0113222294553523,0.0267776677923814,0.9059833082514755,0.0157120362579265,0.0147447628935425,45.674857816214455,0.0065852377311841,-0.0280043918877653,0.0037401550904284,0.6926350205636371,1,tp,1780333200000,1780336800000,1
1780336800000|XRP/USDT:USDT|xrp_trend|short,2026-06-01 18:00:00+00:00,XRP/USDT:USDT,XRP,short,xrp_trend,46.267606847775184,0.0064062982401975,0.0358135226921889,0.0135072553257178,-0.00764508485321,-0.0281329522488788,-0.0111531336832354,-0.003154574132492,0.0080921257391846,-0.0136277122192614,-0.0235152246005425,-0.0206457055665796,0.007829154772799,0.8526964041020377,0.0050290676681309,0.0042335132429597,47.124468523191446,0.0064479228426655,-0.0285930589421777,0.0037441787503066,0.0511163685472664,1,sl,1780336800000,1780351200000,4
1780336800000|AAVE/USDT:USDT|aave_trend|short,2026-06-01 18:00:00+00:00,AAVE/USDT:USDT,AAVE,short,aave_trend,41.56160410998145,0.0106090863704444,0.0359460808786819,0.022591113330005,-0.0081796469321338,-0.0408384131717017,-0.0066774837743384,-0.001619937694704,0.0037584565271862,-0.0145141451414513,-0.0147565174618788,-0.0329281065250868,0.0111569470785016,1.571658148406561,0.0064153305054746,0.0047387285552668,47.124468523191446,0.0064479228426655,-0.0285930589421777,0.0037441787503066,-0.2084549570103278,0,sl,1780336800000,1780344000000,3
1780336800000|SOL/USDT:USDT|sol_trend_discovery|short,2026-06-01 18:00:00+00:00,SOL/USDT:USDT,SOL,short,sol_trend_discovery,36.60252648438699,0.0079198119044672,0.0280905828486572,0.0216557356762776,-0.002191939055681,-0.0262948847276186,-0.0032174235861897,-0.0011124845488257,0.0144363545066532,-0.0072481572481573,-0.0108935128518972,-0.0241558939192441,0.0093936664250387,1.7607702236513385,0.0060567118709165,0.0041171325423878,47.124468523191446,0.0064479228426655,-0.0285930589421777,0.0037441787503066,-0.0371205304561598,0,sl,1780336800000,1780340400000,2
1780336800000|SUI/USDT:USDT|sui_trend_discovery|short,2026-06-01 18:00:00+00:00,SUI/USDT:USDT,SUI,short,sui_trend_discovery,31.75390299912931,0.0085655550479671,0.0316354499771584,0.021356783919598,-0.0039258759990665,-0.0753643456638119,-0.0051393330287802,-0.0053390889469497,0.0103854142626356,-0.0055650198750708,-0.0034145231049397,-0.0717200336233997,0.0137730234382319,1.1304968194668787,0.0085613459674857,0.0068286773622767,47.124468523191446,0.0064479228426655,-0.0285930589421777,0.0037441787503066,-0.048540758975495,0,sl,1780336800000,1780344000000,3
1780336800000|TON/USDT:USDT|ton_trend_discovery|long,2026-06-01 18:00:00+00:00,TON/USDT:USDT,TON,long,ton_trend_discovery,42.14452100359125,0.0214849061735108,0.0334058562233705,0.1689783337866014,0.0985679456271406,0.1770791623843793,0.0677862387816154,0.0128546506289597,0.1374510208290369,0.1351101049598682,0.1930564568462036,0.0714668738240118,0.031262789895326,3.199142231623006,0.0262102810373689,0.0174112340337894,47.124468523191446,0.0064479228426655,-0.0285930589421777,0.0037441787503066,-0.8105166707661173,0,sl,1780336800000,1780358400000,7
1780340400000|BNB/USDT:USDT|bnb_trend|long,2026-06-01 19:00:00+00:00,BNB/USDT:USDT,BNB,long,bnb_trend,19.196633431379848,0.0082139062006376,0.0502886355150923,0.0319222263706597,0.0019426492614623,0.0309632834676985,-0.0091832045722162,0.0070862497830739,0.0272455045655028,0.0142736461883536,-0.0178135710356694,0.0289643666008502,0.0153390222852263,1.262283958108625,0.0108571593132662,0.0087845275096691,48.47053560824151,0.0062655444789576,-0.0265349508105747,0.0037811292698608,-0.088368049246782,0,sl,1780340400000,1780347600000,3
1780340400000|NEAR/USDT:USDT|near_trend_discovery|long,2026-06-01 19:00:00+00:00,NEAR/USDT:USDT,NEAR,long,near_trend_discovery,25.053892955452103,0.0313815537696134,0.0141599693838499,0.1427477994642172,0.084797771060929,0.1138609174619393,0.0642939150401835,0.0143633540372669,0.0855837141670128,0.1336225596529283,0.1639198218262805,0.0267913035741091,0.0268992132541811,0.9597430105679868,0.0152936922439014,0.0148843621985634,48.47053560824151,0.0062655444789576,-0.0265349508105747,0.0037811292698608,1.085062640854363,1,tp,1780340400000,1780369200000,8
1780344000000|RENDER/USDT:USDT|render_trend_discovery|long,2026-06-01 20:00:00+00:00,RENDER/USDT:USDT,RENDER,long,render_trend_discovery,20.607072600585884,0.0245939675174013,0.0037122969837587,0.0928074245939674,0.0449265324863732,0.0501651749044828,0.0445475638051042,0.0126879699248119,0.0605314960629919,0.0584479371316304,0.0345655304848773,0.0050134074073556,0.0225159072155266,1.9603167910685373,0.0147554271684793,0.0124562374708198,49.60234921819454,0.0061165578040435,-0.0310822415680719,0.0037027887266341,-0.0836504724305798,0,sl,1780344000000,1780362000000,6
1780344000000|INJ/USDT:USDT|inj_trend_discovery|long,2026-06-01 20:00:00+00:00,INJ/USDT:USDT,INJ,long,inj_trend_discovery,36.47446606526713,0.0503781932353361,0.0480947623804767,0.0860568003425146,0.0257915804151344,0.1509222635598246,0.0189810189810188,-0.0434129692832765,-0.0103107344632769,0.0778341793570218,0.0873680943513346,0.1219845098495058,0.0286513120057009,0.8627681005276076,0.0170338046419913,0.0163000701283945,49.60234921819454,0.0061165578040435,-0.0310822415680719,0.0037027887266341,-0.961578548860231,0,sl,1780344000000,1780347600000,1
1780347600000|AAVE/USDT:USDT|aave_trend|short,2026-06-01 21:00:00+00:00,AAVE/USDT:USDT,AAVE,short,aave_trend,40.72221693971349,0.009024818250188,0.0403609927300075,0.0184256705941338,-0.0107263852778579,-0.0438100582881477,-0.0109676610679368,-0.0080815616063658,-0.0058566978193146,-0.0183339485665066,-0.0284948855333658,-0.0334423889588747,0.0106892279024479,1.4151680212790156,0.0065523632560681,0.0048487381763213,51.08613803285887,0.0062247107488126,-0.0386674356828945,0.0037412443591641,1.8640043598126927,1,tp,1780347600000,1780365600000,5
1780347600000|AVAX/USDT:USDT|avax_trend|short,2026-06-01 21:00:00+00:00,AVAX/USDT:USDT,AVAX,short,avax_trend,20.76215238623245,0.0092394366197183,0.0220845070422534,0.0229859154929578,-0.000364196656184,-0.0164428433549172,0.0004507042253522,-0.0067151650811416,-0.0049332884852562,0.0016930022573364,-0.0068263205013429,-0.0160845046215327,0.0104465815728496,1.2884801686570155,0.0074108141087806,0.0053709470576742,51.08613803285887,0.0062247107488126,-0.0386674356828945,0.0037412443591641,0.1115744032093981,1,tp,1780347600000,1780351200000,2
1780347600000|DOGE/USDT:USDT|doge_trend_loose|short,2026-06-01 21:00:00+00:00,DOGE/USDT:USDT,DOGE,short,doge_trend_loose,20.7809436282052,0.0088123372721809,0.0168235529741638,0.0211295814139795,-0.0006293865709912,-0.0123479181370589,0.0021530142199078,-0.0073558648111331,-0.0022979318613247,-0.0015996800639871,-0.0038902743142145,-0.0117259116974227,0.0087151080923162,1.3770737113727776,0.006186783269386,0.004349032243857,51.08613803285887,0.0062247107488126,-0.0386674356828945,0.0037412443591641,-0.0412219686187467,0,sl,1780347600000,1780351200000,2
1780347600000|SOL/USDT:USDT|sol_trend_discovery|short,2026-06-01 21:00:00+00:00,SOL/USDT:USDT,SOL,short,sol_trend_discovery,34.25497648896126,0.0081835089894607,0.0301301921884686,0.0197148171109733,-0.0040674014040886,-0.0275230014476739,-0.0052076875387475,-0.005671310565898,-0.0030902348578492,-0.004812438302073,-0.0196912604837727,-0.0235513930125929,0.0089165178416655,1.4880376443511794,0.0060435469326528,0.0041313980947011,51.08613803285887,0.0062247107488126,-0.0386674356828945,0.0037412443591641,-0.0256330829801398,0,sl,1780347600000,1780351200000,2
1780347600000|SUI/USDT:USDT|sui_trend_discovery|short,2026-06-01 21:00:00+00:00,SUI/USDT:USDT,SUI,short,sui_trend_discovery,29.51056651411693,0.0144977562996203,0.0393510528132551,0.0140375100678863,-0.0102645206710518,-0.0801825789361491,-0.0126567713726843,-0.0127229353629444,-0.0127229353629444,-0.0133953910773073,-0.0282871198568872,-0.0706431766116967,0.0134592131649406,1.0482157728564827,0.008295510347762,0.0069542448072938,51.08613803285887,0.0062247107488126,-0.0386674356828945,0.0037412443591641,0.0096865452789094,1,sl,1780347600000,1780351200000,1
1780351200000|INJ/USDT:USDT|inj_trend_discovery|long,2026-06-01 22:00:00+00:00,INJ/USDT:USDT,INJ,long,inj_trend_discovery,34.587000714451314,0.0416725726435153,0.0409638554216868,0.0922749822820694,0.0295204783916202,0.1555802015707408,0.0256555634301912,0.0318853298230217,-0.018366495060526,0.0556636241209038,0.0726775125437129,0.1224450856733405,0.0299103231207038,1.1704115071524075,0.0187518067099066,0.01644245873796,52.54652521223302,0.0063839252028344,-0.0343878731305423,0.0039700209387166,0.9817509167650356,1,time_stop,1780351200000,1780408800000,17
1780354800000|XRP/USDT:USDT|xrp_trend|short,2026-06-01 23:00:00+00:00,XRP/USDT:USDT,XRP,short,xrp_trend,44.54848546985056,0.0063237448908768,0.0338551708182309,0.0143441042646718,-0.0042313514739234,-0.0260239290726078,-0.0097555332767795,-0.00238498230497,-0.0019242610837437,-0.0048349961627014,-0.02701283109477,-0.0218851814936546,0.0074833784775162,0.6819901502777013,0.005225774823128,0.004228810405803,53.32099506850451,0.0062918828704339,-0.0307074234384927,0.0039566947180422,5.685590050401517,1,tp,1780354800000,1780362000000,2
1780358400000|SOL/USDT:USDT|sol_trend_discovery|short,2026-06-02 00:00:00+00:00,SOL/USDT:USDT,SOL,short,sol_trend_discovery,30.87341589862817,0.0053171757141089,0.0258439470755532,0.0223816000989242,-0.0018754422795286,-0.0242533099674028,-0.0017311734883144,-0.004676923076923,-0.0029589446430772,0.0011141371626641,-0.0230732060884271,-0.0224199149442641,0.0089066046375537,1.437180740020629,0.0062700219165876,0.00426284305099,54.17023986605246,0.0061789417956955,-0.0350470516552703,0.0038628434283023,0.3036483441249672,1,tp,1780358400000,1780365600000,2
1780358400000|SUI/USDT:USDT|sui_trend_discovery|short,2026-06-02 00:00:00+00:00,SUI/USDT:USDT,SUI,short,sui_trend_discovery,28.97075387088353,0.010650480989464,0.0344709115895556,0.0186669720568025,-0.005320358815231,-0.073888442415678,-0.0079019697663765,-0.0068243858052775,-0.0080654322390094,-0.0025131368517249,-0.0268583528362866,-0.0689348416931256,0.0133348421497254,0.9932994156648428,0.0087166048456467,0.0070723598559764,54.17023986605246,0.0061789417956955,-0.0350470516552703,0.0038628434283023,0.6564925055807079,1,tp,1780358400000,1780387200000,8
1780365600000|XRP/USDT:USDT|xrp_trend|short,2026-06-02 02:00:00+00:00,XRP/USDT:USDT,XRP,short,xrp_trend,47.33387590291791,0.0133966819845781,0.0401900459537346,0.0130072435547939,-0.0104100660902281,-0.0346196832479731,-0.0135914011994703,0.0037526385739974,-0.0122326511771041,-0.0010115157173979,-0.0348793505224385,-0.024464292054887,0.0080543707218072,1.243114171646531,0.0046952411978868,0.0039282105760502,56.8744930380775,0.0069369324718553,-0.0399410028698742,0.0036441793353384,6.307911902761625,1,tp,1780365600000,1780383600000,5
1780365600000|RENDER/USDT:USDT|render_trend_discovery|long,2026-06-02 02:00:00+00:00,RENDER/USDT:USDT,RENDER,long,render_trend_discovery,19.187864969966657,0.0496980956804459,0.006967022758941,0.0919647004180213,0.0318848203414805,0.0473265285423848,0.0424988388295401,0.0365912373615793,0.0160453043888626,0.0967906265919511,0.0103237916471141,0.0149645657116985,0.0245736651803487,2.654334782396185,0.0150261444011017,0.0131548193515281,56.8744930380775,0.0069369324718553,-0.0399410028698742,0.0036441793353384,0.7428444890224852,1,tp,1780365600000,1780369200000,1
1780365600000|TON/USDT:USDT|ton_trend_discovery|long,2026-06-02 02:00:00+00:00,TON/USDT:USDT,TON,long,ton_trend_discovery,39.787518384743,0.0386432350718066,0.0770502645502645,0.1151266061980347,0.0246359409804654,0.1181125051581473,0.019038170823885,0.0292215685321144,-0.0175894556086694,0.0913590431016704,0.0830391404451267,0.0912290506696797,0.0308209321992545,1.9071168300864267,0.0279608589082516,0.0185899933082999,56.8744930380775,0.0069369324718553,-0.0399410028698742,0.0036441793353384,-0.0756006822196905,0,sl,1780365600000,1780376400000,5
1780369200000|BTC/USDT:USDT|btc_trend_loose|short,2026-06-02 03:00:00+00:00,BTC/USDT:USDT,BTC,short,btc_trend_loose,57.57644848715051,0.0035800549063953,0.0408230601220799,0.0124462956513401,-0.009886317709048,-0.0435817551502352,-0.0141883822353699,0.0014219147133578,-0.0065946226091341,-0.0025133826727088,-0.0381194960620524,-0.0340318874931834,0.0066880093335014,1.8356295791500612,0.0036919401644578,0.0028359159017701,57.57644848715051,0.0066880093335014,-0.0381194960620524,0.0036919401644578,1.139605590982516,1,tp,1780369200000,1780390800000,6
1780369200000|AAVE/USDT:USDT|aave_trend|short,2026-06-02 03:00:00+00:00,AAVE/USDT:USDT,AAVE,short,aave_trend,44.09066367842354,0.0082831325301204,0.0397841365461845,0.0239708835341366,-0.005884850497888,-0.0424477823447179,-0.007906626506024,0.0056796667928815,-0.0069790628115651,0.0078421452061725,-0.0362844702467344,-0.0367793729580943,0.0111691891866786,1.6780490435925517,0.0066208562577218,0.0051222242495431,57.57644848715051,0.0066880093335014,-0.0381194960620524,0.0036919401644578,1.7777407127869824,1,tp,1780369200000,1780405200000,10
1780369200000|SOL/USDT:USDT|sol_trend_discovery|short,2026-06-02 03:00:00+00:00,SOL/USDT:USDT,SOL,short,sol_trend_discovery,32.04615871047252,0.0051928783382789,0.0229970326409495,0.0225024727992086,-0.0003911114799009,-0.0233290326679854,-0.0002472799208705,0.0014858841010398,-0.0045538461538462,0.0165912518853694,-0.0207046857973121,-0.0229468959825314,0.009403120098264,1.6223490926725324,0.0058777489058245,0.0044435449877779,57.57644848715051,0.0066880093335014,-0.0381194960620524,0.0036919401644578,0.3147381965941266,1,tp,1780369200000,1780383600000,4
1780369200000|ADA/USDT:USDT|ada_trend_discovery|short,2026-06-02 03:00:00+00:00,ADA/USDT:USDT,ADA,short,ada_trend_discovery,36.02392706312488,0.0065818341377797,0.0421237384817902,0.0153576129881527,-0.0094574090188512,-0.0381708859488513,-0.0133830627468187,-0.0004385964912281,-0.0129926375054135,0.0048500881834214,-0.0375844594594595,-0.0289876247537815,0.0101576626473253,1.340283593290332,0.0056883944087381,0.0048860644913749,57.57644848715051,0.0066880093335014,-0.0381194960620524,0.0036919401644578,0.4485041227329965,1,tp,1780369200000,1780401600000,9
1780372800000|LINK/USDT:USDT|link_trend|short,2026-06-02 04:00:00+00:00,LINK/USDT:USDT,LINK,short,link_trend,25.00032619954562,0.0095035778175312,0.0197898032200357,0.0159883720930233,-0.0068497083149963,-0.0279539747615867,-0.0019007155635062,-0.0077656978034167,-0.0061117901989109,-0.0065533710985226,-0.0185449358059912,-0.0212498215257877,0.010362330246219,1.5062535394823204,0.006249746525597,0.0051965060065989,58.29046613911801,0.00655807408874,-0.0369440634796238,0.0036779354045098,1.0996597871110467,1,tp,1780372800000,1780380000000,2
1780372800000|AVAX/USDT:USDT|avax_trend|short,2026-06-02 04:00:00+00:00,AVAX/USDT:USDT,AVAX,short,avax_trend,22.742977643061582,0.0106757524134014,0.0203293583191368,0.0159000567859171,-0.0070792048912488,-0.0230298753624883,-0.0022146507666099,-0.008445945945946,-0.0082225726514981,-0.0073280721533257,-0.0155411449016101,-0.0160643936050231,0.0111403469991343,1.5814190656281129,0.0065850400480736,0.0055390414058054,58.29046613911801,0.00655807408874,-0.0369440634796238,0.0036779354045098,1.0982245710160794,1,tp,1780372800000,1780380000000,2
1780372800000|NEAR/USDT:USDT|near_trend_discovery|long,2026-06-02 04:00:00+00:00,NEAR/USDT:USDT,NEAR,long,near_trend_discovery,41.84272493433368,0.0414781297134237,0.039969834087481,0.1391402714932127,0.0384034900036106,0.1179356063435011,0.0495852187028657,-0.0289271329183448,0.0235430335777691,0.0833333333333334,0.1328492097394276,0.0765907637113334,0.0323350902292349,2.5671794691313816,0.0177707919768333,0.0150254869176872,58.29046613911801,0.00655807408874,-0.0369440634796238,0.0036779354045098,-0.6374823874320381,0,sl,1780372800000,1780376400000,1
1780372800000|RENDER/USDT:USDT|render_trend_discovery|long,2026-06-02 04:00:00+00:00,RENDER/USDT:USDT,RENDER,long,render_trend_discovery,19.145997597166897,0.0262430939226519,0.0234806629834252,0.0999079189686924,0.0317424906499989,0.0551999948857608,0.0382136279926336,-0.0167496604798551,0.026950354609929,0.0688976377952756,0.0367541766109784,0.022735812907137,0.0253511765971505,2.691442117756234,0.0158912412216873,0.0134891046224777,58.29046613911801,0.00655807408874,-0.0369440634796238,0.0036779354045098,-0.4113749139641605,0,sl,1780372800000,1780380000000,2
1780376400000|ENA/USDT:USDT|ena_trend_discovery|short,2026-06-02 05:00:00+00:00,ENA/USDT:USDT,ENA,short,ena_trend_discovery,22.46725733604408,0.0164523230216661,0.0397404703974047,0.0202757502027575,-0.0146712979829364,-0.0597053056742849,-0.0097323600973236,-0.0107736389684813,-0.0019657724329325,-0.0336990595611285,-0.0135999999999999,-0.0457045528047235,0.0173669046410678,1.0919340478956188,0.0107008252678529,0.0098015016778254,59.28678695457064,0.0067458561911845,-0.0420679355423863,0.0038857423003676,0.013133134112279,1,sl,1780376400000,1780394400000,5
1780380000000|ETH/USDT:USDT|eth_trend|short,2026-06-02 06:00:00+00:00,ETH/USDT:USDT,ETH,short,eth_trend,38.239132807236494,0.0055159953772628,0.0140852178389208,0.0136713920192176,-0.0053383432075948,-0.0258231805124471,-0.0002069129098516,-0.0012953106729567,-0.0074783113942819,-0.0051661813435083,-0.0028081264562752,-0.0205947793050673,0.0079347228534246,1.5037554275451022,0.0048945300817948,0.0036458539762344,60.408967791720166,0.0068141117357889,-0.0414449584579231,0.0038798528563892,0.2638863730913938,1,tp,1780380000000,1780390800000,3
1780380000000|BCH/USDT:USDT|bch_trend|short,2026-06-02 06:00:00+00:00,BCH/USDT:USDT,BCH,short,bch_trend,30.42373211002967,0.0125416009809072,0.0313540024522683,0.0279558591697318,-0.0156938375848188,-0.0983566905424783,-0.0016990716412682,-0.0076481835564052,-0.0218285244328696,-0.0198805109188299,-0.0259673786937828,-0.0839808345350907,0.0128018426049307,1.127178584090674,0.0092004110490225,0.0071028928892421,60.408967791720166,0.0068141117357889,-0.0414449584579231,0.0038798528563892,0.0519511619934778,1,tp,1780380000000,1780387200000,3
1780380000000|DOGE/USDT:USDT|doge_trend_loose|short,2026-06-02 06:00:00+00:00,DOGE/USDT:USDT,DOGE,short,doge_trend_loose,20.401065639658118,0.0085668212054021,0.0199556541019955,0.0148155613787542,-0.0089290740274139,-0.0180562229792253,-0.0025700463616206,-0.0026135906714916,-0.01557694215696,-0.0069062155940345,-0.0089892129444666,-0.0092093801892679,0.0089410816822132,1.4544633870790418,0.0061390190582774,0.0045122063299968,60.408967791720166,0.0068141117357889,-0.0414449584579231,0.0038798528563892,0.2334263691652734,1,tp,1780380000000,1780408800000,8
1780380000000|NEAR/USDT:USDT|near_trend_discovery|long,2026-06-02 06:00:00+00:00,NEAR/USDT:USDT,NEAR,long,near_trend_discovery,40.34476953364296,0.0230503265462927,0.0595466769112561,0.1229350749135613,0.0158814566483857,0.0951975562580737,0.0316941990011525,0.0023103581055063,-0.0228978978978978,0.0104813664596272,0.1214993537268418,0.0780761368273903,0.0321160031589538,2.312368399625359,0.0182494482716633,0.0150375881583209,60.408967791720166,0.0068141117357889,-0.0414449584579231,0.0038798528563892,0.4451834226755671,1,time_stop,1780380000000,1780408800000,8
1780383600000|LINK/USDT:USDT|link_trend|short,2026-06-02 07:00:00+00:00,LINK/USDT:USDT,LINK,short,link_trend,29.536616339933445,0.011197828299966,0.0302002035968783,0.0067865626060398,-0.0137994183774856,-0.0380585563220775,-0.0117068204954193,0.0007923930269413,-0.0191923674284446,-0.0262143407864303,-0.0133913625711417,-0.0245985840980546,0.0105162230233162,1.57153114160557,0.0062332166986502,0.0052846548613934,61.57002584165635,0.006921165778062,-0.0370547473689852,0.0038500423973645,1.0471223738450413,1,tp,1780383600000,1780408800000,7
1780383600000|AVAX/USDT:USDT|avax_trend|short,2026-06-02 07:00:00+00:00,AVAX/USDT:USDT,AVAX,short,avax_trend,27.47080664969057,0.009985079765867,0.0311029496155171,0.0066567198439113,-0.0131127414068926,-0.0323029173879276,-0.0122231148858028,0.0004592949822022,-0.0188063063063065,-0.0270240089335567,-0.0085343650432408,-0.0194451552737566,0.0112244475286521,1.5401892123452658,0.0065140286280021,0.0055968228705223,61.57002584165635,0.006921165778062,-0.0370547473689852,0.0038500423973645,-0.087647288028169,0,sl,1780383600000,1780387200000,2
1780387200000|XRP/USDT:USDT|xrp_trend|short,2026-06-02 08:00:00+00:00,XRP/USDT:USDT,XRP,short,xrp_trend,53.562336713178674,0.0056957519183607,0.0355193418242227,0.0053002135906968,-0.0164638977614434,-0.0470739601704043,-0.0151095641167628,-0.0025250532628423,-0.0121131603626133,-0.0264171287738755,-0.0293327190355524,-0.0311224593985838,0.0082720342508504,1.5940041413207704,0.0048812085853385,0.0040176812300735,62.648151173739954,0.0069326119546968,-0.0422815835731252,0.0038297916113755,8.578579317427375,1,tp,1780387200000,1780408800000,6
1780387200000|SOL/USDT:USDT|sol_trend_discovery|short,2026-06-02 08:00:00+00:00,SOL/USDT:USDT,SOL,short,sol_trend_discovery,37.23307052433418,0.0045243182103807,0.0262661807213774,0.0064094507980393,-0.0108223261507389,-0.0374080839909124,-0.009928364961669,-0.0007534848675122,-0.0104464618828504,-0.018986561459746,-0.0166831438457737,-0.0268766254465876,0.009199907384364,1.3318550307493044,0.0057982035645075,0.0045965778014587,62.648151173739954,0.0069326119546968,-0.0422815835731252,0.0038297916113755,0.3180368155396047,1,tp,1780387200000,1780408800000,6
1780390800000|AVAX/USDT:USDT|avax_trend|short,2026-06-02 09:00:00+00:00,AVAX/USDT:USDT,AVAX,short,avax_trend,30.586093572303835,0.0069132388524024,0.0351422974997119,0.002765295540961,-0.0141802527212143,-0.0354174023393818,-0.0161885009793754,-0.0029867892016082,-0.0060696289509847,-0.0220845070422535,-0.0204288939051917,-0.0215426295494583,0.0105996913218852,1.167098674471571,0.0063755016358724,0.0055831369235897,63.85271492327423,0.0070331586560783,-0.0475189142298696,0.0038980450049685,-0.0840406917373343,0,sl,1780390800000,1780394400000,2
1780390800000|BCH/USDT:USDT|bch_trend|short,2026-06-02 09:00:00+00:00,BCH/USDT:USDT,BCH,short,bch_trend,32.641310019268026,0.0141881612001556,0.0392031985281109,0.0182570852351129,-0.0208609974120355,-0.1046175421958915,-0.010473056646499,-0.0093585699263932,-0.0174517642968885,-0.0240002762621727,-0.0203805760632214,-0.0855410156908047,0.0129813276662847,1.1402100083859907,0.0090243921291106,0.0071961804753112,63.85271492327423,0.0070331586560783,-0.0475189142298696,0.0038980450049685,0.0149507376429095,1,sl,1780390800000,1780416000000,7
1780390800000|SUI/USDT:USDT|sui_trend_discovery|short,2026-06-02 09:00:00+00:00,SUI/USDT:USDT,SUI,short,sui_trend_discovery,38.69789192153212,0.0160752560133364,0.055370326268159,0.0050011907597046,-0.0285807564303541,-0.1023169307412198,-0.0251845677542272,-0.010370021211407,-0.0147817925856406,-0.0337130364745138,-0.0466568282438415,-0.0759056141814831,0.0145441655697381,1.4120962143006464,0.0084545973289395,0.0075463762935349,63.85271492327423,0.0070331586560783,-0.0475189142298696,0.0038980450049685,0.5478255252327727,1,tp,1780390800000,1780412400000,6
1780394400000|BTC/USDT:USDT|btc_trend_loose|short,2026-06-02 10:00:00+00:00,BTC/USDT:USDT,BTC,short,btc_trend_loose,64.97123840498463,0.0059709167375266,0.0448314296876795,0.0049266885758279,-0.0162231936172295,-0.0575349434327399,-0.0199523705559256,0.0032798602744938,-0.0065057287229562,-0.0245990983039259,-0.0426959308856953,-0.0419930105563361,0.0069359341792443,1.6158946614032108,0.004045582971436,0.0030538143824923,64.97123840498463,0.0069359341792443,-0.0426959308856953,0.004045582971436,0.8209881556123999,1,tp,1780394400000,1780408800000,4
1780398000000|ENA/USDT:USDT|ena_trend_discovery|short,2026-06-02 11:00:00+00:00,ENA/USDT:USDT,ENA,short,ena_trend_discovery,27.453478709577197,0.0135636447948064,0.0403431486204497,0.0197078599582657,-0.0080821620865347,-0.0568830900587092,-0.010317644331092,-0.0093028597680026,0.0040740309626352,-0.0280563380281689,0.0016256386437529,-0.0491985586979956,0.0162863756547495,0.6059771180136939,0.0110179028927105,0.0100778490157504,66.00986735228715,0.0067368879845023,-0.0417181944659144,0.0040295962631935,0.0484503580565211,1,tp,1780398000000,1780401600000,2
1780401600000|ETH/USDT:USDT|eth_trend|short,2026-06-02 12:00:00+00:00,ETH/USDT:USDT,ETH,short,eth_trend,42.65793702848855,0.0052997362786436,0.0171342954185375,0.0107057709926754,-0.0051546917972473,-0.0271902137175936,-0.003214262212931,-0.0009860835794328,-0.001536432141756,-0.010156124739458,-0.0065873171516642,-0.022149696780653,0.0073066724251688,0.9483886432387828,0.0046976988596844,0.003694605668361,67.17178152712742,0.0068754254173917,-0.0444308389582939,0.0041249346287038,0.4330576853506766,1,tp,1780401600000,1780408800000,2
1780405200000|ADA/USDT:USDT|ada_trend_discovery|short,2026-06-02 13:00:00+00:00,ADA/USDT:USDT,ADA,short,ada_trend_discovery,47.52827661265835,0.0058348294434471,0.0408438061041292,0.0053859964093357,-0.0139767768160569,-0.0546780637772701,-0.0177289048473968,-0.0013446884805019,-0.0013446884805019,-0.0193661971830986,-0.0253718285214348,-0.0412782234781303,0.0092681316108497,0.6620574058876427,0.0054674175762996,0.0050113053172786,68.34207502188625,0.0068542625977127,-0.0405837204858665,0.0039943829615138,0.3417238600316161,1,tp,1780405200000,1780408800000,1
1780405200000|RENDER/USDT:USDT|render_trend_discovery|long,2026-06-02 13:00:00+00:00,RENDER/USDT:USDT,RENDER,long,render_trend_discovery,18.267609468620478,0.0329972502291476,0.0329972502291476,0.104032997250229,0.011778025794281,0.0543744605109894,0.0355178735105408,-0.0245864997764864,0.0050667894979272,0.0505536831969186,0.1014639071176173,0.0421005730810062,0.0265929204709738,2.1938878748236736,0.0165974978206246,0.013728691203701,68.34207502188625,0.0068542625977127,-0.0405837204858665,0.0039943829615138,-0.5326602016500461,0,sl,1780405200000,1780408800000,1
1780408800000|AAVE/USDT:USDT|aave_trend|short,2026-06-02 14:00:00+00:00,AAVE/USDT:USDT,AAVE,short,aave_trend,51.87912879962534,0.0364569623585153,0.0638325875230323,0.0164516978152145,-0.0308807624489897,-0.0805680669459066,-0.0236904448539088,-0.019106635682933,-0.027269235693253,-0.0410198157263662,-0.0481082435479828,-0.0512705790697933,0.0126458457396772,2.0035222027303687,0.007678202137513,0.0058739159774498,69.77185689932149,0.0077473193508514,-0.049735494105397,0.0044769618966301,1.6367784479260097,1,tp,1780408800000,1780412400000,1
1780408800000|AVAX/USDT:USDT|avax_trend|short,2026-06-02 14:00:00+00:00,AVAX/USDT:USDT,AVAX,short,avax_trend,36.82104255148351,0.0357227348000945,0.0626922167021527,0.0074520936834635,-0.032614851096936,-0.0586472636349342,-0.0276200615093446,-0.027157652474108,-0.0322802197802197,-0.0455007338828044,-0.0332761578044595,-0.0269100808168461,0.011920436115322,1.6771957156312904,0.008536678512217,0.0064944547766675,69.77185689932149,0.0077473193508514,-0.049735494105397,0.0044769618966301,1.2870950511300727,1,tp,1780408800000,1780412400000,1
1780408800000|ENA/USDT:USDT|ena_trend_discovery|short,2026-06-02 14:00:00+00:00,ENA/USDT:USDT,ENA,short,ena_trend_discovery,27.77810378932068,0.0561611374407582,0.0632701421800947,0.0216824644549762,-0.0269979501959593,-0.0756447165951103,-0.0207938388625593,-0.031776987495698,-0.0306649821982312,-0.0390527154730729,-0.0191748983149331,-0.0499965713422168,0.0190198411893126,1.5949974445458803,0.0128903273688809,0.0107726143180924,69.77185689932149,0.0077473193508514,-0.049735494105397,0.0044769618966301,0.6943654216844849,1,tp,1780408800000,1780412400000,1
1780412400000|BTC/USDT:USDT|btc_trend_loose|short,2026-06-02 15:00:00+00:00,BTC/USDT:USDT,BTC,short,btc_trend_loose,71.20517520272423,0.0154517346969111,0.0671061628563784,0.0035452031988584,-0.0366170707605107,-0.086052788603168,-0.03178047982876,-0.0105309604353581,-0.0310556501349555,-0.0514194022337625,-0.0538035482718559,-0.0513147122937736,0.00837420013106,2.157447754364641,0.0047262326358281,0.0035182590190763,71.20517520272423,0.00837420013106,-0.0538035482718559,0.0047262326358281,0.0081649197095298,1,sl,1780412400000,1780416000000,1
1780412400000|LINK/USDT:USDT|link_trend|short,2026-06-02 15:00:00+00:00,LINK/USDT:USDT,LINK,short,link_trend,38.66210795049946,0.0239430039710348,0.0637701471618782,0.0101611772950244,-0.0326662201340212,-0.0651558310071118,-0.0268044849334267,-0.0124567474048443,-0.0283704039945529,-0.0501442201020634,-0.0387335803300775,-0.0335867634826026,0.0121780834164391,2.3477624425860464,0.007487476328267,0.005929651243367,71.20517520272423,0.00837420013106,-0.0538035482718559,0.0047262326358281,0.0272155396761927,1,sl,1780412400000,1780416000000,1
1780412400000|XRP/USDT:USDT|xrp_trend|short,2026-06-02 15:00:00+00:00,XRP/USDT:USDT,XRP,short,xrp_trend,58.93671450084708,0.0167035126504544,0.0680422500614099,0.0041758781626136,-0.0362848861263059,-0.0758259023109453,-0.0319331859493981,-0.0106124432922876,-0.0308681161720361,-0.0514174757281553,-0.0468274408803559,-0.0410297769697754,0.0100615593968042,2.698046993438019,0.0066336567501354,0.0048837876388873,71.20517520272423,0.00837420013106,-0.0538035482718559,0.0047262326358281,0.1622883227273344,1,sl,1780412400000,1780416000000,1
1780412400000|ETH/USDT:USDT|eth_trend|short,2026-06-02 15:00:00+00:00,ETH/USDT:USDT,ETH,short,eth_trend,47.65346043377336,0.0276473138952307,0.0497933765562063,0.0136408043424881,-0.0304002064903036,-0.0562422565883712,-0.0180762861068591,-0.0136809126791916,-0.0320654152676079,-0.0445310784098397,-0.0271854035373043,-0.0266522850675598,0.0101677242986595,2.365243823696557,0.0061079835212192,0.0044195959466911,71.20517520272423,0.00837420013106,-0.0538035482718559,0.0047262326358281,0.0201558856520955,1,sl,1780412400000,1780416000000,1
1780412400000|DOGE/USDT:USDT|doge_trend_loose|short,2026-06-02 15:00:00+00:00,DOGE/USDT:USDT,DOGE,short,doge_trend_loose,37.32486694821503,0.0305874907710157,0.0673979538023414,0.0138171079000106,-0.0399317369261715,-0.0593522245840981,-0.0267904229511653,-0.0152679684254258,-0.0395096748049843,-0.0603567888999009,-0.0351109301852228,-0.0202282362670218,0.0117469886626985,2.758265937915977,0.007718310321037,0.0055228537707995,71.20517520272423,0.00837420013106,-0.0538035482718559,0.0047262326358281,0.0135465242243123,1,sl,1780412400000,1780416000000,1
1780412400000|SOL/USDT:USDT|sol_trend_discovery|short,2026-06-02 15:00:00+00:00,SOL/USDT:USDT,SOL,short,sol_trend_discovery,48.80680225672501,0.0260744234800839,0.0699685534591195,0.011530398322851,-0.0379193910886383,-0.073492465140676,-0.0292190775681342,-0.0136986301369863,-0.0325770059576626,-0.056379821958457,-0.0407239819004525,-0.0369751491949207,0.0116617123326043,2.239612145774856,0.007258913158251,0.0054195852667789,71.20517520272423,0.00837420013106,-0.0538035482718559,0.0047262326358281,0.0075235123939675,1,sl,1780412400000,1780416000000,1
1780412400000|ADA/USDT:USDT|ada_trend_discovery|short,2026-06-02 15:00:00+00:00,ADA/USDT:USDT,ADA,short,ada_trend_discovery,51.043721280809386,0.0283325592196934,0.0771017185322805,0.0088248954946585,-0.0404216636452924,-0.0850858181779691,-0.034138411518811,-0.0182398540811673,-0.0340960071781067,-0.0552874067573496,-0.0507054673721341,-0.0465456053357238,0.0123575744611137,2.2623351300220214,0.0070684438354795,0.0056701955895173,71.20517520272423,0.00837420013106,-0.0538035482718559,0.0047262326358281,0.0421109635887692,1,sl,1780412400000,1780416000000,1
1780416000000|AAVE/USDT:USDT|aave_trend|short,2026-06-02 16:00:00+00:00,AAVE/USDT:USDT,AAVE,short,aave_trend,53.6165655238641,0.0228322555100964,0.0667810479081431,0.0205886234657516,-0.0270802667385317,-0.081540840252857,-0.0230962122211957,0.0069102990033222,-0.0225748194014447,-0.041735171367143,-0.0464384596023156,-0.0559764301745222,0.0143594134048136,2.502879168905217,0.0077649687957121,0.0060153706987001,72.37625172123015,0.0087434443329427,-0.0579372834183933,0.0044620996291513,-1.3396040234860065,0,sl,1780416000000,1780423200000,2
1780416000000|AVAX/USDT:USDT|avax_trend|short,2026-06-02 16:00:00+00:00,AVAX/USDT:USDT,AVAX,short,avax_trend,41.4138802993809,0.021770164168451,0.0687604092315012,0.017725434213657,-0.0309691072221723,-0.0627571541301255,-0.0255174875089221,0.0055023923444976,-0.0332374928119608,-0.0453151618398636,-0.0523111612175872,-0.032803956143059,0.0135963603556373,2.2612784257326464,0.0080377243643562,0.0066390268350766,72.37625172123015,0.0087434443329427,-0.0579372834183933,0.0044620996291513,-0.123046019637801,0,sl,1780416000000,1780434000000,7
1780416000000|SUI/USDT:USDT|sui_trend_discovery|short,2026-06-02 16:00:00+00:00,SUI/USDT:USDT,SUI,short,sui_trend_discovery,46.536670723995954,0.0249364483718677,0.0728725335915749,0.0211838760440624,-0.0288614570506239,-0.1107366903600191,-0.0258443287737563,0.0053547523427039,-0.0245601605856654,-0.0449710982658959,-0.0597541543364444,-0.0843084994451334,0.0169897665179134,2.20792887801107,0.0085686908118945,0.0080333792660921,72.37625172123015,0.0087434443329427,-0.0579372834183933,0.0044620996291513,0.1094650928300837,1,sl,1780416000000,1780459200000,14
1780419600000|BTC/USDT:USDT|btc_trend_loose|short,2026-06-02 17:00:00+00:00,BTC/USDT:USDT,BTC,short,btc_trend_loose,73.46367991698564,0.0070687457385941,0.0623232443008329,0.0063809919070346,-0.0278070649658774,-0.0819184463112874,-0.0279711261968992,0.0010831985517782,-0.019231300398756,-0.039426155867935,-0.0579729369333643,-0.0556590974851208,0.0086150381261779,2.080479849369329,0.0044607788365676,0.0035324446604125,73.46367991698564,0.0086150381261779,-0.0579729369333643,0.0044607788365676,1.1151530233771456,1,tp,1780419600000,1780455600000,10
1780419600000|LINK/USDT:USDT|link_trend|short,2026-06-02 17:00:00+00:00,LINK/USDT:USDT,LINK,short,link_trend,40.417552514065775,0.010878370558963,0.0521930332137484,0.0192107394977433,-0.0191537232300534,-0.0554342583088765,-0.0164911468580025,0.0044170638149483,-0.0227324134811128,-0.0259271784466238,-0.0462472406181015,-0.0369890123845905,0.012732026708072,2.38126950405809,0.0070632231960291,0.0059659463195421,73.46367991698564,0.0086150381261779,-0.0579729369333643,0.0044607788365676,0.1652222978710957,1,tp,1780419600000,1780434000000,5
1780419600000|XRP/USDT:USDT|xrp_trend|short,2026-06-02 17:00:00+00:00,XRP/USDT:USDT,XRP,short,xrp_trend,59.54054771642292,0.0099538722991018,0.0541393542121873,0.0157805292546735,-0.0202259650986616,-0.0636975102885674,-0.0191794124787568,0.003247544044816,-0.0199857244825124,-0.0247040252565113,-0.0492421327998768,-0.044368950024567,0.0105414217878347,2.657496660139145,0.0065115859120041,0.0049780785251673,73.46367991698564,0.0086150381261779,-0.0579729369333643,0.0044607788365676,13.561836863289404,1,tp,1780419600000,1780455600000,11
1780419600000|ETH/USDT:USDT|eth_trend|short,2026-06-02 17:00:00+00:00,ETH/USDT:USDT,ETH,short,eth_trend,51.162095703934135,0.0064414163837608,0.0446740040239356,0.0184508367602639,-0.0209386245830905,-0.0506303739387138,-0.0131115836318358,0.0018855443337308,-0.0253111318307118,-0.0305380831418087,-0.0333541053139416,-0.0303267497841796,0.0104278514521619,2.234637341595476,0.005860046356633,0.0044506229858114,73.46367991698564,0.0086150381261779,-0.0579729369333643,0.0044607788365676,0.7161008851630549,1,tp,1780419600000,1780426800000,2
1780419600000|DOGE/USDT:USDT|doge_trend_loose|short,2026-06-02 17:00:00+00:00,DOGE/USDT:USDT,DOGE,short,doge_trend_loose,42.91706606342038,0.0087893690488646,0.0589096996965574,0.0216595165847023,-0.0262612228821179,-0.0508075191419257,-0.0186250915559274,0.0034649307013858,-0.0291548151158065,-0.0393043827905106,-0.0451593565790787,-0.0252082969648812,0.0119044437549603,2.488957951605536,0.0071324988324932,0.0055710954392091,73.46367991698564,0.0086150381261779,-0.0579729369333643,0.0044607788365676,0.7979927331913609,1,tp,1780419600000,1780441200000,6
1780419600000|SOL/USDT:USDT|sol_trend_discovery|short,2026-06-02 17:00:00+00:00,SOL/USDT:USDT,SOL,short,sol_trend_discovery,52.18158489471206,0.0096391819721244,0.0636967565455256,0.0173244757066562,-0.0264459488707419,-0.0667612525738561,-0.0231861404194346,0.0013042911177774,-0.0271195032315295,-0.0353103794923347,-0.0510506798516688,-0.0414104421386271,0.0120153292901747,2.168723401344664,0.0067447719034236,0.0054409498621043,73.46367991698564,0.0086150381261779,-0.0579729369333643,0.0044607788365676,0.4937036516499481,1,tp,1780419600000,1780437600000,5
1780419600000|ADA/USDT:USDT|ada_trend_discovery|short,2026-06-02 17:00:00+00:00,ADA/USDT:USDT,ADA,short,ada_trend_discovery,54.35833669321818,0.0086916742909424,0.060384263494968,0.0237877401646842,-0.020921127777583,-0.0697301271616038,-0.0182982616651419,0.0027522935779815,-0.0188509874326751,-0.0254123941150246,-0.0532698137721957,-0.0498519585794237,0.0124502632025166,2.083993898290395,0.0068141842276678,0.005901132256701,73.46367991698564,0.0086150381261779,-0.0579729369333643,0.0044607788365676,0.5273828385697881,1,tp,1780419600000,1780455600000,10
1780419600000|NEAR/USDT:USDT|near_trend_discovery|long,2026-06-02 17:00:00+00:00,NEAR/USDT:USDT,NEAR,long,near_trend_discovery,33.55917130586256,0.0462998102466792,0.0466793168880456,0.0686907020872863,0.013934523652844,0.0967280024834626,0.0110056925996204,0.043151227236738,-0.0186219739292365,0.0146322680015402,0.0406793048973141,0.0816556462959199,0.0347560065028225,2.1167701850734115,0.0233453726691479,0.017338141112764,73.46367991698564,0.0086150381261779,-0.0579729369333643,0.0044607788365676,0.1204802846554557,1,tp,1780419600000,1780423200000,2
1780419600000|RENDER/USDT:USDT|render_trend_discovery|long,2026-06-02 17:00:00+00:00,RENDER/USDT:USDT,RENDER,long,render_trend_discovery,18.51679400911005,0.0323033707865168,0.0552434456928838,0.0599250936329588,0.0006636346253983,0.0317810453261189,0.0023408239700374,0.026923076923077,-0.0210815765352886,-0.01612160294795,0.0389105058365759,0.0310967738048854,0.0311881343456127,2.7441468702278518,0.0204952712660665,0.0154522430011841,73.46367991698564,0.0086150381261779,-0.0579729369333643,0.0044607788365676,-0.0737738457280338,0,sl,1780419600000,1780423200000,2
1780423200000|BCH/USDT:USDT|bch_trend|short,2026-06-02 18:00:00+00:00,BCH/USDT:USDT,BCH,short,bch_trend,34.95294800866323,0.027024136332846,0.0471318050554385,0.0091268850939427,-0.0173195805499931,-0.1035248287109242,-0.0190024599807479,-0.0141642063826794,-0.0124982396845515,-0.0173760728674022,-0.0369111385798653,-0.0877246014621711,0.015430949570158,1.7342773815760528,0.0077586457703097,0.0075819807731035,74.53516892518759,0.0086049892020935,-0.0581306028674929,0.0044602383897976,0.078148368146579,1,tp,1780423200000,1780434000000,5
1780426800000|AAVE/USDT:USDT|aave_trend|short,2026-06-02 19:00:00+00:00,AAVE/USDT:USDT,AAVE,short,aave_trend,52.12758321055239,0.0334265548009056,0.0748435211080036,0.0189106405646557,-0.0287322722474136,-0.0875673979715912,-0.0279664402716739,-0.0134016554986203,-0.002126245847176,-0.0335907335907336,-0.0689398636081835,-0.0605756003654275,0.016551489135491,2.8828026306761547,0.0075601048297486,0.006193260581828,75.66998792429706,0.009146828802546,-0.0598608374900448,0.0044058768184118,2.3055981797142264,1,tp,1780426800000,1780441200000,5
1780426800000|NEAR/USDT:USDT|near_trend_discovery|long,2026-06-02 19:00:00+00:00,NEAR/USDT:USDT,NEAR,long,near_trend_discovery,29.76462571546517,0.0597412480974124,0.0494672754946727,0.0662100456621004,0.0111571168212909,0.0920500109070468,0.0083713850837139,0.0229661346827561,0.0579710144927536,0.0107692307692308,0.0057405281285878,0.0800003211568679,0.0370914698766121,2.357618564362161,0.024014684620399,0.0177340797953374,75.66998792429706,0.009146828802546,-0.0598608374900448,0.0044058768184118,1.0701250915267848,1,tp,1780426800000,1780434000000,2
1780430400000|BNB/USDT:USDT|bnb_trend|short,2026-06-02 20:00:00+00:00,BNB/USDT:USDT,BNB,short,bnb_trend,36.35539595407303,0.0102423107136382,0.0519668862166897,0.0148045199105687,-0.0182641259016923,-0.0211459359315057,-0.0185811831530605,0.0020283975659229,-0.0036874821269997,-0.0297967140072402,-0.0489080459770114,-0.00293542296441,0.0121983185220084,-0.3717611298875725,0.0055620054964599,0.0083310424960928,76.00639240986177,0.0093132036835552,-0.054099843460777,0.0046051362067178,0.6636173242533416,1,tp,1780430400000,1780437600000,2
1780430400000|ETH/USDT:USDT|eth_trend|short,2026-06-02 20:00:00+00:00,ETH/USDT:USDT,ETH,short,eth_trend,56.6088659222897,0.0124109846397666,0.0544981291687002,0.0138173879731523,-0.0229574018911908,-0.0578767726433261,-0.0203403705977738,-0.0030501203306477,-0.0074484209868376,-0.036914803826929,-0.0495957626146503,-0.0357398652010938,0.0114384608758457,2.3400423800176404,0.0056532140709444,0.0044935991471326,76.00639240986177,0.0093132036835552,-0.054099843460777,0.0046051362067178,0.6047689562847894,1,tp,1780430400000,1780437600000,2
1780437600000|LINK/USDT:USDT|link_trend|short,2026-06-02 22:00:00+00:00,LINK/USDT:USDT,LINK,short,link_trend,47.62996787325207,0.027085330776606,0.0878475551294344,0.0045541706615532,-0.0389381838330033,-0.084702266748989,-0.0416466922339405,-0.0215759849906193,-0.0232939248507549,-0.0582392776523702,-0.0768890363978316,-0.0476182511323845,0.0149730781791623,2.710614886284028,0.0078688941146954,0.0065065199952728,75.77969802229632,0.0101250923676068,-0.0703647974266077,0.005271501911001,1.475221383583543,1,tp,1780437600000,1780455600000,6
1780437600000|AVAX/USDT:USDT|avax_trend|short,2026-06-02 22:00:00+00:00,AVAX/USDT:USDT,AVAX,short,avax_trend,52.80799924201998,0.0294153846153844,0.102276923076923,0.0047999999999999,-0.0448485764284972,-0.0902239882880546,-0.0487384615384616,-0.0241412442949796,-0.0262464046021092,-0.0699404761904762,-0.0897378444992157,-0.0475059877834759,0.0158575035989484,2.4969000487045583,0.0088883427882979,0.0072933905167346,75.77969802229632,0.0101250923676068,-0.0703647974266077,0.005271501911001,0.1208794492567537,1,tp,1780437600000,1780470000000,11
1780437600000|BCH/USDT:USDT|bch_trend|short,2026-06-02 22:00:00+00:00,BCH/USDT:USDT,BCH,short,bch_trend,37.28639447743817,0.043379330593071,0.0779139753376393,0.0084776864357017,-0.0383697802113292,-0.1254601460163956,-0.0347181444509688,-0.0331760281020472,-0.0285571678134692,-0.043426364753379,-0.064478472842134,-0.0905653379156548,0.018096579272602,2.3373948757061425,0.0097456545133464,0.0084409114640806,75.77969802229632,0.0101250923676068,-0.0703647974266077,0.005271501911001,0.8957016670912739,1,tp,1780437600000,1780441200000,1
1780437600000|NEAR/USDT:USDT|near_trend_discovery|long,2026-06-02 22:00:00+00:00,NEAR/USDT:USDT,NEAR,long,near_trend_discovery,26.328573254287235,0.0411428571428571,0.0571428571428571,0.065142857142857,0.0033209712639653,0.0873062233609291,0.0039999999999999,-0.0161169415292354,0.0217983651226159,-0.0205223880597015,-0.0256124721603563,0.0837072626830083,0.0396945179911305,2.4457526926962547,0.0235652548064226,0.0182425242788466,75.77969802229632,0.0101250923676068,-0.0703647974266077,0.005271501911001,1.080015880618473,1,tp,1780437600000,1780462800000,7
1780437600000|ONDO/USDT:USDT|ondo_trend_discovery|long,2026-06-02 22:00:00+00:00,ONDO/USDT:USDT,ONDO,long,ondo_trend_discovery,20.204569491726176,0.0346065111509869,0.0330684439887209,0.1161240707510894,0.0428481868878928,0.0461089752932633,0.0415278133811842,-0.02475,0.030102983892263,0.0812084257206209,0.0964024732996065,0.003126810255193,0.0343064891226441,3.1905122953111325,0.0223689115840229,0.0161678309015622,75.77969802229632,0.0101250923676068,-0.0703647974266077,0.005271501911001,-0.557187512604839,0,sl,1780437600000,1780441200000,1
1780441200000|BNB/USDT:USDT|bnb_trend|short,2026-06-02 23:00:00+00:00,BNB/USDT:USDT,BNB,short,bnb_trend,42.95993935271491,0.0101371588308477,0.0690094767075736,0.013178306480102,-0.0264554728084996,-0.0362816071073842,-0.0279155851137357,0.0036534607676892,-0.0144561169810177,-0.0405122612591368,-0.0611147162737039,-0.0100931534454116,0.0128866489204274,-0.02731732587403,0.0061912553354163,0.0085390182065842,75.94081017027513,0.0100918961826149,-0.0652948880468963,0.0055282010988615,0.6306990904277198,1,tp,1780441200000,1780455600000,4
1780441200000|ETH/USDT:USDT|eth_trend|short,2026-06-02 23:00:00+00:00,ETH/USDT:USDT,ETH,short,eth_trend,61.88856158619093,0.0193118733055042,0.0793346817575418,0.0118076774110255,-0.0370917199218897,-0.078938067683332,-0.033763502173258,-0.0047381692998752,-0.0274353876739562,-0.0599538816295157,-0.0733000997008972,-0.043458290500989,0.0129969989875789,2.594811835260141,0.0061055707764219,0.0048843302447303,75.94081017027513,0.0100918961826149,-0.0652948880468963,0.0055282010988615,0.5969358539568614,1,tp,1780441200000,1780455600000,4
1780441200000|SOL/USDT:USDT|sol_trend_discovery|short,2026-06-02 23:00:00+00:00,SOL/USDT:USDT,SOL,short,sol_trend_discovery,62.32452412786674,0.0217039633324346,0.0955783229981125,0.0203558910757617,-0.0376959511550282,-0.0936169268027446,-0.0376112159611754,0.0076066286335234,-0.0170928845899032,-0.0597033844593737,-0.0870153846153845,-0.0581115456334584,0.0153310621676108,2.6556108649672185,0.0083234234224457,0.0064026942198184,75.94081017027513,0.0100918961826149,-0.0652948880468963,0.0055282010988615,-0.2058354606021829,0,time_stop,1780441200000,1780466400000,8
1780444800000|AAVE/USDT:USDT|aave_trend|short,2026-06-03 00:00:00+00:00,AAVE/USDT:USDT,AAVE,short,aave_trend,52.23235701037199,0.0140313005936318,0.0771721532649757,0.0275229357798165,-0.0252738873356758,-0.0949792729508913,-0.0248246087425796,0.0067916327085031,-0.0129178319350112,-0.0438596491228069,-0.0681418154387729,-0.0715127918597381,0.0173267599942705,2.3460661733918275,0.008792521350148,0.0068480310843382,75.11711429202883,0.0099614468582163,-0.0612685325243523,0.0056322570652362,-1.2235730427442069,0,sl,1780444800000,1780466400000,7
1780444800000|BCH/USDT:USDT|bch_trend|short,2026-06-03 00:00:00+00:00,BCH/USDT:USDT,BCH,short,bch_trend,40.69564385576287,0.0127924654232637,0.0866179687789684,0.016797063294894,-0.0394405617377144,-0.1320695861582499,-0.0349104527420372,0.0047688238143137,-0.0450070821529744,-0.0522894191235899,-0.0716670682592681,-0.0964323713148947,0.0185184567639179,2.2260221475744126,0.0098706423703691,0.0085961155605093,75.11711429202883,0.0099614468582163,-0.0612685325243523,0.0056322570652362,0.9841830299680814,1,tp,1780444800000,1780455600000,4
1780444800000|DOGE/USDT:USDT|doge_trend_loose|short,2026-06-03 00:00:00+00:00,DOGE/USDT:USDT,DOGE,short,doge_trend_loose,57.47474625121849,0.0107319167203262,0.0840309079201545,0.0221077484438719,-0.0271457851020325,-0.0700907825618059,-0.0309615797381413,0.0049611734253667,-0.0104078164825828,-0.0558313912250481,-0.0760535448686167,-0.0441433020509423,0.0142891979255777,2.399305239581793,0.0080362709206321,0.0062879204671774,75.11711429202883,0.0099614468582163,-0.0612685325243523,0.0056322570652362,-0.0389754408718316,0,sl,1780444800000,1780452000000,3
1780444800000|ONDO/USDT:USDT|ondo_trend_discovery|long,2026-06-03 00:00:00+00:00,ONDO/USDT:USDT,ONDO,long,ondo_trend_discovery,19.902237204598208,0.0248590466427472,0.0328036904151717,0.1163505894413121,0.0353988460928389,0.045461243994662,0.0417734495130701,0.0041173443129181,-0.0181177654755912,0.0483610961848468,0.1097838452787256,0.0097183785164474,0.0338813752986386,2.6576447721219294,0.0221259113470471,0.0160993143947077,75.11711429202883,0.0099614468582163,-0.0612685325243523,0.0056322570652362,-0.0759744575639208,0,sl,1780444800000,1780455600000,4
1780444800000|TON/USDT:USDT|ton_trend_discovery|long,2026-06-03 00:00:00+00:00,TON/USDT:USDT,TON,long,ton_trend_discovery,19.1724607960789,0.025337249240878,0.0563990243416793,0.0511722833391409,0.0038041921906535,0.0485086082400372,-0.0026133705012692,0.0195909252398112,0.0065637839462873,-0.0111734593423902,-0.0259878787878786,0.0445349963640049,0.0259902396949567,0.5210268506196472,0.0138858549460219,0.0189470865364599,75.11711429202883,0.0099614468582163,-0.0612685325243523,0.0056322570652362,-0.0604558236988899,0,sl,1780444800000,1780455600000,5
1780448400000|RENDER/USDT:USDT|render_trend_discovery|long,2026-06-03 01:00:00+00:00,RENDER/USDT:USDT,RENDER,long,render_trend_discovery,18.36506927569973,0.0374356574637342,0.0547496490407112,0.0706598034627983,0.0161963215214651,0.0321119784224329,0.0079550772110434,0.0249400479616306,0.02151051625239,-0.0206232813932172,0.0288878189696677,0.0156619902708746,0.0339729914095292,2.053194012794807,0.0221303643380887,0.016514960519542,74.45450025848207,0.0098577470747126,-0.0527421858183506,0.0054764058631821,0.0385803051489582,1,sl,1780448400000,1780455600000,3
1780455600000|DOGE/USDT:USDT|doge_trend_loose|short,2026-06-03 03:00:00+00:00,DOGE/USDT:USDT,DOGE,short,doge_trend_loose,60.27993671077839,0.0225062820933028,0.1035725991478204,0.0081940347427073,-0.0355450438941036,-0.0844630969994668,-0.0476892822025566,-0.0127278610721605,-0.0128343399482312,-0.0345955068030798,-0.0928642220019821,-0.0507209308176254,0.0144548825440607,2.154388319509638,0.0078682509364885,0.0064154194385519,73.8462668933459,0.0103913584750521,-0.0719437343399036,0.0056129955420457,-0.2317868909799817,0,time_stop,1780455600000,1780491600000,12
1780455600000|ENA/USDT:USDT|ena_trend_discovery|short,2026-06-03 03:00:00+00:00,ENA/USDT:USDT,ENA,short,ena_trend_discovery,24.725010162601897,0.0375664893617021,0.1221187943262411,0.09729609929078,-0.0032614717519628,-0.0123698285073898,-0.0124113475177304,-0.0213642771933629,-0.0434598261606953,0.0878842676311031,0.0213921901528013,-0.0091381606081152,0.0342956813687538,2.2567986966646387,0.0280946475599355,0.0184932262106628,73.8462668933459,0.0103913584750521,-0.0719437343399036,0.0056129955420457,-0.0783794708035553,0,sl,1780455600000,1780459200000,2
1780459200000|BTC/USDT:USDT|btc_trend_loose|short,2026-06-03 04:00:00+00:00,BTC/USDT:USDT,BTC,short,btc_trend_loose,73.85281433831844,0.0120907536514588,0.0659490180495852,0.0162569687774687,-0.0174193457677978,-0.0872968260468989,-0.0248460246360582,0.0094320129325538,-0.0068908613128212,-0.0141528051874824,-0.0613585599789778,-0.0711162793386199,0.0104225836258745,1.9489917719951453,0.0061670867900126,0.0044998286504107,73.85281433831844,0.0104225836258745,-0.0613585599789778,0.0061670867900126,-0.584731612082428,0,sl,1780459200000,1780462800000,1
1780459200000|LINK/USDT:USDT|link_trend|short,2026-06-03 04:00:00+00:00,LINK/USDT:USDT,LINK,short,link_trend,54.94697688988415,0.0179297155151803,0.0723165192445613,0.0240258187903419,-0.0194287927071522,-0.0777942580602735,-0.0241453502271097,0.0173902468685394,-0.0023849272597185,-0.0275485295827037,-0.064624329159213,-0.0595219040892054,0.015123685867547,2.096043605499243,0.0089063619382015,0.0071359636834794,73.85281433831844,0.0104225836258745,-0.0613585599789778,0.0061670867900126,-1.07127489979402,0,sl,1780459200000,1780462800000,1
1780459200000|BNB/USDT:USDT|bnb_trend|short,2026-06-03 04:00:00+00:00,BNB/USDT:USDT,BNB,short,bnb_trend,49.01941153637026,0.0114412166297847,0.08228573222217,0.0096677495801747,-0.0327990074792651,-0.0547232388900298,-0.0363089913209977,0.0045405098614197,-0.0271768172588058,-0.040998780873256,-0.0727487048140171,-0.0226677097938304,0.013574656068216,0.3063704274823305,0.0065529167867106,0.0084641366435758,73.85281433831844,0.0104225836258745,-0.0613585599789778,0.0061670867900126,-0.5326057589492782,0,sl,1780459200000,1780480800000,6
1780459200000|XRP/USDT:USDT|xrp_trend|short,2026-06-03 04:00:00+00:00,XRP/USDT:USDT,XRP,short,xrp_trend,59.26962651692066,0.0175726720315321,0.0514041714567252,0.023977664641156,-0.0106607835482674,-0.0696925816740772,-0.0137132534077846,0.0171218575127369,-0.0046587658357172,-0.011285215555736,-0.0482963426070647,-0.0596679047430541,0.0135843476892114,2.3839041646693717,0.0095636339160881,0.0065608084238798,73.85281433831844,0.0104225836258745,-0.0613585599789778,0.0061670867900126,-8.611725616409688,0,sl,1780459200000,1780462800000,1
1780459200000|ETH/USDT:USDT|eth_trend|short,2026-06-03 04:00:00+00:00,ETH/USDT:USDT,ETH,short,eth_trend,69.60981238000957,0.0133383775603956,0.0812516889153111,0.0185375344538723,-0.025746716992783,-0.0795323212226793,-0.0313570772307194,0.0126312102538281,-0.008636855584488,-0.0362368285352653,-0.0730377888772549,-0.0552070033204063,0.0130858588589371,2.0847138576211206,0.0068332916477373,0.0053928806356936,73.85281433831844,0.0104225836258745,-0.0613585599789778,0.0061670867900126,-0.6912993312951383,0,sl,1780459200000,1780462800000,1
1780459200000|BCH/USDT:USDT|bch_trend|short,2026-06-03 04:00:00+00:00,BCH/USDT:USDT,BCH,short,bch_trend,49.94556773909725,0.019438619132118,0.1680109695112114,0.0280690433940958,-0.0884254766142319,-0.1963401373728198,-0.0699709630585578,0.0035209842567485,-0.0805739923616003,-0.1235375207663215,-0.1411450936926326,-0.1183827081495998,0.0260166075786207,3.3160543122922475,0.0152085099377627,0.0112659467895205,73.85281433831844,0.0104225836258745,-0.0613585599789778,0.0061670867900126,-0.308769994335911,0,time_stop,1780459200000,1780477200000,6
1780459200000|ADA/USDT:USDT|ada_trend_discovery|short,2026-06-03 04:00:00+00:00,ADA/USDT:USDT,ADA,short,ada_trend_discovery,64.92039620500377,0.0174610665408211,0.068428504011326,0.022180273714016,-0.0209544019923945,-0.0895950283509828,-0.0231241151486549,0.0158197507190795,-0.0079588014981273,-0.0279816513761467,-0.0615589016829052,-0.0701097339064437,0.0153839656724761,2.121557390994095,0.0090693418302583,0.0070032859903686,73.85281433831844,0.0104225836258745,-0.0613585599789778,0.0061670867900126,-0.3670327577501735,0,sl,1780459200000,1780462800000,1
1780462800000|XLM/USDT:USDT|xlm_trend_discovery|long,2026-06-03 05:00:00+00:00,XLM/USDT:USDT,XLM,long,xlm_trend_discovery,26.83808820910475,0.0340060455192033,0.0494754623044096,0.0477862731152204,0.0012490528710335,0.041895747152232,-0.0008445945945946,0.0182410718327072,0.01010282430066,0.0126491109610624,-0.019141050795727,0.0405959877461516,0.0261335725161714,-1.9189522897519116,0.0150226726702896,0.0212538791628969,71.94869238335752,0.0105544827101448,-0.0419291778612119,0.0068173902588011,0.0877016218590924,1,tp,1780462800000,1780495200000,12
1780462800000|ONDO/USDT:USDT|ondo_trend_discovery|long,2026-06-03 05:00:00+00:00,ONDO/USDT:USDT,ONDO,long,ondo_trend_discovery,18.570567815524303,0.0402144772117962,0.0007311723129418,0.1515963928832561,0.0704882022335028,0.096581487825921,0.0754326102851571,0.0403144016227181,0.0442860778824127,0.056113256113256,0.161993769470405,0.0243751267300062,0.0324882920500971,1.8068460814827776,0.0238390690911423,0.0172225572798347,71.94869238335752,0.0105544827101448,-0.0419291778612119,0.0068173902588011,0.8825497690089303,1,tp,1780462800000,1780480800000,6
1780466400000|BTC/USDT:USDT|btc_trend_loose|short,2026-06-03 06:00:00+00:00,BTC/USDT:USDT,BTC,short,btc_trend_loose,69.93421800036779,0.0086737277312831,0.0492955116782401,0.0237523021151827,-0.0085299373387354,-0.0788674021364374,-0.0127716047815287,-0.0050661166113341,0.0054259025650267,-0.0054400546679441,-0.0446282430536825,-0.0709426007366323,0.0104700468243543,1.8263939037306265,0.0068503188218034,0.0048238831831341,69.93421800036779,0.0104700468243543,-0.0446282430536825,0.0068503188218034,1.0893724581717628,1,tp,1780466400000,1780502400000,10
1780466400000|LINK/USDT:USDT|link_trend|short,2026-06-03 06:00:00+00:00,LINK/USDT:USDT,LINK,short,link_trend,52.91719083448966,0.0094062316284538,0.0440917107583774,0.039976484420929,-0.0024784472975118,-0.0613015505906007,-0.0020576131687242,0.0010593220338983,0.0161290322580647,-0.0044480861524053,-0.0372424722662438,-0.0589692554849818,0.0145908671721165,1.754618479813847,0.0095707104983303,0.0074109051291069,69.93421800036779,0.0104700468243543,-0.0446282430536825,0.0068503188218034,-1.1547845065644995,0,sl,1780466400000,1780470000000,2
1780466400000|ADA/USDT:USDT|ada_trend_discovery|short,2026-06-03 06:00:00+00:00,ADA/USDT:USDT,ADA,short,ada_trend_discovery,62.04472571914098,0.0106827682303762,0.0445889456572224,0.0376219228982814,-0.0041391344472067,-0.0735960390249123,-0.0034835113794705,0.0018613308515587,0.0146088595664466,-0.0041628122109158,-0.0375502905677247,-0.0697455909557714,0.0148657481514547,1.7932198078380024,0.0096676346360761,0.0072473230696828,69.93421800036779,0.0104700468243543,-0.0446282430536825,0.0068503188218034,-0.0390844904599987,0,sl,1780466400000,1780470000000,2
1780466400000|NEAR/USDT:USDT|near_trend_discovery|long,2026-06-03 06:00:00+00:00,NEAR/USDT:USDT,NEAR,long,near_trend_discovery,22.601524130614308,0.0327402135231317,0.0302491103202846,0.1266903914590746,0.0426024540409949,0.1517289517593961,0.048220640569395,-0.0185120502968914,0.0346097201767303,0.0938108213312574,0.0795236265847099,0.104667409227209,0.0370403032358162,1.4301616865892144,0.0245041296118654,0.019690932810077,69.93421800036779,0.0104700468243543,-0.0446282430536825,0.0068503188218034,0.0782226962307601,1,sl,1780466400000,1780498800000,9
1780466400000|ENA/USDT:USDT|ena_trend_discovery|long,2026-06-03 06:00:00+00:00,ENA/USDT:USDT,ENA,long,ena_trend_discovery,25.236401246375426,0.0564790706989786,0.019026637292209,0.1842579611456038,0.0819698692124187,0.0908770638476353,0.0826156619266974,0.0258886377645368,0.0829628022991,0.0715742032406911,0.1604880883207438,0.0082323869533448,0.0339779572739875,1.9448935158354648,0.0298973674735664,0.0196151973456453,69.93421800036779,0.0104700468243543,-0.0446282430536825,0.0068503188218034,1.3846915151456345,1,tp,1780466400000,1780480800000,4
1780466400000|INJ/USDT:USDT|inj_trend_discovery|long,2026-06-03 06:00:00+00:00,INJ/USDT:USDT,INJ,long,inj_trend_discovery,21.934320893152357,0.0426694227078105,0.0826812343127123,0.0670308578178059,0.0135259718324152,0.0748566815933759,-0.0078251882474532,0.017578125,0.0672864796722343,0.0263676314593119,-0.0311829495065083,0.0605122231353156,0.029172109991803,0.6999379415435467,0.0177571653058693,0.0168562938857346,69.93421800036779,0.0104700468243543,-0.0446282430536825,0.0068503188218034,0.0995449410584435,1,tp,1780466400000,1780477200000,4
1780470000000|SOL/USDT:USDT|sol_trend_discovery|short,2026-06-03 07:00:00+00:00,SOL/USDT:USDT,SOL,short,sol_trend_discovery,61.583720554538345,0.009041350884191,0.0606302353410451,0.0398883127243717,-0.0056055787704506,-0.0745674756626203,-0.0103709613083366,0.0053468787595241,0.0350949628406276,-0.0034450775142441,-0.055506718573402,-0.0693506474090026,0.014630852653278,1.640311840040216,0.0105026722701188,0.0075025224321127,68.13762463791484,0.0101889957133849,-0.0412774652751022,0.006929932621119,-0.0560122407878913,0,sl,1780470000000,1780473600000,2
1780473600000|LINK/USDT:USDT|link_trend|short,2026-06-03 08:00:00+00:00,LINK/USDT:USDT,LINK,short,link_trend,50.61046472023748,0.0064531268332746,0.0408306934178107,0.0420039892056788,-0.000492620176507,-0.0582282099196252,0.0005866478939339,-0.0022243034418168,0.0187664355725556,-0.0010548523206751,-0.0343303874915025,-0.057764045477397,0.0137078720817295,1.3355865128106896,0.0096370197800493,0.0073999172742313,66.46935937277995,0.0098018473944301,-0.0402138280435105,0.006917404521287,-1.0811948211792608,0,sl,1780473600000,1780480800000,3
1780477200000|SOL/USDT:USDT|sol_trend_discovery|short,2026-06-03 09:00:00+00:00,SOL/USDT:USDT,SOL,short,sol_trend_discovery,59.57171284882706,0.0096064042695129,0.0600400266844563,0.0365577051367579,-0.0074148639304271,-0.0763443501202174,-0.0117411607738491,0.0,0.0036154258168183,-0.0087290040999867,-0.0519858335441436,-0.0694444070185621,0.0137612358130566,1.3041895270521868,0.0104756270455468,0.0074989988717893,65.20958313353692,0.0098338069587268,-0.0338981341111233,0.0068791533362914,0.7050576893871157,1,tp,1780477200000,1780502400000,7
1780480800000|INJ/USDT:USDT|inj_trend_discovery|long,2026-06-03 10:00:00+00:00,INJ/USDT:USDT,INJ,long,inj_trend_discovery,18.99107222224403,0.0216456634544106,0.0830244625648628,0.0631578947368421,0.0040959635911418,0.067125989379948,-0.0099332839140102,0.0094283148757856,-0.0041340617156355,0.0275746496038999,-0.0700399834551219,0.0627729102339778,0.0287998997612041,0.5296186871449861,0.0177606063599272,0.017434558571021,63.692403153525554,0.0095427918272492,-0.0339094063842989,0.006878806527179,-0.1243367107123318,0,sl,1780480800000,1780484400000,2
1780484400000|BNB/USDT:USDT|bnb_trend|short,2026-06-03 11:00:00+00:00,BNB/USDT:USDT,BNB,short,bnb_trend,49.72895090595813,0.0128110642434885,0.0672855283583961,0.0105373747510702,-0.0195912530053634,-0.0509016604743295,-0.028374076803663,-0.0067593876057128,-0.0102431983610883,-0.0204893483035618,-0.0601715397311953,-0.0319360751981718,0.0123736981917002,-0.4195916788073261,0.0076643903047372,0.0083518275339719,62.28988487953215,0.0092241448645876,-0.0344245011536765,0.0068841105687927,1.151865539009286,1,tp,1780484400000,1780502400000,5
1780484400000|AVAX/USDT:USDT|avax_trend|short,2026-06-03 11:00:00+00:00,AVAX/USDT:USDT,AVAX,short,avax_trend,51.88081541009772,0.0115704471495721,0.0509822827528022,0.0372423767626853,-0.003589482103692,-0.0621433412812781,-0.0068699529950585,-0.0065852490421455,-0.0021647624774502,0.0147994129158512,-0.0439041253745102,-0.0587647943552514,0.013448239430721,0.8883742976553727,0.0105365580377897,0.0081626584781846,62.28988487953215,0.0092241448645876,-0.0344245011536765,0.0068841105687927,1.151987067627069,1,tp,1780484400000,1780491600000,4
1780484400000|ADA/USDT:USDT|ada_trend_discovery|short,2026-06-03 11:00:00+00:00,ADA/USDT:USDT,ADA,short,ada_trend_discovery,51.878337247155294,0.0124942156409068,0.035168903285516,0.0411846367422489,-0.0012984182476269,-0.067075101659939,0.0030078667283664,-0.0068933823529412,-0.0041474654377881,0.0155075187969924,-0.0305069537909375,-0.0658622000947439,0.0135680074946711,1.1413537781268817,0.0099066298246672,0.0073854381145961,62.28988487953215,0.0092241448645876,-0.0344245011536765,0.0068841105687927,0.5996425037302493,1,tp,1780484400000,1780502400000,5
1780484400000|SUI/USDT:USDT|sui_trend_discovery|short,2026-06-03 11:00:00+00:00,SUI/USDT:USDT,SUI,short,sui_trend_discovery,39.75517864888124,0.016407286765593,0.0299191699843166,0.0460851731210037,-0.0004267051538283,-0.0897863381518865,0.0080830015683435,-0.0097957233305459,-0.009203920631126,0.0258663366336633,-0.0198652004256829,-0.0893977794913079,0.0169905786379718,0.9119649182945472,0.0118529819655655,0.0099573821650144,62.28988487953215,0.0092241448645876,-0.0344245011536765,0.0068841105687927,0.0619467094536664,1,tp,1780484400000,1780491600000,4
1780484400000|ENA/USDT:USDT|ena_trend_discovery|long,2026-06-03 11:00:00+00:00,ENA/USDT:USDT,ENA,long,ena_trend_discovery,29.17928580462077,0.0493148040918741,0.0369619764524223,0.21385832850801,0.0718227096279816,0.1248924181910263,0.0884481760277937,-0.0241100018835938,0.011518937914877,0.0983676065295739,0.2012520287502899,0.0495135138361311,0.0365489689247135,1.9270385398772445,0.031649863456245,0.0206725484687256,62.28988487953215,0.0092241448645876,-0.0344245011536765,0.0068841105687927,0.5949625347417304,1,sl,1780484400000,1780502400000,5
1780484400000|ONDO/USDT:USDT|ondo_trend_discovery|long,2026-06-03 11:00:00+00:00,ONDO/USDT:USDT,ONDO,long,ondo_trend_discovery,25.589087983997647,0.0509538758753924,0.0379135474523061,0.1499637768654915,0.0403328291911184,0.0995930090804671,0.0560251147065926,-0.0187203791469193,0.0080331061343719,0.0656201749871334,0.153160679476469,0.0569627125344345,0.0316834432394861,1.3654758741901605,0.0249525227575499,0.0175631474989322,62.28988487953215,0.0092241448645876,-0.0344245011536765,0.0068841105687927,-0.0597132476514754,0,time_stop,1780484400000,1780527600000,12
1780488000000|LINK/USDT:USDT|link_trend|short,2026-06-03 12:00:00+00:00,LINK/USDT:USDT,LINK,short,link_trend,46.02127276374367,0.0085610413979125,0.0403424416559166,0.0424533833704702,-0.0002081852189447,-0.0556642243390599,0.0010554708572767,-0.0005860290670418,0.0004693183151471,0.0168137371810159,-0.0345335144927537,-0.0554675866517865,0.0129078382258275,0.9159938382300308,0.0097631618306806,0.0075139702121386,61.26710933757644,0.0089709579727756,-0.0280450239543091,0.006808080860615,14.65420525933176,1,tp,1780488000000,1780502400000,4
1780488000000|ETH/USDT:USDT|eth_trend|short,2026-06-03 12:00:00+00:00,ETH/USDT:USDT,ETH,short,eth_trend,59.7572744913856,0.0065677943512703,0.0560714780735891,0.031890053416639,-0.0059321331387329,-0.0620499186269055,-0.012090712328475,-0.0009480187473369,-0.0018729979673715,0.0050363798073316,-0.0504917568094271,-0.0564526702440974,0.0107330018505951,0.9189947239556112,0.0075980585829329,0.0056672138347559,61.26710933757644,0.0089709579727756,-0.0280450239543091,0.006808080860615,0.121977297046771,1,tp,1780488000000,1780491600000,2
1780491600000|XRP/USDT:USDT|xrp_trend|short,2026-06-03 13:00:00+00:00,XRP/USDT:USDT,XRP,short,xrp_trend,42.63064362495161,0.0096692938977817,0.024863898594296,0.0342081742097991,-0.0030869046380958,-0.0553838213622507,0.0046721378077514,-0.003643134715026,-0.005735983195993,0.0063782811350068,-0.0239511460068205,-0.052458852198315,0.0110049131696585,0.9049412617752896,0.0097925307874955,0.0067809025329634,60.47325420550606,0.0090077361319471,-0.0276803379615023,0.0068044759536535,12.918443025889854,1,tp,1780491600000,1780516800000,8
1780495200000|ETH/USDT:USDT|eth_trend|short,2026-06-03 14:00:00+00:00,ETH/USDT:USDT,ETH,short,eth_trend,58.29332636760518,0.0087838274236258,0.0466587009408168,0.0225839092337833,-0.0130376643856468,-0.0697131845981276,-0.0120373958535167,-0.0047247131424162,-0.0138373592777184,0.0024495257416019,-0.0426143683076891,-0.0574241976287798,0.0106387731727814,0.8391343004250497,0.0070036850850724,0.0056682426238356,59.736103011440704,0.0087578415795618,-0.0169010148551258,0.0064288671542424,0.6031004659191302,1,tp,1780495200000,1780498800000,1
1780495200000|AVAX/USDT:USDT|avax_trend|short,2026-06-03 14:00:00+00:00,AVAX/USDT:USDT,AVAX,short,avax_trend,48.721332868846666,0.0114845261121857,0.0276837524177948,0.0343326885880077,-0.0055237097917798,-0.0632369894008448,0.0033244680851063,-0.0044530027680826,-0.0095785440613026,0.0112469437652813,-0.0215282706411166,-0.0580338417087663,0.0128619534892135,0.6154595443425516,0.0090748932324705,0.0080106928305186,59.736103011440704,0.0087578415795618,-0.0169010148551258,0.0064288671542424,1.6613871993825915,1,tp,1780495200000,1780516800000,6
1780495200000|BCH/USDT:USDT|bch_trend|short,2026-06-03 14:00:00+00:00,BCH/USDT:USDT,BCH,short,bch_trend,53.39445884281172,0.0264369706438614,0.1801661047611217,0.0091275388537126,-0.056072428356766,-0.1971947173628292,-0.0855192829537044,-0.0208140424332702,-0.0386561264822133,-0.0730591867068104,-0.1437121532178567,-0.1495054210148675,0.0228313021347809,1.5921677321394585,0.017125859036272,0.0121463988819452,59.736103011440704,0.0087578415795618,-0.0169010148551258,0.0064288671542424,0.1144333605110654,1,tp,1780495200000,1780498800000,2
1780495200000|DOGE/USDT:USDT|doge_trend_loose|short,2026-06-03 14:00:00+00:00,DOGE/USDT:USDT,DOGE,short,doge_trend_loose,52.74563382421348,0.0122784539824898,0.0292547512278454,0.0307495195387571,-0.0062078571576557,-0.0571730605634634,0.0007473841554557,-0.0055213421108516,-0.0063653723742839,0.0102470067953832,-0.027212297465725,-0.051283564448439,0.011353619698844,0.655022478282332,0.008194961188397,0.0068644285224874,59.736103011440704,0.0087578415795618,-0.0169010148551258,0.0064288671542424,0.5824376003201508,1,tp,1780495200000,1780516800000,6
1780498800000|SUI/USDT:USDT|sui_trend_discovery|short,2026-06-03 15:00:00+00:00,SUI/USDT:USDT,SUI,short,sui_trend_discovery,35.02571330159985,0.0150157423104868,0.0199806248486317,0.0425042383143618,-0.0046444192316055,-0.090053883113942,0.011261806732865,-0.0103068072866731,-0.0037398962480396,0.0373068709961059,0.0049896555920652,-0.0858079921714028,0.0163932882864238,0.6142844520519477,0.0111569794338561,0.0095083620594016,59.59671922935826,0.0091426561719604,-0.0182462764217974,0.0065242128054485,0.1960317114968747,1,sl,1780498800000,1780520400000,6
1780502400000|ETH/USDT:USDT|eth_trend|short,2026-06-03 16:00:00+00:00,ETH/USDT:USDT,ETH,short,eth_trend,58.66657876523603,0.0181081686019533,0.0541661889866086,0.0118355470392025,-0.0223592574329258,-0.0813390410207305,-0.021165320973703,-0.0022984874645286,-0.0234830634069366,-0.0100145922282872,-0.0458885237021255,-0.0603286882591825,0.0114682880484089,1.0964775312861854,0.0068022513857135,0.0057916265703806,59.86330742647412,0.0094113614094848,-0.0201148487231612,0.0065038279685257,0.5760654482330749,1,tp,1780502400000,1780513200000,3
1780502400000|AAVE/USDT:USDT|aave_trend|short,2026-06-03 16:00:00+00:00,AAVE/USDT:USDT,AAVE,short,aave_trend,35.324860637030454,0.0167352902111833,0.0342674990038517,0.0426351441094435,-0.005560292310866,-0.0698159793265311,0.004183822552796,-0.0014588859416445,-0.014399790548501,0.0142799407247744,-0.0063349610663849,-0.0646149651093294,0.0149117369870687,0.8824537965420253,0.0098440021466787,0.0079844676644176,59.86330742647412,0.0094113614094848,-0.0201148487231612,0.0065038279685257,0.1298207791552053,1,sl,1780502400000,1780520400000,5
1780502400000|NEAR/USDT:USDT|near_trend_discovery|long,2026-06-03 16:00:00+00:00,NEAR/USDT:USDT,NEAR,long,near_trend_discovery,28.045686670806937,0.0581843673326322,0.0813179109709077,0.1275849982474589,0.002127309764744,0.1474404076384139,0.0231335436382755,-0.0295918367346937,-0.0413306451612902,0.0117021276595745,0.1294536817102138,0.1450046281123534,0.0432112038598641,2.1542791746047367,0.024253490882854,0.0206788707184158,59.86330742647412,0.0094113614094848,-0.0201148487231612,0.0065038279685257,-0.0922587561605914,0,sl,1780502400000,1780524000000,9
1780506000000|BTC/USDT:USDT|btc_trend_loose|short,2026-06-03 17:00:00+00:00,BTC/USDT:USDT,BTC,short,btc_trend_loose,60.110853609510265,0.007342190675524,0.0298161798161797,0.008719325385992,-0.0147699215355297,-0.0850488596802191,-0.0105484272150938,-0.001565779391678,-0.0142154869267756,-0.0201544950081883,-0.0227077342661489,-0.0713325137760944,0.0092772684949617,1.0001782426126,0.0064924869381317,0.0050096280661901,60.110853609510265,0.0092772684949617,-0.0227077342661489,0.0064924869381317,0.1381567386247297,1,sl,1780506000000,1780520400000,4
1780506000000|LINK/USDT:USDT|link_trend|short,2026-06-03 17:00:00+00:00,LINK/USDT:USDT,LINK,short,link_trend,44.096635500920726,0.0174593618302227,0.0441902468392535,0.0168573148705599,-0.0198664878983893,-0.0771017709335492,-0.0136664659843467,-0.0020427781783224,-0.0236303785563132,-0.0224811676082863,-0.0388843883809744,-0.0583953944319641,0.0140305844265244,1.2418641752892114,0.0089166921744147,0.0075116681396237,60.110853609510265,0.0092772684949617,-0.0227077342661489,0.0064924869381317,0.0832952741698879,1,sl,1780506000000,1780520400000,4
1780506000000|BNB/USDT:USDT|bnb_trend|short,2026-06-03 17:00:00+00:00,BNB/USDT:USDT,BNB,short,bnb_trend,53.94118601547634,0.0083037151554753,0.0648996700827184,0.0114116315764307,-0.0230459754234336,-0.0630436553900683,-0.0267440192531439,-0.0019882929312209,-0.009659853208113,-0.0292870845968191,-0.0590290796202702,-0.0409412100881314,0.0124468168171405,-0.3772431284846871,0.0073914190609097,0.0080970614112279,60.110853609510265,0.0092772684949617,-0.0227077342661489,0.0064924869381317,0.0178051895315214,1,sl,1780506000000,1780520400000,4
1780506000000|SOL/USDT:USDT|sol_trend_discovery|short,2026-06-03 17:00:00+00:00,SOL/USDT:USDT,SOL,short,sol_trend_discovery,55.59692503524472,0.0235197593326951,0.0533296868590182,0.0165458772049773,-0.0210504195563381,-0.0928290799383721,-0.0183919048270203,0.0024674434544207,-0.0187843821280022,-0.0207552222817355,-0.0474143545655855,-0.0733221218088716,0.0144801242496801,1.33738185708063,0.0100474366219098,0.0077410272519005,60.110853609510265,0.0092772684949617,-0.0227077342661489,0.0064924869381317,0.0745689762128029,1,sl,1780506000000,1780520400000,4
1780506000000|ADA/USDT:USDT|ada_trend_discovery|short,2026-06-03 17:00:00+00:00,ADA/USDT:USDT,ADA,short,ada_trend_discovery,49.06232566103469,0.0162213740458014,0.0458015267175572,0.0114503816793893,-0.0227594428114179,-0.090771360591623,-0.0171755725190839,0.0014333492594362,-0.0260223048327137,-0.0246626337831549,-0.0411710887465689,-0.0695958812596441,0.0141424089000408,1.218517772979433,0.0087640299202215,0.0074467259030073,60.110853609510265,0.0092772684949617,-0.0227077342661489,0.0064924869381317,0.5672945434485733,1,tp,1780506000000,1780516800000,3
1780506000000|ENA/USDT:USDT|ena_trend_discovery|long,2026-06-03 17:00:00+00:00,ENA/USDT:USDT,ENA,long,ena_trend_discovery,36.5328842049945,0.0742786985880909,0.0389371218100499,0.2180128036481628,0.0987298000264636,0.2224548384962463,0.0895378409190564,0.0155860349127181,0.0260955637541617,0.1714608588452846,0.1834976647638817,0.1126073384619246,0.0396935681609137,1.9155297508801847,0.0247052159955453,0.0215623830875463,60.110853609510265,0.0092772684949617,-0.0227077342661489,0.0064924869381317,-0.8860917203085905,0,sl,1780506000000,1780538400000,9
1780513200000|BCH/USDT:USDT|bch_trend|short,2026-06-03 19:00:00+00:00,BCH/USDT:USDT,BCH,short,bch_trend,52.1491506700755,0.0438355038823385,0.1683168316831683,0.0099009900990098,-0.0407665987755395,-0.1893728695711815,-0.0792079207920792,-0.0307410504519571,-0.014294970438163,-0.0325901196295855,-0.1342959775224953,-0.1549219101481936,0.0241253378320663,1.6332440618795323,0.0184325877074813,0.0128368726993417,60.91392440994431,0.0094052418489282,-0.0276146697638611,0.0066979539579996,1.2045150287747195,1,tp,1780513200000,1780534800000,9
1780516800000|ETH/USDT:USDT|eth_trend|short,2026-06-03 20:00:00+00:00,ETH/USDT:USDT,ETH,short,eth_trend,61.42050305369808,0.0252130103401986,0.0731452514280258,0.0071443415354717,-0.0386996372263983,-0.1038496115228359,-0.0330004549462769,-0.0121947836507786,-0.0280275362081483,-0.0526301786797491,-0.065670639231306,-0.0677727553420066,0.0131681041409645,1.6405992942711636,0.0076166495176498,0.0061473571941681,61.72514123709252,0.0097518650305531,-0.0382541891171769,0.0067062943655356,0.0251870351207462,1,sl,1780516800000,1780520400000,1
1780520400000|XRP/USDT:USDT|xrp_trend|short,2026-06-03 21:00:00+00:00,XRP/USDT:USDT,XRP,short,xrp_trend,44.00067767131378,0.0238114787749404,0.0251252155349371,0.0263568437474341,-0.0045261595638364,-0.0603949699704371,0.0006158141062484,0.0208717518860015,-0.0022937658720405,-0.0160769106479237,-0.006282637075718,-0.0561228312962216,0.0128150605527678,1.4328114190596553,0.0096945854362142,0.0073346574358703,61.7000865930213,0.0099387555296634,-0.0265577406892425,0.0072424215726375,-9.117513902017649,0,sl,1780520400000,1780524000000,1
1780520400000|AVAX/USDT:USDT|avax_trend|short,2026-06-03 21:00:00+00:00,AVAX/USDT:USDT,AVAX,short,avax_trend,50.02290566246111,0.0308521057786484,0.0244857982370226,0.03281096963761,-0.0052035785042302,-0.069890684541379,0.0041625857002936,0.0270338237143215,0.0040565457897971,-0.0131690225927267,-0.0189766994955562,-0.0650254711812148,0.0160344316608482,1.715488066054971,0.0113000724144727,0.0089888735444856,61.7000865930213,0.0099387555296634,-0.0265577406892425,0.0072424215726375,-1.729886232241257,0,sl,1780520400000,1780524000000,1
1780520400000|DOGE/USDT:USDT|doge_trend_loose|short,2026-06-03 21:00:00+00:00,DOGE/USDT:USDT,DOGE,short,doge_trend_loose,54.90289492299475,0.0238915195867412,0.0170038743004735,0.0260439087387,-0.0036413069744245,-0.0601341906659687,0.0045200172191132,0.0200900208584915,0.003780922545101,-0.0091703988057154,-0.0139021543033003,-0.0566993434061342,0.0135588308143187,1.315985322668754,0.0089877834983231,0.0074909702751372,61.7000865930213,0.0099387555296634,-0.0265577406892425,0.0072424215726375,-0.5744608681226313,0,sl,1780520400000,1780524000000,1
1780520400000|ADA/USDT:USDT|ada_trend_discovery|short,2026-06-03 21:00:00+00:00,ADA/USDT:USDT,ADA,short,ada_trend_discovery,53.11002652483063,0.0189965903555771,0.0633219678519239,0.0228933268387725,-0.0286191802836116,-0.1055578359843163,-0.0202143205065756,0.0158337456704602,-0.0205152671755725,-0.05085529357374,-0.0526072911859714,-0.079205450775905,0.0159248664286094,1.761488234062805,0.0100855900777319,0.0080086999046073,61.7000865930213,0.0099387555296634,-0.0265577406892425,0.0072424215726375,0.6869077546061916,1,tp,1780520400000,1780534800000,4
1780524000000|BTC/USDT:USDT|btc_trend_loose|short,2026-06-03 22:00:00+00:00,BTC/USDT:USDT,BTC,short,btc_trend_loose,61.81047638446321,0.0166502009028683,0.040253012772398,0.0026355497124784,-0.0215368382232275,-0.0955684768464926,-0.0188087315299597,-0.0130288749684357,-0.0170361751703618,-0.0353538507285162,-0.0221854833605107,-0.0756611403630489,0.0105399732365214,1.489579781392551,0.0068550102445422,0.0054902813164691,61.81047638446321,0.0105399732365214,-0.0221854833605107,0.0068550102445422,1.186800931666038,1,tp,1780524000000,1780531200000,2
1780524000000|LINK/USDT:USDT|link_trend|short,2026-06-03 22:00:00+00:00,LINK/USDT:USDT,LINK,short,link_trend,43.01852920253626,0.0150250417362269,0.0274266634867637,0.0341044598139756,-0.0028104800382309,-0.0645853160427325,0.0033388981636058,-0.0063981042654028,0.0047927150730888,-0.0221548507462687,0.0050335570469799,-0.0619489422701413,0.0165039638746038,2.0225245350299463,0.0114174188490546,0.0089189296898511,61.81047638446321,0.0105399732365214,-0.0221854833605107,0.0068550102445422,2.3815715770473798,1,tp,1780524000000,1780534800000,3
1780524000000|BNB/USDT:USDT|bnb_trend|short,2026-06-03 22:00:00+00:00,BNB/USDT:USDT,BNB,short,bnb_trend,56.975208225603865,0.0069310559105175,0.0482624559838115,0.0179729449817561,-0.0129035109219028,-0.0597742377228638,-0.0151447555010277,-0.0035089390619542,-0.001511391116202,-0.0225209089351628,-0.032511176198551,-0.0474834297554194,0.0122184643096264,-0.5334891472651336,0.0075656333092888,0.0083831016919508,61.81047638446321,0.0105399732365214,-0.0221854833605107,0.0068550102445422,0.8023551072230078,1,tp,1780524000000,1780531200000,2
1780524000000|AAVE/USDT:USDT|aave_trend|short,2026-06-03 22:00:00+00:00,AAVE/USDT:USDT,AAVE,short,aave_trend,34.58071029640444,0.0157040191642268,0.023822198562683,0.0407239819004525,-0.003079202984342,-0.0676578511286623,0.0084508916688848,-0.0083146363996303,-0.0054268696227662,-0.0188038652389657,0.0283289995894349,-0.0647781131035087,0.0169771010517168,1.3417092914244098,0.0109515282980135,0.0089733779690615,61.81047638446321,0.0105399732365214,-0.0221854833605107,0.0068550102445422,2.709952939248616,1,tp,1780524000000,1780534800000,3
1780524000000|SOL/USDT:USDT|sol_trend_discovery|short,2026-06-03 22:00:00+00:00,SOL/USDT:USDT,SOL,short,sol_trend_discovery,54.39968458459702,0.0173202161562976,0.0484966052376333,0.0184287099903006,-0.021001923677672,-0.1001664203597697,-0.0150339476236662,-0.0081088510170423,-0.0120465434633811,-0.0441059602649006,-0.0196957348546591,-0.0808627704147126,0.0163704322737893,1.7534272995662643,0.0103527982759543,0.0084276803426093,61.81047638446321,0.0105399732365214,-0.0221854833605107,0.0068550102445422,0.6373088515230484,1,tp,1780524000000,1780534800000,3
1780527600000|XRP/USDT:USDT|xrp_trend|short,2026-06-03 23:00:00+00:00,XRP/USDT:USDT,XRP,short,xrp_trend,43.71187156654703,0.0080799666805498,0.0399833402748855,0.0122448979591836,-0.0157683419342319,-0.0725006115633331,-0.0138692211578509,-0.0043954221263892,-0.0023269342641071,-0.0291929484069222,-0.008670520231214,-0.0576411753921761,0.0126931003229075,1.3115838688387071,0.0087669980145502,0.0074000657876611,62.33663922070568,0.0109141054741971,-0.0391473100554473,0.0070495989891729,1.131419670352099,1,tp,1780527600000,1780531200000,2
1780527600000|AVAX/USDT:USDT|avax_trend|short,2026-06-03 23:00:00+00:00,AVAX/USDT:USDT,AVAX,short,avax_trend,49.22170142891273,0.0099453008453505,0.0402784684236697,0.017901541521631,-0.0172943642288648,-0.0825453547038476,-0.0111884634510193,-0.0072812538565962,0.000746454341876,-0.0304929492587682,-0.0161448140900195,-0.0663993245787992,0.0157303207290905,1.518130237921366,0.0102885209249591,0.0090208191012563,62.33663922070568,0.0109141054741971,-0.0391473100554473,0.0070495989891729,2.3242226167616677,1,tp,1780527600000,1780538400000,3
1780527600000|DOGE/USDT:USDT|doge_trend_loose|short,2026-06-03 23:00:00+00:00,DOGE/USDT:USDT,DOGE,short,doge_trend_loose,54.089044126231606,0.0110551663747812,0.034369527145359,0.0094133099824868,-0.0173735160104115,-0.0745867257090282,-0.0124781085814361,-0.0076037366934608,-0.0040335768014827,-0.0274643389397487,-0.0146678170836928,-0.0582247788257485,0.0137184824173955,1.3165898686838244,0.0080719681465897,0.0075830945223337,62.33663922070568,0.0109141054741971,-0.0391473100554473,0.0070495989891729,0.7667483939312895,1,tp,1780527600000,1780534800000,2
1780527600000|SUI/USDT:USDT|sui_trend_discovery|short,2026-06-03 23:00:00+00:00,SUI/USDT:USDT,SUI,short,sui_trend_discovery,29.99072090378843,0.01249545068543,0.0232924905980832,0.0407618585466457,-0.0025187556125004,-0.0851556831901097,0.0087346839742813,-0.0106817090734517,0.0141486220472442,-0.0055495234648328,0.0201732673267327,-0.0828455953859586,0.0196060265004471,1.6146467913848328,0.0141923793020826,0.0111056374551674,62.33663922070568,0.0109141054741971,-0.0391473100554473,0.0070495989891729,0.7744327744620068,1,tp,1780527600000,1780534800000,2
1780534800000|BTC/USDT:USDT|btc_trend_loose|short,2026-06-04 01:00:00+00:00,BTC/USDT:USDT,BTC,short,btc_trend_loose,64.49266103224002,0.0227211648479328,0.0861518209599889,0.001186025815775,-0.0510613865888834,-0.1307247896724644,-0.0424828975721068,-0.0185439647220853,-0.0547364866303815,-0.0709353993732507,-0.0710187350128866,-0.083950006836815,0.0129351513672414,2.4540967353879903,0.0080241382916115,0.0060003830268928,64.49266103224002,0.0129351513672414,-0.0710187350128866,0.0080241382916115,0.0895062290757194,1,sl,1780534800000,1780538400000,1
1780534800000|BNB/USDT:USDT|bnb_trend|short,2026-06-04 01:00:00+00:00,BNB/USDT:USDT,BNB,short,bnb_trend,59.25245494400026,0.0309581086686023,0.0799834093737039,0.0053255910410618,-0.043028232774684,-0.0948476237369674,-0.037328909166321,-0.0224301793765611,-0.04298053412086,-0.0486149475179543,-0.0733765834460705,-0.0541493414299261,0.014520311761476,0.8071932196136387,0.0085794819383466,0.0084924505527563,64.49266103224002,0.0129351513672414,-0.0710187350128866,0.0080241382916115,1.0743408916673964,1,tp,1780534800000,1780538400000,1
1780534800000|XRP/USDT:USDT|xrp_trend|short,2026-06-04 01:00:00+00:00,XRP/USDT:USDT,XRP,short,xrp_trend,45.57501232278833,0.034631288766368,0.075551343900758,0.0043935217091661,-0.0420927388575268,-0.1015566108112872,-0.0355789110957959,-0.0269092128426523,-0.0468839806223827,-0.0567969448281464,-0.0507809305748631,-0.0620768568794846,0.0150095874786518,2.1571419444083784,0.0100429477912323,0.0078858223654337,64.49266103224002,0.0129351513672414,-0.0710187350128866,0.0080241382916115,3.7315422937964913,1,sl,1780534800000,1780538400000,1
1780534800000|ETH/USDT:USDT|eth_trend|short,2026-06-04 01:00:00+00:00,ETH/USDT:USDT,ETH,short,eth_trend,57.04936080949421,0.0264157164133289,0.075722779931559,0.0028536022465012,-0.0404082851609366,-0.110646045421639,-0.0364345888425289,-0.0189443158687226,-0.0489068142989987,-0.0576393576104307,-0.0561174393836149,-0.0731954634190252,0.0163519276592118,2.4438228252276297,0.0118925718332685,0.00815334275053,64.49266103224002,0.0129351513672414,-0.0710187350128866,0.0080241382916115,0.8420942130883702,1,tp,1780534800000,1780538400000,1
1780538400000|AAVE/USDT:USDT|aave_trend|short,2026-06-04 02:00:00+00:00,AAVE/USDT:USDT,AAVE,short,aave_trend,39.01717196038786,0.0528020275978597,0.0832159954942271,0.0412559842297943,-0.0454548392344784,-0.115323793870168,-0.0209800056322164,-0.0065743460623863,-0.0548309821666224,-0.0672445495140531,-0.0429861204689394,-0.0731960702410941,0.0220039153671081,2.624408352659457,0.0125677526202109,0.009344933294918,65.75942862517371,0.0143575339436433,-0.0509040667988225,0.0089970282971482,-0.4654627027096748,0,time_stop,1780538400000,1780585200000,13
1780538400000|BCH/USDT:USDT|bch_trend|short,2026-06-04 02:00:00+00:00,BCH/USDT:USDT,BCH,short,bch_trend,49.34668447835103,0.0546916890080429,0.0883893586306455,0.0511858115075273,-0.0205771261846301,-0.181787323207385,-0.018601773561559,0.0338137472283812,0.0007842813506149,-0.0031658580708823,-0.0759937497618049,-0.1645971329980848,0.0274356320208329,1.928935306820304,0.0200155463372653,0.0139960932395244,65.75942862517371,0.0143575339436433,-0.0509040667988225,0.0089970282971482,-1.1346119015149734,0,sl,1780538400000,1780542000000,1
1780538400000|DOGE/USDT:USDT|doge_trend_loose|short,2026-06-04 02:00:00+00:00,DOGE/USDT:USDT,DOGE,short,doge_trend_loose,56.846979104413855,0.0466860725481414,0.0579937304075235,0.0401925660546349,-0.0297396831594089,-0.0927387414898682,-0.0089005821764442,0.0094936708860757,-0.0297631979144037,-0.046337817638266,-0.0365656347751052,-0.0649300576731818,0.0181782654904443,2.7734559572034896,0.0096189263323314,0.007897569138425,65.75942862517371,0.0143575339436433,-0.0509040667988225,0.0089970282971482,-0.5913192938979392,0,sl,1780538400000,1780542000000,1
1780538400000|SOL/USDT:USDT|sol_trend_discovery|short,2026-06-04 02:00:00+00:00,SOL/USDT:USDT,SOL,short,sol_trend_discovery,56.01608242909299,0.0545636337666046,0.0808455934866447,0.0488501642622482,-0.034813966889178,-0.1228105115204394,-0.0159977146121981,0.021149358226371,-0.0299293335180822,-0.0592582639075517,-0.0584991931145776,-0.0911705532534967,0.0210880917433165,2.869875732085299,0.012819975374882,0.0093366091791121,65.75942862517371,0.0143575339436433,-0.0509040667988225,0.0089970282971482,-0.514254042364827,0,sl,1780538400000,1780542000000,1
1780538400000|ADA/USDT:USDT|ada_trend_discovery|short,2026-06-04 02:00:00+00:00,ADA/USDT:USDT,ADA,short,ada_trend_discovery,58.45806035120009,0.0451977401129943,0.1212121212121211,0.0380071905495635,-0.053545517210775,-0.1459185012105425,-0.0416024653312787,0.011954261954262,-0.0385185185185185,-0.0901869158878504,-0.0824693685202638,-0.0975989714027683,0.0212872862878919,3.168504772385365,0.0113847574170658,0.0085436018909813,65.75942862517371,0.0143575339436433,-0.0509040667988225,0.0089970282971482,-0.5144331105857285,0,sl,1780538400000,1780542000000,1
1780538400000|SUI/USDT:USDT|sui_trend_discovery|short,2026-06-04 02:00:00+00:00,SUI/USDT:USDT,SUI,short,sui_trend_discovery,32.59158097209645,0.0655137591517294,0.0647563746528654,0.0579399141630901,-0.0328323914416266,-0.117828119299741,-0.0034082302448875,0.0032928064842958,-0.0492078732597216,-0.0505752636625119,-0.0224580454096742,-0.0878810736691297,0.0255105081921953,3.374240627453972,0.0156129609164158,0.0114177607444181,65.75942862517371,0.0143575339436433,-0.0509040667988225,0.0089970282971482,0.0256203302302749,1,sl,1780538400000,1780574400000,10
1780542000000|BTC/USDT:USDT|btc_trend_loose|short,2026-06-04 03:00:00+00:00,BTC/USDT:USDT,BTC,short,btc_trend_loose,65.09815732646905,0.0203493523086536,0.0490796783148523,0.0464963737367142,-0.0129115224186809,-0.0980790629382603,-0.001291652289069,0.0180036203448188,0.0034077953513615,-0.0258953918829916,-0.0225195386092642,-0.0862815669049921,0.0145497416599845,2.8366670924815054,0.0096508152037236,0.0067553691622161,65.09815732646905,0.0145497416599845,-0.0225195386092642,0.0096508152037236,-0.3778734233065405,0,time_stop,1780542000000,1780578000000,10
1780542000000|BNB/USDT:USDT|bnb_trend|short,2026-06-04 03:00:00+00:00,BNB/USDT:USDT,BNB,short,bnb_trend,59.83531741827513,0.0216541790466347,0.0450038754682857,0.0468608706885415,-0.0123052149414078,-0.0685829025110543,0.0009284976101279,0.0178997024934663,-0.0027376082965635,-0.0222923902747079,-0.0236642545208027,-0.0569788242491409,0.0158585902877404,1.5181408377837755,0.0092378195495044,0.0085957707412831,65.09815732646905,0.0145497416599845,-0.0225195386092642,0.0096508152037236,0.1786995816863154,1,time_stop,1780542000000,1780596000000,15
1780542000000|XRP/USDT:USDT|xrp_trend|short,2026-06-04 03:00:00+00:00,XRP/USDT:USDT,XRP,short,xrp_trend,46.54909832185079,0.0248262164846075,0.0331843760344257,0.0560244952002647,-0.0003264205095291,-0.0633159983671693,0.0114200595829195,0.0235473488056918,0.0065805914202414,-0.0133093818894423,0.0092708594337258,-0.0630101456614925,0.0167083342856045,2.546880043560512,0.0112658926839104,0.0086520616967349,65.09815732646905,0.0145497416599845,-0.0225195386092642,0.0096508152037236,0.7467010821088762,1,sl,1780542000000,1780574400000,9
1780542000000|AVAX/USDT:USDT|avax_trend|short,2026-06-04 03:00:00+00:00,AVAX/USDT:USDT,AVAX,short,avax_trend,51.50263400823078,0.0278884462151393,0.0418326693227092,0.0656125498007968,-0.0075815604988396,-0.0803576692866115,0.0118899402390437,0.0248819701416358,-0.0014917951268026,-0.0190522716170005,-0.0018640487138064,-0.0733320803917678,0.020379496192667,2.869198467341481,0.0126246173020774,0.0097612705245692,65.09815732646905,0.0145497416599845,-0.0225195386092642,0.0096508152037236,0.4593169146796118,1,time_stop,1780542000000,1780588800000,15
1780542000000|ENA/USDT:USDT|ena_trend_discovery|long,2026-06-04 03:00:00+00:00,ENA/USDT:USDT,ENA,long,ena_trend_discovery,30.699894118149277,0.0620796218869296,0.0768042174150154,0.1799672786766043,0.0203663794460564,0.1592138258789803,0.0515815306307945,0.0395917981668714,-0.0175908563264577,-0.0472809144440594,0.2191932624113475,0.1360760695666025,0.0463697108486387,1.88971516837444,0.0282282859518866,0.0238171931712876,65.09815732646905,0.0145497416599845,-0.0225195386092642,0.0096508152037236,0.1692983031474152,1,tp,1780542000000,1780545600000,2
1780542000000|TON/USDT:USDT|ton_trend_discovery|short,2026-06-04 03:00:00+00:00,TON/USDT:USDT,TON,short,ton_trend_discovery,26.215315304380923,0.0191047428634899,0.1710540930800844,0.0450960790847494,-0.0627014580932733,-0.0658086211563475,-0.0629790069976675,0.0106078464387944,-0.0543067226890755,-0.1133106810459447,-0.0836174868950074,-0.0033150196273145,0.0324395266859494,1.5934502926419132,0.0222956672939806,0.0216659544218494,65.09815732646905,0.0145497416599845,-0.0225195386092642,0.0096508152037236,0.928118228615727,1,tp,1780542000000,1780606800000,18
1780545600000|DOGE/USDT:USDT|doge_trend_loose|short,2026-06-04 04:00:00+00:00,DOGE/USDT:USDT,DOGE,short,doge_trend_loose,55.91126668025168,0.0103592682389245,0.0414370729556975,0.0552126956138417,-0.0122489022378488,-0.0769336219899831,0.006887811329072,-0.0059158632778264,0.0011032656663725,-0.0176464219984843,-0.0225142734029946,-0.0654868619216763,0.0177476335076838,2.3397232375724637,0.0100344296461602,0.0083805589152397,64.04044505139935,0.0140670651761923,-0.0312345723608953,0.009403413828156,1.21488302406949,1,tp,1780545600000,1780563600000,5
1780545600000|SOL/USDT:USDT|sol_trend_discovery|short,2026-06-04 04:00:00+00:00,SOL/USDT:USDT,SOL,short,sol_trend_discovery,55.31093221970479,0.0141143260409315,0.0680310515172901,0.0601270289343682,-0.019765765506054,-0.1103703068074493,-0.0039520112914608,-0.0079809577149259,0.0019799179748267,-0.0287868403015765,-0.0429555585573416,-0.0924315210722777,0.0204735330605389,2.3971954366719053,0.0122277324843926,0.0097068707708381,64.04044505139935,0.0140670651761923,-0.0312345723608953,0.009403413828156,0.8236508179528917,1,tp,1780545600000,1780567200000,6
1780545600000|ADA/USDT:USDT|ada_trend_discovery|short,2026-06-04 04:00:00+00:00,ADA/USDT:USDT,ADA,short,ada_trend_discovery,57.58206023935377,0.0125754527162977,0.0980885311871226,0.0578470824949698,-0.0280545580839806,-0.125752518779985,-0.0201207243460763,-0.0045067601402102,0.005563985837127,-0.0501672240802676,-0.0618216139688532,-0.1005179472866399,0.0207095443631863,2.59317835364851,0.0119037320678385,0.0091089964477215,64.04044505139935,0.0140670651761923,-0.0312345723608953,0.009403413828156,0.836774381480169,1,tp,1780545600000,1780563600000,5
1780545600000|XLM/USDT:USDT|xlm_trend_discovery|short,2026-06-04 04:00:00+00:00,XLM/USDT:USDT,XLM,short,xlm_trend_discovery,22.81062575812502,0.0208067940552016,0.1069591884878508,0.0659589525831563,-0.0175700163870504,-0.0209172608095082,-0.0205001179523473,-0.0071204384691057,0.022283316452033,-0.0508709865209798,-0.0406463585751142,-0.0034071073545089,0.0304772594162103,-0.2105343044472752,0.0196154989405154,0.0193441519056643,64.04044505139935,0.0140670651761923,-0.0312345723608953,0.009403413828156,0.1009007734996955,1,tp,1780545600000,1780552800000,3
1780552800000|LINK/USDT:USDT|link_trend|short,2026-06-04 06:00:00+00:00,LINK/USDT:USDT,LINK,short,link_trend,41.44100293355246,0.0154203891812506,0.0544608982988618,0.0466283196671153,-0.0138780271703893,-0.082463922903212,-0.0039162893158732,0.0041784441440333,0.0097627286208599,-0.020968128444764,-0.0392710170487949,-0.0695511281794279,0.0196677684803353,2.1973167991986204,0.0124811926856032,0.009650464884162,62.60818368400384,0.0136743326936207,-0.0439451943485593,0.0089691248162444,2.297463184614882,1,tp,1780552800000,1780567200000,4
1780556400000|ETH/USDT:USDT|eth_trend|short,2026-06-04 07:00:00+00:00,ETH/USDT:USDT,ETH,short,eth_trend,53.620892182118766,0.0099130287933801,0.065264994792986,0.0359875031664274,-0.0199939226250219,-0.0968629357397407,-0.0146387458132792,-0.0071704819815791,-0.0177218689521703,-0.0144029382881808,-0.0538518076652676,-0.0784372820632075,0.0164180979978002,1.8010566904409266,0.0123580759663555,0.0087462178603249,62.09794023267405,0.0134516368894122,-0.0539541308026737,0.0089515872452766,0.90453378222737,1,tp,1780556400000,1780563600000,2
1780563600000|BCH/USDT:USDT|bch_trend|short,2026-06-04 09:00:00+00:00,BCH/USDT:USDT,BCH,short,bch_trend,39.99491948661005,0.0315724563206577,0.0460842754367934,0.054306269270298,-0.0103581598444038,-0.1691930376383981,0.0041109969167523,-0.0116609783845278,0.0035066006600659,-0.0163370941000444,-0.020180455973576,-0.1604973348428978,0.0252342621295922,1.2039887802901623,0.0160990873569465,0.0141769565663628,61.72278471584965,0.0134392429689844,-0.0567340235587527,0.0089732227469418,0.1108218469397279,1,tp,1780563600000,1780570800000,3
1780563600000|RENDER/USDT:USDT|render_trend_discovery|short,2026-06-04 09:00:00+00:00,RENDER/USDT:USDT,RENDER,short,render_trend_discovery,23.03227411078452,0.0303191489361701,0.2079787234042553,0.0164893617021276,-0.0837995107533725,-0.0980502565724275,-0.0957446808510639,-0.0120861797162376,-0.0557508789552989,-0.1516245487364622,-0.1415525114155251,-0.0155541783554088,0.0385743614477906,1.6745222189261193,0.0233028047572571,0.0209744844283787,61.72278471584965,0.0134392429689844,-0.0567340235587527,0.0089732227469418,-0.782002713344554,0,sl,1780563600000,1780588800000,7
1780567200000|ETH/USDT:USDT|eth_trend|short,2026-06-04 10:00:00+00:00,ETH/USDT:USDT,ETH,short,eth_trend,53.74773825705897,0.0216632490841646,0.0873729926502776,0.0135935304011242,-0.0345473331859004,-0.1145875652535789,-0.0368897311245766,-0.0168472197840158,-0.0297102745238309,-0.0504963220213843,-0.0785072424536764,-0.0829043564940408,0.0168381861525947,1.7642378463860733,0.0125871075331357,0.0089007639086186,61.87981626839438,0.0137864439893112,-0.0723818019625335,0.0091579705941112,-0.1153378342357,0,sl,1780567200000,1780574400000,3
1780567200000|DOGE/USDT:USDT|doge_trend_loose|short,2026-06-04 10:00:00+00:00,DOGE/USDT:USDT,DOGE,short,doge_trend_loose,56.9112633834402,0.016206896551724,0.0862068965517242,0.0145977011494252,-0.0371945114141747,-0.1099093583884959,-0.0358045977011495,-0.0110264863021486,-0.0308566336192492,-0.0549641538127309,-0.0770210057288351,-0.0755239223668378,0.0176320497885778,1.8310949188293344,0.0099750030417978,0.0084844955251435,61.87981626839438,0.0137864439893112,-0.0723818019625335,0.0091579705941112,0.7888523760577278,1,tp,1780567200000,1780639200000,22
1780567200000|ADA/USDT:USDT|ada_trend_discovery|short,2026-06-04 10:00:00+00:00,ADA/USDT:USDT,ADA,short,ada_trend_discovery,57.81225001313737,0.0202558635394456,0.1636460554371002,0.0042643923240937,-0.0584105556675218,-0.1677409400274864,-0.0796908315565033,-0.0147058823529413,-0.0506072874493928,-0.0735802469135803,-0.1378676470588234,-0.1161125849679339,0.0214363912977621,2.1541061910585486,0.0116081778174711,0.0095281709682596,61.87981626839438,0.0137864439893112,-0.0723818019625335,0.0091579705941112,0.7919136606982866,1,tp,1780567200000,1780606800000,11
1780570800000|LINK/USDT:USDT|link_trend|short,2026-06-04 11:00:00+00:00,LINK/USDT:USDT,LINK,short,link_trend,43.7465155605104,0.01663725737333,0.0786488530375598,0.0181497353163599,-0.0274021123892213,-0.1044792069782439,-0.0302495588605998,0.0125063808065339,-0.0161210317460317,-0.0474246608236282,-0.0700890764181902,-0.0792486757074553,0.0198385525029956,1.843515364768376,0.0131268642036976,0.0100470390165638,62.074133440947,0.0135169607648183,-0.0674133839299166,0.0092179510038784,-1.4152000833087228,0,sl,1780570800000,1780574400000,1
1780570800000|SOL/USDT:USDT|sol_trend_discovery|short,2026-06-04 11:00:00+00:00,SOL/USDT:USDT,SOL,short,sol_trend_discovery,56.329614808538615,0.0195249890718345,0.0977706542328429,0.0297246102287628,-0.0284728599122278,-0.1305070375277793,-0.03402302200204,0.0116450471698112,-0.0068017366136035,-0.0412126292260408,-0.0860300972166734,-0.105024526238488,0.0200563535766709,1.7439672175420449,0.012705014443303,0.0100808574220331,62.074133440947,0.0135169607648183,-0.0674133839299166,0.0092179510038784,-0.4862341115098623,0,sl,1780570800000,1780574400000,1
1780570800000|INJ/USDT:USDT|inj_trend_discovery|short,2026-06-04 11:00:00+00:00,INJ/USDT:USDT,INJ,short,inj_trend_discovery,25.226857596736718,0.0347470618293305,0.1786748424459205,0.0100493953329927,-0.067307585742047,-0.0739453281850416,-0.0843127235564638,-0.0229655516724912,-0.0455210534872377,-0.0981566820276497,-0.1135437113090743,-0.0071167539711101,0.0331727604227367,1.306816558355269,0.016754014253911,0.0188035085083856,62.074133440947,0.0135169607648183,-0.0674133839299166,0.0092179510038784,0.7286759249592192,1,tp,1780570800000,1780581600000,3
1780578000000|SOL/USDT:USDT|sol_trend_discovery|short,2026-06-04 13:00:00+00:00,SOL/USDT:USDT,SOL,short,sol_trend_discovery,53.19311046137217,0.0226077065263757,0.0601450305701692,0.0531778757287074,-0.0032702568225575,-0.107011198230712,-0.0034835774207309,0.0039971448965026,0.0217928228969925,0.0258168028004666,-0.0563531463840064,-0.1040813140354797,0.0204424778281694,1.723055786561848,0.0136458420705694,0.0103825272795396,57.88563803350208,0.0143248222841792,-0.040100291845083,0.0104501626907947,0.9475892197978248,1,tp,1780578000000,1780632000000,15
1780581600000|BTC/USDT:USDT|btc_trend_loose|short,2026-06-04 14:00:00+00:00,BTC/USDT:USDT,BTC,short,btc_trend_loose,55.43462227280943,0.0114307794111435,0.046244049565186,0.0403464119054062,-0.0027294503224404,-0.0936027438631356,-0.0029488188298899,-0.0043424964993683,0.0245593958161034,0.011479721005595,-0.0436409443918318,-0.091122006530802,0.0141761191037179,1.807170947726956,0.0104619807652651,0.0074644068859085,55.43462227280943,0.0141761191037179,-0.0436409443918318,0.0104619807652651,0.8470374819408705,1,time_stop,1780581600000,1780632000000,15
1780581600000|LINK/USDT:USDT|link_trend|short,2026-06-04 14:00:00+00:00,LINK/USDT:USDT,LINK,short,link_trend,40.68359026927597,0.0124223602484471,0.055031055900621,0.0322981366459628,-0.0104683584336897,-0.0889931642087864,-0.0113664596273291,-0.0044521395003709,0.0273098519652885,-0.005190311418685,-0.051490514905149,-0.0793555278846881,0.0195884762237931,1.5883220367287063,0.0138567391450096,0.0102668300295436,55.43462227280943,0.0141761191037179,-0.0436409443918318,0.0104619807652651,2.1512501805070143,1,tp,1780581600000,1780635600000,15
1780581600000|XRP/USDT:USDT|xrp_trend|short,2026-06-04 14:00:00+00:00,XRP/USDT:USDT,XRP,short,xrp_trend,46.29147016839613,0.0131365691375928,0.0504137166254373,0.0269555574511642,-0.0097560701863906,-0.0826236694281346,-0.0117290795871365,-0.005429710698227,0.0216122004357297,-0.0070303235642895,-0.0471429732585548,-0.0735855045892173,0.0168133524545285,1.6980941096574067,0.012323379305161,0.0093914567206644,55.43462227280943,0.0141761191037179,-0.0436409443918318,0.0104619807652651,17.401996970442777,1,tp,1780581600000,1780632000000,15
1780581600000|SUI/USDT:USDT|sui_trend_discovery|short,2026-06-04 14:00:00+00:00,SUI/USDT:USDT,SUI,short,sui_trend_discovery,35.6545498236535,0.017805278444248,0.0651597423917161,0.0575830281601213,-0.0064676918053117,-0.1058913663517489,-0.0037883571157973,-0.0075197393157037,0.0381489250131095,-0.0003786922494318,-0.0509348034515819,-0.1000709023012008,0.0249958672394714,1.7325782580761544,0.0174130455281064,0.0129557551135496,55.43462227280943,0.0141761191037179,-0.0436409443918318,0.0104619807652651,0.8576263793528893,1,tp,1780581600000,1780621200000,12
1780585200000|INJ/USDT:USDT|inj_trend_discovery|short,2026-06-04 15:00:00+00:00,INJ/USDT:USDT,INJ,short,inj_trend_discovery,32.32442022771164,0.0246503496503496,0.1842657342657343,0.0155594405594404,-0.0655416624793555,-0.0946081564626055,-0.084353146853147,0.0063335679099225,-0.025719638903083,-0.1061103297390217,-0.1469052945563013,-0.0311051791355094,0.0332619210802715,1.296478736974258,0.0158102433255906,0.0184107999886144,53.23932642014154,0.0139921775148035,-0.0330327875057724,0.0102397111384805,0.8896511209190023,1,tp,1780585200000,1780606800000,6
1780588800000|AAVE/USDT:USDT|aave_trend|short,2026-06-04 16:00:00+00:00,AAVE/USDT:USDT,AAVE,short,aave_trend,41.075249425705,0.0105292324743697,0.0522305347741756,0.0566638958160155,-0.0023215931692487,-0.0880653346748459,0.0022166805209198,-0.0035891772501379,0.003615127919911,-0.0037267080745341,-0.0413069464736353,-0.0859432668067586,0.0192147773732366,0.9739435700666044,0.013702182798081,0.0105984696591593,51.43464728988343,0.0136077593783537,-0.0379784788619781,0.0102665947740271,-0.1901375744885153,0,sl,1780588800000,1780596000000,3
1780588800000|ENA/USDT:USDT|ena_trend_discovery|long,2026-06-04 16:00:00+00:00,ENA/USDT:USDT,ENA,long,ena_trend_discovery,26.656952093350483,0.0471993732863297,0.1601057579318449,0.1006658832745789,0.0084987590675431,0.0695961114765122,-0.0297199373286329,0.0330804248861913,0.063528431576755,-0.0405862457722661,-0.0904880655504096,0.0605824765371646,0.0487166211353449,1.270113638212501,0.0308514738314917,0.027242215741438,51.43464728988343,0.0136077593783537,-0.0379784788619781,0.0102665947740271,0.1776993878221892,1,tp,1780588800000,1780592400000,2
1780588800000|ONDO/USDT:USDT|ondo_trend_discovery|long,2026-06-04 16:00:00+00:00,ONDO/USDT:USDT,ONDO,long,ondo_trend_discovery,25.38584973813749,0.0359619830464937,0.1022347803750321,0.1022347803750321,0.0083313093359871,0.0194569379503907,0.0,0.0188432347552995,0.0323521612304429,-0.0124302384576358,-0.0803212851405623,0.0110337034181058,0.0369349017314877,1.008781356158058,0.0227050699330591,0.0209610098375427,51.43464728988343,0.0136077593783537,-0.0379784788619781,0.0102665947740271,-0.0884546663866765,0,sl,1780588800000,1780596000000,3
1780592400000|ETH/USDT:USDT|eth_trend|short,2026-06-04 17:00:00+00:00,ETH/USDT:USDT,ETH,short,eth_trend,46.24170190534948,0.0129198381483262,0.0478367901304433,0.0308593418409212,-0.0100315142388641,-0.0928968998619829,-0.008488724144761,-0.0024838409212791,-0.0100061067504805,-0.0091512137133629,-0.0330250629309402,-0.0837050742674984,0.0157563390010408,1.134006686347805,0.0132458129717495,0.0091030948177605,50.22358272272245,0.0135264176717373,-0.0367458367458367,0.01026989258473,-0.0984700811412824,0,sl,1780592400000,1780596000000,2
1780592400000|AVAX/USDT:USDT|avax_trend|short,2026-06-04 17:00:00+00:00,AVAX/USDT:USDT,AVAX,short,avax_trend,46.80346550916009,0.0162601626016259,0.0570396180152279,0.0314879339269582,-0.0124219035541129,-0.0999337332192743,-0.0127758420441348,-0.0005159293176835,-0.0044964028776978,-0.0184927169094363,-0.0474492931776275,-0.0886125664188993,0.01845277947057,1.1421410393779947,0.0133045967884544,0.0102177854598728,50.22358272272245,0.0135264176717373,-0.0367458367458367,0.01026989258473,-0.1286766625930239,0,sl,1780592400000,1780599600000,3
1780592400000|RENDER/USDT:USDT|render_trend_discovery|short,2026-06-04 17:00:00+00:00,RENDER/USDT:USDT,RENDER,short,render_trend_discovery,24.10271731144263,0.0358606557377048,0.1501024590163935,0.065061475409836,-0.0174552828769453,-0.0579690912620809,-0.0425204918032787,-0.0190954773869347,0.0150806032241288,-0.0195881466599698,-0.0835680751173708,-0.0412335516939751,0.0348774108371123,0.7857331456033921,0.0250382292256433,0.0216465910540666,50.22358272272245,0.0135264176717373,-0.0367458367458367,0.01026989258473,0.8871558494187974,1,tp,1780592400000,1780606800000,5
1780599600000|AAVE/USDT:USDT|aave_trend|short,2026-06-04 19:00:00+00:00,AAVE/USDT:USDT,AAVE,short,aave_trend,38.31674888717135,0.0117973629424012,0.0541290770298404,0.0549618320610686,-0.0034348864431631,-0.0873243732974951,0.0004163775156139,-0.0045592705167173,-0.005383765875207,0.0142173423423421,-0.0328859060402685,-0.0841786308923883,0.0185069437721824,0.7096670166094402,0.0134793408382014,0.0105016630614369,46.64504845548917,0.013383845709592,-0.0279434375792848,0.0102155864539945,0.3196670931294426,1,tp,1780599600000,1780603200000,2
1780599600000|NEAR/USDT:USDT|near_trend_discovery|short,2026-06-04 19:00:00+00:00,NEAR/USDT:USDT,NEAR,short,near_trend_discovery,26.086605110565667,0.0259906263314869,0.2513847464848742,0.0230080954409884,-0.0542437940431782,-0.0625329835278477,-0.114188325521943,-0.0134510298444724,-0.0179916317991631,-0.023304203079484,-0.1767800771659067,-0.0087646154817279,0.0413993418005402,0.5627263915763225,0.0209386346549372,0.0228355996284508,46.64504845548917,0.013383845709592,-0.0279434375792848,0.0102155864539945,1.6542136683745496,1,tp,1780599600000,1780624800000,7
1780603200000|BNB/USDT:USDT|bnb_trend|short,2026-06-04 20:00:00+00:00,BNB/USDT:USDT,BNB,short,bnb_trend,47.36884405439685,0.0060253891741091,0.0406920118196674,0.028789804711359,-0.0045491364244537,-0.0756430959814077,-0.0059511035541542,-0.0016151627523691,0.0027478439357069,0.00519381388557,-0.0230146442165021,-0.0714188536655567,0.0128963002458912,-0.2280505662617222,0.010046496808105,0.0077877281352056,45.38124152332458,0.0129749219570564,-0.0210999558269214,0.0101408373869968,1.6963530770187212,1,tp,1780603200000,1780635600000,10
1780606800000|AAVE/USDT:USDT|aave_trend|short,2026-06-04 21:00:00+00:00,AAVE/USDT:USDT,AAVE,short,aave_trend,37.98738400311907,0.0273543239777746,0.0820629719333239,0.0299187918506909,-0.0257844234226898,-0.109099412983692,-0.0260720900413166,-0.0213329615170105,-0.0256801776790672,-0.0079151943462897,-0.0736439223967269,-0.0855200753961571,0.0189768351424261,0.7988623029826323,0.0122034822638615,0.0107367682075714,43.80791659749665,0.0130272884662618,-0.0378529509298951,0.0098129328914893,2.328782157853047,1,tp,1780606800000,1780635600000,8
1780606800000|AVAX/USDT:USDT|avax_trend|short,2026-06-04 21:00:00+00:00,AVAX/USDT:USDT,AVAX,short,avax_trend,43.567907466492585,0.0259586243246804,0.0789300303070233,0.0110686519963105,-0.0275219426009774,-0.1149529209015345,-0.0339306891553564,-0.0188752424046541,-0.0206478255258741,-0.0160767535329962,-0.0708863858961801,-0.089905348131349,0.0184113540395964,1.0253072473086875,0.0118201022498866,0.0104018936576694,43.80791659749665,0.0130272884662618,-0.0378529509298951,0.0098129328914893,1.9353325877196617,1,tp,1780606800000,1780628400000,6
1780606800000|BCH/USDT:USDT|bch_trend|short,2026-06-04 21:00:00+00:00,BCH/USDT:USDT,BCH,short,bch_trend,21.58559905544886,0.0295448934244095,0.0371162867253723,0.0534112418730969,-0.014732243234019,-0.1550036000372793,0.0081474775738623,-0.0178629162625282,-0.0152761457109282,-0.000945529290853,-0.0172671761898984,-0.1423687681241936,0.0218101242392804,0.2991206622029668,0.0146837853691037,0.014548341118314,43.80791659749665,0.0130272884662618,-0.0378529509298951,0.0098129328914893,0.6326471124544594,1,time_stop,1780606800000,1780632000000,12
1780610400000|ADA/USDT:USDT|ada_trend_discovery|short,2026-06-04 22:00:00+00:00,ADA/USDT:USDT,ADA,short,ada_trend_discovery,51.92454518274984,0.0142935678944474,0.1143485431555799,0.0186915887850468,-0.0429647921640719,-0.1771839191341047,-0.0478284771852665,0.0077562326869806,-0.0339883165161974,-0.0303837953091683,-0.1017283950617283,-0.1402447118675314,0.0212569517692562,1.419914179371898,0.0124333217017198,0.0100322935832589,42.346972023513565,0.0126719348696342,-0.0181852930161015,0.0096505866268824,0.8680253618669407,1,tp,1780610400000,1780624800000,4
1780610400000|RENDER/USDT:USDT|render_trend_discovery|short,2026-06-04 22:00:00+00:00,RENDER/USDT:USDT,RENDER,short,render_trend_discovery,24.392813915107823,0.021727609962904,0.1717011128775833,0.0328563857975622,-0.0361036996468814,-0.086011660968485,-0.0694223635400104,0.0150618612157074,-0.0401831129196337,0.0205516495402919,-0.1383561643835615,-0.0517773139115899,0.0332195270313178,0.3334346565419666,0.0222187190694772,0.0216807943969619,42.346972023513565,0.0126719348696342,-0.0181852930161015,0.0096505866268824,1.27449585114526,1,tp,1780610400000,1780639200000,8
1780610400000|TON/USDT:USDT|ton_trend_discovery|short,2026-06-04 22:00:00+00:00,TON/USDT:USDT,TON,short,ton_trend_discovery,42.63401644260685,0.0249745463256872,0.15038629693957,0.0231778163741989,-0.0470367673442422,-0.118477991563104,-0.0636042402826855,0.0098584734486513,-0.0332349024376122,-0.0272081099976695,-0.1266802657042732,-0.0749674507585842,0.02652256096658,-0.5132452774829036,0.0153337761627813,0.0169007630694797,42.346972023513565,0.0126719348696342,-0.0181852930161015,0.0096505866268824,1.013434765119654,1,tp,1780610400000,1780639200000,8
1780610400000|INJ/USDT:USDT|inj_trend_discovery|short,2026-06-04 22:00:00+00:00,INJ/USDT:USDT,INJ,short,inj_trend_discovery,42.28871113287937,0.0259115306311307,0.2226540810660744,0.0257264482694798,-0.0688614201737531,-0.137359041331824,-0.0984638163982974,0.0242654028436017,-0.0305042167593757,-0.1008487269096356,-0.1811154895422856,-0.0735632940596798,0.0333161396359262,1.1018371721020503,0.0161132089801173,0.0174816565249415,42.346972023513565,0.0126719348696342,-0.0181852930161015,0.0096505866268824,0.1777775667561042,1,sl,1780610400000,1780664400000,15
1780617600000|ETH/USDT:USDT|eth_trend|short,2026-06-05 00:00:00+00:00,ETH/USDT:USDT,ETH,short,eth_trend,39.75893050468844,0.0095420606984242,0.033419958715518,0.0261638982559296,-0.0100290967210417,-0.09161901789282,-0.0036280302297941,-0.0064016362876159,-0.0087706937077599,-0.0106778583524143,-0.0193068064579092,-0.0824164840618427,0.0138572241493298,0.3986442364782906,0.0092486641340563,0.0091023544926357,39.02607804440915,0.0122301444474335,0.0013251329871246,0.009124658300338,0.0921891464315368,1,tp,1780617600000,1780621200000,2
1780624800000|ETH/USDT:USDT|eth_trend|short,2026-06-05 02:00:00+00:00,ETH/USDT:USDT,ETH,short,eth_trend,39.73803605470805,0.0160333502937231,0.0507539664184282,0.0017750589759007,-0.0227752779880226,-0.1048192221049403,-0.0244894537212637,-0.0130958019252825,-0.0215986875601064,-0.0248918908252381,-0.0207178488316129,-0.0839560668788648,0.0139907881742735,0.4022416599472599,0.0087820728801294,0.0090850733227382,37.54786496329479,0.0122377805102189,-0.0096980303298818,0.0078660660746069,0.6958126820892137,1,tp,1780624800000,1780635600000,3
1780624800000|SUI/USDT:USDT|sui_trend_discovery|short,2026-06-05 02:00:00+00:00,SUI/USDT:USDT,SUI,short,sui_trend_discovery,34.70747833158847,0.0340893657476572,0.1136764905609126,0.0027162841233193,-0.0500919180632536,-0.1562269479092881,-0.0554801032187967,-0.0284998020847078,-0.0396504499804357,-0.0702108852127795,-0.0705629891441556,-0.1117318947635839,0.0241757808768216,1.1416348104676588,0.0143624350088089,0.013275648484807,37.54786496329479,0.0122377805102189,-0.0096980303298818,0.0078660660746069,0.951087108304796,1,tp,1780624800000,1780639200000,4
1780628400000|ADA/USDT:USDT|ada_trend_discovery|short,2026-06-05 03:00:00+00:00,ADA/USDT:USDT,ADA,short,ada_trend_discovery,55.53706549806127,0.047378395451674,0.2703727100442198,0.0018951358180669,-0.1283036041239646,-0.2757022451100666,-0.1342387871130763,-0.0318042813455657,-0.118596881959911,-0.1611022787493375,-0.2073109664496745,-0.1690940121852513,0.0287422623771869,2.740571280921166,0.0143221244910233,0.0122514005334419,37.43337041189707,0.0119820565985733,-0.0254366903858169,0.0068500600820106,0.0313066318655618,1,sl,1780628400000,1780632000000,1
1780628400000|NEAR/USDT:USDT|near_trend_discovery|short,2026-06-05 03:00:00+00:00,NEAR/USDT:USDT,NEAR,short,near_trend_discovery,30.72246988441549,0.0347907851433945,0.2957216737188529,0.0173953925716971,-0.0860880999003533,-0.1427079905903574,-0.1391631405735779,0.0014124293785309,-0.0331818181818183,-0.1100418410041842,-0.2205936240381093,-0.0619533356375277,0.0444230510433768,0.9177118723434852,0.0204104792325905,0.0227461653454252,37.43337041189707,0.0119820565985733,-0.0254366903858169,0.0068500600820106,1.682572615877363,1,tp,1780628400000,1780675200000,13
1780628400000|ONDO/USDT:USDT|ondo_trend_discovery|short,2026-06-05 03:00:00+00:00,ONDO/USDT:USDT,ONDO,short,ondo_trend_discovery,22.29914339713812,0.0201398601398602,0.1516083916083916,0.0223776223776224,-0.0470486902250782,-0.0612401596062835,-0.0646153846153846,-0.0085967831392124,-0.0337837837837837,-0.0643810520806071,-0.1278360575750182,-0.0148921243253836,0.0346814656491475,0.4013347088820109,0.0218422627886138,0.0216958737693182,37.43337041189707,0.0119820565985733,-0.0254366903858169,0.0068500600820106,-0.082727845927442,0,sl,1780628400000,1780635600000,3
1780632000000|AVAX/USDT:USDT|avax_trend|short,2026-06-05 04:00:00+00:00,AVAX/USDT:USDT,AVAX,short,avax_trend,44.95073186226878,0.0258124916410324,0.0696803530827872,0.0250100307610004,-0.0246267117821264,-0.1209089479591621,-0.0223351611608933,0.0224258170381512,-0.0204375736931743,-0.0355991229201598,-0.0632673515409671,-0.0987132181494893,0.0195267086298075,1.2210705058065765,0.0119110010533732,0.011252001463641,35.78763411929983,0.0122892378156255,-0.0120424460878751,0.0075215300036768,3.0768995740426552,1,tp,1780632000000,1780675200000,12
1780635600000|BTC/USDT:USDT|btc_trend_loose|short,2026-06-05 05:00:00+00:00,BTC/USDT:USDT,BTC,short,btc_trend_loose,34.55213044517055,0.0232011224122875,0.0350850156675399,0.0023051831304258,-0.0178624918079258,-0.1040299629607048,-0.016389916268557,-0.0203573265145331,-0.0166164143526923,-0.0191588255299851,-0.0255476507799448,-0.0877346302671982,0.0133057918631328,1.0565674768561606,0.0084672949080795,0.0080328410824018,34.55213044517055,0.0133057918631328,-0.0255476507799448,0.0084672949080795,1.0885535257145826,1,tp,1780635600000,1780639200000,1
1780635600000|XRP/USDT:USDT|xrp_trend|short,2026-06-05 05:00:00+00:00,XRP/USDT:USDT,XRP,short,xrp_trend,41.077383329016826,0.0263392857142857,0.0711607142857141,0.0008928571428572,-0.0340640749728404,-0.1119672060581703,-0.0351339285714283,-0.0236247929561501,-0.0316444751858896,-0.0419981182105893,-0.0566832308599342,-0.0806504127933117,0.0163729716580281,1.161708222898786,0.0101272074902737,0.0100692610210037,34.55213044517055,0.0133057918631328,-0.0255476507799448,0.0084672949080795,19.351251196148404,1,tp,1780635600000,1780639200000,1
1780635600000|BCH/USDT:USDT|bch_trend|short,2026-06-05 05:00:00+00:00,BCH/USDT:USDT,BCH,short,bch_trend,23.865968968921475,0.0340981925394179,0.076955945818912,0.0025637738751441,-0.0387665762085132,-0.1761131091129228,-0.037196085971884,-0.0292836699987556,-0.0426263039476375,-0.0517038777908342,-0.034529702970297,-0.142885723181223,0.0209629056933076,-0.0272911849881985,0.0124115439568553,0.0148930398102541,34.55213044517055,0.0133057918631328,-0.0255476507799448,0.0084672949080795,0.7308446563206902,1,tp,1780635600000,1780639200000,1
1780635600000|SOL/USDT:USDT|sol_trend_discovery|short,2026-06-05 05:00:00+00:00,SOL/USDT:USDT,SOL,short,sol_trend_discovery,47.32292869441661,0.030678555236512,0.0757140698201602,0.0022668883179689,-0.0348987142780678,-0.1431977310136459,-0.0367235907510955,-0.0256221469592106,-0.0334501898919076,-0.04378612716763,-0.0587482219061166,-0.1122151823210621,0.0193868026235422,1.031619424358734,0.0108052894430853,0.0109502257981684,34.55213044517055,0.0133057918631328,-0.0255476507799448,0.0084672949080795,0.7637576487121795,1,tp,1780635600000,1780639200000,1
1780635600000|ADA/USDT:USDT|ada_trend_discovery|short,2026-06-05 05:00:00+00:00,ADA/USDT:USDT,ADA,short,ada_trend_discovery,55.96872973203785,0.0346715328467152,0.2141119221411193,0.0389294403892943,-0.0807511052222045,-0.24422660780542,-0.0875912408759125,-0.0249110320284697,-0.0452961672473867,-0.126461211477152,-0.1633587786259542,-0.177835952277899,0.0306567208742418,2.7805867333471253,0.0212216738702088,0.014962695034784,34.55213044517055,0.0133057918631328,-0.0255476507799448,0.0084672949080795,0.4686328350641132,1,sl,1780635600000,1780675200000,11
1780639200000|BNB/USDT:USDT|bnb_trend|short,2026-06-05 06:00:00+00:00,BNB/USDT:USDT,BNB,short,bnb_trend,41.078808051561005,0.0264820841296898,0.0517760903627943,0.0179933536511871,-0.0324994493148114,-0.1062317455516235,-0.0168913683558036,-0.0069252077562328,-0.025945927814303,-0.0472933070866142,-0.0414122074406628,-0.0762090483406904,0.0155642917603237,1.5379385899565718,0.0090786669904649,0.0084817783257735,34.62293053755768,0.0142149190160986,-0.0326588258820881,0.008512668221254,0.3504206021907209,1,time_stop,1780639200000,1780707600000,19
1780639200000|ETH/USDT:USDT|eth_trend|short,2026-06-05 06:00:00+00:00,ETH/USDT:USDT,ETH,short,eth_trend,42.74495683187438,0.040049291435613,0.0834813284525147,0.0200246457178065,-0.0521653656577324,-0.1391422526828094,-0.0317283413673541,-0.0165798368748402,-0.0428211295619593,-0.0675198413816022,-0.074789859608334,-0.0917637780618061,0.0180652541169134,1.6801371334019812,0.0101279846097901,0.0100588504365516,34.62293053755768,0.0142149190160986,-0.0326588258820881,0.008512668221254,0.920533779563548,1,tp,1780639200000,1780642800000,1
1780639200000|AAVE/USDT:USDT|aave_trend|short,2026-06-05 06:00:00+00:00,AAVE/USDT:USDT,AAVE,short,aave_trend,41.47806614048477,0.0788849347568207,0.0799228944246737,0.050415183867141,-0.0425589107886457,-0.1353436609748601,-0.0147538552787663,-0.0047225501770957,-0.0243055555555556,-0.068250898038132,-0.0655396979354302,-0.0969090957467068,0.0247477071145006,2.3868067036895884,0.0119004795811769,0.0115690494491118,34.62293053755768,0.0142149190160986,-0.0326588258820881,0.008512668221254,3.2525709696010003,1,tp,1780639200000,1780664400000,7
1780639200000|ENA/USDT:USDT|ena_trend_discovery|short,2026-06-05 06:00:00+00:00,ENA/USDT:USDT,ENA,short,ena_trend_discovery,27.614938062512383,0.0524727188298118,0.2192941722776875,0.0421407011841188,-0.0859226225802072,-0.0952744086429124,-0.0885767355467842,-0.0054266251010277,-0.052469475305247,-0.1350537202530375,-0.1739547372458765,-0.0102308472933691,0.0478303435591691,0.8826444756846905,0.02605818142172,0.0286139358288275,34.62293053755768,0.0142149190160986,-0.0326588258820881,0.008512668221254,-1.0851052286292493,0,sl,1780639200000,1780678800000,11
1780639200000|ONDO/USDT:USDT|ondo_trend_discovery|short,2026-06-05 06:00:00+00:00,ONDO/USDT:USDT,ONDO,short,ondo_trend_discovery,22.594175270960285,0.0525428491149199,0.1087384096656364,0.0390559145827478,-0.041400075668379,-0.0639696430993427,-0.0348412475414442,-0.0047539149888142,-0.0130338325013865,-0.0641598737838549,-0.0817853457172342,-0.023544303372129,0.0365258618985353,0.6802969770455056,0.0213545289648363,0.0221114668656264,34.62293053755768,0.0142149190160986,-0.0326588258820881,0.008512668221254,0.9920615017021432,1,tp,1780639200000,1780671600000,9
1780642800000|BTC/USDT:USDT|btc_trend_loose|short,2026-06-05 07:00:00+00:00,BTC/USDT:USDT,BTC,short,btc_trend_loose,33.87975297563276,0.0278063149617284,0.0220069250233053,0.0318348140961005,-0.002973368820718,-0.0909745417151975,0.0049139445363976,0.0187154374903095,0.0059952439963828,-0.0082499610850892,-0.0076476872078625,-0.0882636131698827,0.0149432357707799,1.6690861846619849,0.0093489711151977,0.0083992003680377,33.87975297563276,0.0149432357707799,-0.0076476872078625,0.0093489711151977,0.1728112212943645,1,sl,1780642800000,1780675200000,9
1780642800000|XRP/USDT:USDT|xrp_trend|short,2026-06-05 07:00:00+00:00,XRP/USDT:USDT,XRP,short,xrp_trend,43.24395182703504,0.0302042972877773,0.0427087002465656,0.0397146882705177,-0.0156569034958497,-0.0976960288173901,-0.0014970059880239,0.0155607225898763,0.0015875815840535,-0.0332027924399797,-0.027073337902673,-0.0833440348318575,0.0181427784082116,1.7206785494785573,0.0101772117283621,0.0102645060580353,33.87975297563276,0.0149432357707799,-0.0076476872078625,0.0093489711151977,0.5609472456752373,1,sl,1780642800000,1780675200000,9
1780642800000|BCH/USDT:USDT|bch_trend|short,2026-06-05 07:00:00+00:00,BCH/USDT:USDT,BCH,short,bch_trend,29.702910528720093,0.0283826333762028,0.1177435806465917,0.0318861146835779,-0.0607122004118611,-0.2028776408379052,-0.0429287329815069,0.0073713366690493,-0.0580248976522682,-0.0979317518102171,-0.0750266633850192,-0.151354505497017,0.0254639408978589,0.935907765063048,0.0151548039860195,0.0156609869506088,33.87975297563276,0.0149432357707799,-0.0076476872078625,0.0093489711151977,0.4742753301147175,1,time_stop,1780642800000,1780682400000,12
1780642800000|DOGE/USDT:USDT|doge_trend_loose|short,2026-06-05 07:00:00+00:00,DOGE/USDT:USDT,DOGE,short,doge_trend_loose,46.867226169063336,0.0329605650382579,0.061212477928193,0.0349617422012948,-0.0268020971206436,-0.1136045900525308,-0.0131253678634491,0.0148130450364352,-0.0109442309931306,-0.0459344115004491,-0.0423853004170894,-0.0891930538229363,0.0194423137549602,1.906945274714611,0.0103412680155539,0.0096895878906552,33.87975297563276,0.0149432357707799,-0.0076476872078625,0.0093489711151977,0.0204159315421117,1,sl,1780642800000,1780668000000,7
1780642800000|SOL/USDT:USDT|sol_trend_discovery|short,2026-06-05 07:00:00+00:00,SOL/USDT:USDT,SOL,short,sol_trend_discovery,50.17244135011676,0.036454394191499,0.067917107850552,0.0358493420057479,-0.0280985557489987,-0.1414041955635075,-0.016033882922402,0.0172334205262347,-0.0140193885160327,-0.0425778421433743,-0.0432706222865412,-0.1165814090355922,0.0221143007867503,1.709905248536365,0.0115607980706198,0.0113340653348935,33.87975297563276,0.0149432357707799,-0.0076476872078625,0.0093489711151977,-0.2034429595356097,0,time_stop,1780642800000,1780678800000,10
1780642800000|SUI/USDT:USDT|sui_trend_discovery|short,2026-06-05 07:00:00+00:00,SUI/USDT:USDT,SUI,short,sui_trend_discovery,39.86062094265744,0.047725996631106,0.1325098259404827,0.045199326221224,-0.0546490098263703,-0.1766752649709653,-0.0436552498596294,0.0169878658101356,-0.0243768830457408,-0.0884197056941777,-0.0925996688319958,-0.1290803695272829,0.0293761757386821,2.230492876905283,0.0155233534273948,0.0142417202934821,33.87975297563276,0.0149432357707799,-0.0076476872078625,0.0093489711151977,-0.0577523087106382,0,time_stop,1780642800000,1780704000000,17
1780642800000|XLM/USDT:USDT|xlm_trend_discovery|short,2026-06-05 07:00:00+00:00,XLM/USDT:USDT,XLM,short,xlm_trend_discovery,23.62751986011693,0.0329698723580176,0.100873339879076,0.0665598677070951,-0.037677855672985,-0.0933655241800318,-0.0171567360859904,0.0125582125477472,-0.0122001020929045,-0.0758393428530493,-0.0708695443414799,-0.0578680110764686,0.0290881959422151,0.8254358344117728,0.0151649003519913,0.0163043865265473,33.87975297563276,0.0149432357707799,-0.0076476872078625,0.0093489711151977,-0.0721765509689418,0,sl,1780642800000,1780678800000,11
1780642800000|RENDER/USDT:USDT|render_trend_discovery|short,2026-06-05 07:00:00+00:00,RENDER/USDT:USDT,RENDER,short,render_trend_discovery,33.4667231367491,0.0422857142857142,0.1554285714285713,0.0462857142857142,-0.0575661910400169,-0.1428273105742746,-0.0545714285714285,0.0168506682161533,-0.0107405313736573,-0.103942652329749,-0.091381100726895,-0.0904690798692239,0.0367208475052579,1.0926134928595856,0.0205599150822603,0.0222186081215506,33.87975297563276,0.0149432357707799,-0.0076476872078625,0.0093489711151977,0.1120706687524318,1,time_stop,1780642800000,1780696800000,15
1780642800000|TON/USDT:USDT|ton_trend_discovery|short,2026-06-05 07:00:00+00:00,TON/USDT:USDT,TON,short,ton_trend_discovery,52.02415327595038,0.0360491637100862,0.134820070957932,0.0433350228079067,-0.0562564937196687,-0.1563805344095264,-0.0457425240750125,0.0125737746984859,-0.0335537594905706,-0.0776063581112669,-0.085144612531154,-0.1060924287410319,0.0298368780467025,1.047385381467117,0.0143924259105883,0.0169221578689217,33.87975297563276,0.0149432357707799,-0.0076476872078625,0.0093489711151977,0.2284900373717032,1,sl,1780642800000,1780675200000,9
1780646400000|ETH/USDT:USDT|eth_trend|short,2026-06-05 08:00:00+00:00,ETH/USDT:USDT,ETH,short,eth_trend,45.92241010100328,0.0121946819641376,0.0785558802660221,0.0244795612800808,-0.0402306785325228,-0.1329573460478825,-0.0270381594929707,-0.0090926424672879,-0.0462530180596099,-0.0626067448663821,-0.0618505522773685,-0.0966134939316268,0.0182546114257745,1.6538359523746275,0.0107479840229704,0.0102673009224709,33.18355124088329,0.0149961297258253,-0.0183283408417261,0.0095643527094691,-0.1081150050791779,0,sl,1780646400000,1780650000000,2
1780657200000|ETH/USDT:USDT|eth_trend|short,2026-06-05 11:00:00+00:00,ETH/USDT:USDT,ETH,short,eth_trend,48.09455717507696,0.0113210498138223,0.0789646232231906,0.0241098659159403,-0.0319069962909575,-0.13000587670247,-0.0274273786536252,-0.0081382791477478,-0.0094680267893318,-0.0607223170194252,-0.0504264081751557,-0.1013320828016187,0.0169722032713117,1.136333217141008,0.0105328796509877,0.0103888565824724,31.298448435665254,0.0143346555612526,-0.0094560681502285,0.009447692684681,0.8382925788808117,1,tp,1780657200000,1780664400000,2
1780668000000|ETH/USDT:USDT|eth_trend|short,2026-06-05 14:00:00+00:00,ETH/USDT:USDT,ETH,short,eth_trend,52.13332155122944,0.0207455652369582,0.1192416836473192,0.0057317515282586,-0.0546727962766026,-0.158989994477742,-0.0567549660595303,-0.0088775175165254,-0.0454466805486776,-0.0749687774642675,-0.0979945536655635,-0.110350361007555,0.0193062635802795,1.945949359579104,0.0107840632714831,0.010633440293554,33.57354752090611,0.0153969309305619,-0.0483575000899507,0.0091167869806044,0.0432495615638345,1,sl,1780668000000,1780675200000,2
1780668000000|AAVE/USDT:USDT|aave_trend|short,2026-06-05 14:00:00+00:00,AAVE/USDT:USDT,AAVE,short,aave_trend,54.85785675312142,0.0387784779447406,0.1767652286314428,0.0059783486831474,-0.0855413311044399,-0.1969628072259458,-0.0853934399741476,-0.0035421027209788,-0.0798394290811775,-0.1046006944444445,-0.1408939478067741,-0.1218441903515174,0.0307446809999707,3.076299899781181,0.0165645467341103,0.0137339410541977,33.57354752090611,0.0153969309305619,-0.0483575000899507,0.0091167869806044,-0.2457195397832278,0,sl,1780668000000,1780693200000,8
1780668000000|INJ/USDT:USDT|inj_trend_discovery|short,2026-06-05 14:00:00+00:00,INJ/USDT:USDT,INJ,short,inj_trend_discovery,46.32592084346004,0.0504119262455864,0.1514319340918007,0.0486465280502158,-0.0310464176597966,-0.1646182391094531,-0.0513927030207923,0.0051261829652995,0.0257545271629779,-0.0333712552142586,-0.1030964109781844,-0.1378516204326895,0.0363642964250036,2.0292175603692875,0.0165235837589876,0.016466796665275,33.57354752090611,0.0153969309305619,-0.0483575000899507,0.0091167869806044,-0.0941652622546639,0,sl,1780668000000,1780693200000,8
1780671600000|DOGE/USDT:USDT|doge_trend_loose|short,2026-06-05 15:00:00+00:00,DOGE/USDT:USDT,DOGE,short,doge_trend_loose,54.93262020268244,0.023680981595092,0.1045398773006135,0.0074846625766871,-0.041252291822609,-0.1409939112848425,-0.0485276073619631,-0.0143910992864916,-0.0295308406763514,-0.0511118872977062,-0.0892837188512682,-0.1040332285662986,0.0208150957306127,2.1661297558978565,0.0111143590568745,0.010052296429971,34.86013678319255,0.01569998060912,-0.0542395811151056,0.0091714093880667,-0.0625698049866866,0,sl,1780671600000,1780704000000,10
1780675200000|ONDO/USDT:USDT|ondo_trend_discovery|short,2026-06-05 16:00:00+00:00,ONDO/USDT:USDT,ONDO,short,ondo_trend_discovery,25.679446961291223,0.0455480458419042,0.1583896561857184,0.0434910373200116,-0.0444368100254684,-0.0980170661423997,-0.0574493094328534,0.0308997273553468,-0.0367959241437871,-0.0760249796361662,-0.1258669406627279,-0.0560719130655915,0.0381260793932254,0.960982154597408,0.0208204577220631,0.0225133530811027,35.15162386764755,0.0164592171135856,-0.0341778766996068,0.0098597628535764,-0.8842850664664628,0,sl,1780675200000,1780696800000,6
1780678800000|BTC/USDT:USDT|btc_trend_loose|short,2026-06-05 17:00:00+00:00,BTC/USDT:USDT,BTC,short,btc_trend_loose,35.42229044607005,0.014258100071562,0.0553461706135408,0.0172307996018853,-0.0207232365748316,-0.1144472711386161,-0.0190576855058277,-0.0093158034554524,0.0014184420531,-0.0242060281502028,-0.0429010946100845,-0.0957074016909892,0.0164457119408589,1.927343410600868,0.0099868228909853,0.0089585359239659,35.42229044607005,0.0164457119408589,-0.0429010946100845,0.0099868228909853,0.042389843929125,1,sl,1780678800000,1780689600000,3
1780678800000|XRP/USDT:USDT|xrp_trend|short,2026-06-05 17:00:00+00:00,XRP/USDT:USDT,XRP,short,xrp_trend,38.72229470026358,0.0197617758527341,0.0684894423389278,0.0222883955964628,-0.0183147923425606,-0.1099025783829791,-0.0231005233712324,-0.0102706081986244,0.0058999727693564,-0.0105357142857143,-0.0520913523222991,-0.0932964919161521,0.0199297984678876,2.016142529019714,0.011759446382338,0.0108303964111066,35.42229044607005,0.0164457119408589,-0.0429010946100845,0.0099868228909853,0.6837896690708956,1,sl,1780678800000,1780689600000,3
1780678800000|ETH/USDT:USDT|eth_trend|short,2026-06-05 17:00:00+00:00,ETH/USDT:USDT,ETH,short,eth_trend,57.1152332875412,0.0159864927630835,0.1218664089077466,0.0296380914123598,-0.0442883936063216,-0.1584546758631592,-0.0461141587476933,-0.0089758342922899,-0.0129910357516773,-0.0535532889382607,-0.0983729945389207,-0.1194568335186775,0.0206702705550152,2.193733141424944,0.0116474653419648,0.010821531194114,35.42229044607005,0.0164457119408589,-0.0429010946100845,0.0099868228909853,1.1984299122811215,1,tp,1780678800000,1780682400000,1
1780678800000|AVAX/USDT:USDT|avax_trend|short,2026-06-05 17:00:00+00:00,AVAX/USDT:USDT,AVAX,short,avax_trend,54.430540957826025,0.0185211568599515,0.1175381108420003,0.033480552785297,-0.030486564317082,-0.1579156775037639,-0.0420287790283516,-0.0056665250035415,0.0071746305065287,-0.0331955922865013,-0.0942057039618015,-0.1314361498218142,0.0256502649364384,2.1732156432565897,0.0156375674677538,0.0128051509089485,35.42229044607005,0.0164457119408589,-0.0429010946100845,0.0099868228909853,0.7633773597544351,1,sl,1780678800000,1780689600000,3
1780678800000|ADA/USDT:USDT|ada_trend_discovery|short,2026-06-05 17:00:00+00:00,ADA/USDT:USDT,ADA,short,ada_trend_discovery,54.46443847574639,0.0261031696706029,0.1839651957737726,0.041019266625233,-0.0341650790835949,-0.2381564437947252,-0.0714729645742698,-0.0110633066994469,0.0075140889167186,-0.0212895377128954,-0.1450584484590862,-0.2112072780694023,0.0318740165655354,1.818115373662684,0.0233762226706312,0.0160797177069599,35.42229044607005,0.0164457119408589,-0.0429010946100845,0.0099868228909853,-0.0817628934788531,0,sl,1780678800000,1780693200000,5
1780678800000|NEAR/USDT:USDT|near_trend_discovery|short,2026-06-05 17:00:00+00:00,NEAR/USDT:USDT,NEAR,short,near_trend_discovery,39.26755372378685,0.0409711684370258,0.2190187152250885,0.0925644916540212,-0.0571139024241343,-0.1844350262864999,-0.0632271117855337,0.0,-0.0110055027513756,-0.0918695452457509,-0.1728033472803347,-0.135033408796359,0.0484191078827974,1.46261981400781,0.0206999052436481,0.0222263443972899,35.42229044607005,0.0164457119408589,-0.0429010946100845,0.0099868228909853,-0.1066641454010368,0,sl,1780678800000,1780707600000,9
1780678800000|TON/USDT:USDT|ton_trend_discovery|short,2026-06-05 17:00:00+00:00,TON/USDT:USDT,TON,short,ton_trend_discovery,60.52004420837777,0.0203454141044092,0.1364647389768416,0.0544943085175977,-0.0318752741207146,-0.1684605087304514,-0.0409852152296219,-0.0005884275907159,0.0130558685134867,-0.0416300940438871,-0.1178439519852262,-0.1410822706606168,0.0306770878092258,1.1875452478158768,0.017034817814404,0.0177244233638417,35.42229044607005,0.0164457119408589,-0.0429010946100845,0.0099868228909853,0.1084453219234223,1,tp,1780678800000,1780700400000,7
1780682400000|SOL/USDT:USDT|sol_trend_discovery|short,2026-06-05 18:00:00+00:00,SOL/USDT:USDT,SOL,short,sol_trend_discovery,56.111781782501325,0.0443843461660833,0.1084950684059816,0.0046134266624244,-0.0476374129237621,-0.1703709806015293,-0.0519408208717785,-0.0336664104534972,-0.0364806866952789,-0.0327742729650715,-0.0950187158076589,-0.1288727311879821,0.025912646751564,2.508958730953646,0.0152610243034329,0.0129220004468943,36.75572478487686,0.0178365122389203,-0.0694281804201526,0.0108192324646553,0.088552451501981,1,tp,1780682400000,1780707600000,8
1780682400000|ENA/USDT:USDT|ena_trend_discovery|short,2026-06-05 18:00:00+00:00,ENA/USDT:USDT,ENA,short,ena_trend_discovery,22.837056623230865,0.0918582824964804,0.1711637728765838,0.038010323791647,-0.0464462726466734,-0.0962379726352654,-0.0665767245424683,-0.0728736132260169,-0.0234849352732272,-0.0104481077315996,-0.1440907721658801,-0.0522169842771138,0.0527838455518315,1.5789410363269685,0.0305140163962475,0.028769859875249,36.75572478487686,0.0178365122389203,-0.0694281804201526,0.0108192324646553,0.187567941722884,1,tp,1780682400000,1780689600000,3
1780682400000|XLM/USDT:USDT|xlm_trend_discovery|short,2026-06-05 18:00:00+00:00,XLM/USDT:USDT,XLM,short,xlm_trend_discovery,29.245303521611376,0.0463725541625138,0.115878927765829,0.0524576404553322,-0.017897519817796,-0.0967428212611395,-0.0317106436552483,-0.0321876427882419,0.011836518046709,-0.0025116425095494,-0.0864085114540401,-0.0802821528652649,0.0302372150336118,1.8084790464790943,0.0161033155136364,0.0163501677489861,36.75572478487686,0.0178365122389203,-0.0694281804201526,0.0108192324646553,-0.0757401146100402,0,sl,1780682400000,1780689600000,3
1780686000000|ETH/USDT:USDT|eth_trend|short,2026-06-05 19:00:00+00:00,ETH/USDT:USDT,ETH,short,eth_trend,60.59227740349266,0.026420683911736,0.1330442908818125,0.022174048480302,-0.0456074822806518,-0.1662461858778786,-0.0554351212007552,0.0135504323509323,-0.0058083680950575,-0.0627249326691612,-0.1144158447056704,-0.1264036561031613,0.0222104623174313,2.471807583984233,0.0128370895487001,0.0113232017565075,38.00853080402516,0.0179197977035081,-0.0523991239035036,0.0114385564372848,-1.2129823666699888,0,sl,1780686000000,1780689600000,1
1780693200000|BTC/USDT:USDT|btc_trend_loose|short,2026-06-05 21:00:00+00:00,BTC/USDT:USDT,BTC,short,btc_trend_loose,35.639142451789134,0.009492289846608,0.0375651976411229,0.0415236982778899,-0.0002954001560846,-0.0979403275471475,0.0019792503183835,0.0008654536243508,0.014032721081161,-0.0189869892173636,-0.0254655321247995,-0.0976737802409914,0.0178257898549197,2.084207599198572,0.0124203064440108,0.0099105503180236,35.639142451789134,0.0178257898549197,-0.0254655321247995,0.0124203064440108,0.2379932215005693,1,tp,1780693200000,1780732800000,12
1780693200000|XRP/USDT:USDT|xrp_trend|short,2026-06-05 21:00:00+00:00,XRP/USDT:USDT,XRP,short,xrp_trend,36.46637703167799,0.0081000810008099,0.056790567905679,0.038250382503825,-0.0082271828740349,-0.1035301291555162,-0.0092700927009269,-0.0031401399605239,0.0026168561631474,-0.0251798561151078,-0.0406665515455015,-0.0960935252870283,0.0210040732958701,1.9886614412500687,0.0130049986667307,0.0113794989574307,35.639142451789134,0.0178257898549197,-0.0254655321247995,0.0124203064440108,2.101843079398433,1,tp,1780693200000,1780707600000,5
1780696800000|AAVE/USDT:USDT|aave_trend|short,2026-06-05 22:00:00+00:00,AAVE/USDT:USDT,AAVE,short,aave_trend,57.46332359353187,0.022359657469077,0.1373295274341896,0.0610529654297494,-0.0253744612553666,-0.1694904106510641,-0.0381382810022201,-0.0030039525691699,0.0419695968274951,-0.0624442462087422,-0.1103273137697515,-0.1478680207593636,0.0310086281735415,1.9449289377919103,0.0202575542961373,0.0150916000391841,34.674414053690214,0.0174721267661565,-0.0336817252779338,0.0122984999982172,0.4475864998826871,1,tp,1780696800000,1780704000000,3
1780696800000|AVAX/USDT:USDT|avax_trend|short,2026-06-05 22:00:00+00:00,AVAX/USDT:USDT,AVAX,short,avax_trend,54.53246629874983,0.0280799764775065,0.1351073213760659,0.0329314907380181,-0.0394708121019194,-0.1767189083374636,-0.0510879153190238,-0.021294964028777,-0.0029316915860452,-0.0493361285814116,-0.1127054526480564,-0.1428880017023566,0.0289249506783024,2.3217588043176822,0.0180867329353104,0.01382667829048,34.674414053690214,0.0174721267661565,-0.0336817252779338,0.0122984999982172,0.3466455802876505,1,tp,1780696800000,1780707600000,5
1780696800000|BCH/USDT:USDT|bch_trend|short,2026-06-05 22:00:00+00:00,BCH/USDT:USDT,BCH,short,bch_trend,46.99135760837404,0.0289127504299725,0.1430762794589318,0.0275647283038163,-0.0363781776583265,-0.2149485735669508,-0.0577557755775578,-0.0228026345673404,0.0130915940663998,-0.0508691432100943,-0.1225272260064445,-0.1853116977723531,0.0280498747475044,1.475797283687459,0.0182495892972242,0.0170828030787218,34.674414053690214,0.0174721267661565,-0.0336817252779338,0.0122984999982172,1.800793692565278,1,tp,1780696800000,1780718400000,10
1780696800000|ADA/USDT:USDT|ada_trend_discovery|short,2026-06-05 22:00:00+00:00,ADA/USDT:USDT,ADA,short,ada_trend_discovery,51.828962718644014,0.0238244514106582,0.1492163009404388,0.032601880877743,-0.0286768818549718,-0.235830175977907,-0.0583072100313479,-0.0172520024645718,0.0126984126984126,-0.0256566890653635,-0.1231445849367784,-0.2132691894727508,0.0310805807017473,1.4069026902785406,0.0241177477408526,0.0164436394608159,34.674414053690214,0.0174721267661565,-0.0336817252779338,0.0122984999982172,1.20501826620159,1,tp,1780696800000,1780718400000,6
1780700400000|ONDO/USDT:USDT|ondo_trend_discovery|short,2026-06-05 23:00:00+00:00,ONDO/USDT:USDT,ONDO,short,ondo_trend_discovery,26.906599069209182,0.0418604651162789,0.0906976744186046,0.0674418604651162,-0.012570090424769,-0.0820602693627508,-0.0116279069767441,-0.0148911798396335,0.0348977135980745,-0.0174235932590689,-0.0702702702702703,-0.0703747964935301,0.0374621650209253,0.6140701179071966,0.0230601026683309,0.0217620214020769,34.3951905053824,0.0178727359926591,-0.0443421963434993,0.0123597678395616,0.1288684369574021,1,tp,1780700400000,1780707600000,3
1780700400000|RENDER/USDT:USDT|render_trend_discovery|short,2026-06-05 23:00:00+00:00,RENDER/USDT:USDT,RENDER,short,render_trend_discovery,43.30715454717055,0.0332936979785969,0.1218787158145065,0.0737217598097502,-0.0172996378646146,-0.1539117445938549,-0.0240784780023782,-0.0088391278727166,0.0306372549019608,-0.0129107981220657,-0.1067445565586829,-0.1390170513750349,0.0361513893098173,0.6567421116402733,0.022101052801954,0.0220060216798636,34.3951905053824,0.0178727359926591,-0.0443421963434993,0.0123597678395616,0.1305761977447494,1,tp,1780700400000,1780704000000,2
1780704000000|TON/USDT:USDT|ton_trend_discovery|short,2026-06-06 00:00:00+00:00,TON/USDT:USDT,TON,short,ton_trend_discovery,58.8871962412751,0.0194877142670925,0.0936583458254578,0.058006908688001,-0.0080565382325839,-0.1552357923097095,-0.0178257185687284,0.0124719545994456,0.0030726987447697,0.0022209158011627,-0.0725382336940095,-0.1483746400373321,0.0286646274462257,0.1849913966048889,0.0192043050567629,0.0181769699087228,34.13591149623944,0.0171066698167357,-0.0340687368588747,0.0123523304450665,-0.0797689936879811,0,sl,1780704000000,1780707600000,2
1780707600000|SUI/USDT:USDT|sui_trend_discovery|short,2026-06-06 01:00:00+00:00,SUI/USDT:USDT,SUI,short,sui_trend_discovery,36.05819206883636,0.0370002835270768,0.0765523107456761,0.0499007655231074,-0.0136169545596798,-0.1594090266832449,-0.0133257726112843,-0.0297111416781292,-0.0124597508049839,0.0113261648745519,-0.0692703522892201,-0.1478047223109797,0.0321127404806024,1.7235728978942315,0.0216177535834947,0.0169904536663667,33.9827204205785,0.0164521191057142,-0.036645776437716,0.0123590507626697,9.793331266336123,1,tp,1780707600000,1780718400000,3
1780711200000|BNB/USDT:USDT|bnb_trend|short,2026-06-06 02:00:00+00:00,BNB/USDT:USDT,BNB,short,bnb_trend,43.31538372567339,0.0094676608288538,0.0460378012831627,0.0343679556095024,-0.0070337471795076,-0.0949707424257667,-0.0058349228368302,-1.733973747630735e-05,-0.0010912303188816,-0.0114844017826533,-0.0327720381054608,-0.0885599032157201,0.0159845750901897,0.7208636830407888,0.0122229819528523,0.0098402911399066,34.07893336230404,0.0159160283218086,-0.0266371603646211,0.0121543648029997,0.0474740379675436,1,sl,1780711200000,1780722000000,3
1780711200000|XRP/USDT:USDT|xrp_trend|short,2026-06-06 02:00:00+00:00,XRP/USDT:USDT,XRP,short,xrp_trend,36.407784671465365,0.0108685724723719,0.0489542423965659,0.0240204584893597,-0.0161003321606383,-0.1117840639222583,-0.0124668919536032,-0.0049981824790985,-0.0095884215287199,-0.0103046190002712,-0.0349052446011459,-0.0972494807033942,0.0194359695537276,1.1842771045633338,0.0127709457740569,0.0111851944941284,34.07893336230404,0.0159160283218086,-0.0266371603646211,0.0121543648029997,6.565691377783907,1,sl,1780711200000,1780722000000,3
1780711200000|AAVE/USDT:USDT|aave_trend|short,2026-06-06 02:00:00+00:00,AAVE/USDT:USDT,AAVE,short,aave_trend,55.52988793326836,0.0193292582190649,0.1584338344622501,0.0218073682471501,-0.04996450085802,-0.1969437816959231,-0.06831323310755,-0.0148111979166666,-0.0401205201395497,-0.021974470835353,-0.1242766203703704,-0.1547092513602352,0.0301653070588449,1.5382426856789548,0.0207061300844998,0.0154553408698224,34.07893336230404,0.0159160283218086,-0.0266371603646211,0.0121543648029997,0.767116456109523,1,sl,1780711200000,1780722000000,3
1780711200000|DOGE/USDT:USDT|doge_trend_loose|short,2026-06-06 02:00:00+00:00,DOGE/USDT:USDT,DOGE,short,doge_trend_loose,59.98453715117624,0.0111766150822892,0.0703758290346352,0.0305821665438467,-0.0192399236010901,-0.1295736037667914,-0.0198968312453942,-0.0054965188713813,-0.0163102573396156,-0.0153585681460877,-0.0550139275766016,-0.1124981357018703,0.0222125533173675,1.4954497436621237,0.0145796550212487,0.0114050688729858,34.07893336230404,0.0159160283218086,-0.0266371603646211,0.0121543648029997,-0.1068679195618346,0,sl,1780711200000,1780732800000,7
1780711200000|NEAR/USDT:USDT|near_trend_discovery|short,2026-06-06 02:00:00+00:00,NEAR/USDT:USDT,NEAR,short,near_trend_discovery,43.35174295517727,0.0172852058973055,0.1362480935434671,0.0879511947127605,-0.0286757004799252,-0.1753868394605906,-0.0241484494153532,-0.0105633802816901,-0.0080685829551184,-0.0095669687814702,-0.0739171374764595,-0.1510423851777974,0.0407517140626468,-0.5813916266231515,0.0214519839382043,0.022215407871435,34.07893336230404,0.0159160283218086,-0.0266371603646211,0.0121543648029997,0.1808281411832181,1,sl,1780711200000,1780722000000,3
1780711200000|XLM/USDT:USDT|xlm_trend_discovery|short,2026-06-06 02:00:00+00:00,XLM/USDT:USDT,XLM,short,xlm_trend_discovery,23.911172282344392,0.0175679804460739,0.0619716875445565,0.0802016498625113,-0.0067062305866811,-0.065974587927796,0.0091149811589774,-0.0101814516129031,-0.0423757741259082,0.0423566878980889,-0.0026915849880656,-0.0596685081152993,0.030960946697208,1.758120085479121,0.018693356267098,0.0174660414869281,34.07893336230404,0.0159160283218086,-0.0266371603646211,0.0121543648029997,-0.0755807102611793,0,sl,1780711200000,1780729200000,8
1780711200000|ONDO/USDT:USDT|ondo_trend_discovery|short,2026-06-06 02:00:00+00:00,ONDO/USDT:USDT,ONDO,short,ondo_trend_discovery,26.513912526652696,0.0184012066365007,0.1170437405731523,0.0322775263951735,-0.0404222999118031,-0.1128108554809447,-0.0423831070889894,-0.0160284951024041,-0.0506872852233676,-0.0438419382751658,-0.0806988352745423,-0.0754379302087659,0.0354438539520585,0.0331812314707984,0.022236752900564,0.0218074999318056,34.07893336230404,0.0159160283218086,-0.0266371603646211,0.0121543648029997,0.6816406799575875,1,time_stop,1780711200000,1780779600000,19
1780711200000|TON/USDT:USDT|ton_trend_discovery|short,2026-06-06 02:00:00+00:00,TON/USDT:USDT,TON,short,ton_trend_discovery,56.78889954001339,0.0123744261858826,0.1066462643869335,0.0384538620184951,-0.023865482598212,-0.1696318500347629,-0.0340962011842191,-0.0077237919197252,-0.0064119513484927,-0.0141020595566049,-0.0819081358416808,-0.1493302048415852,0.0271277567297509,-0.4206492936859183,0.019023950283003,0.0182114119299406,34.07893336230404,0.0159160283218086,-0.0266371603646211,0.0121543648029997,0.0901070578717579,1,sl,1780711200000,1780722000000,3
1780714800000|ETH/USDT:USDT|eth_trend|short,2026-06-06 03:00:00+00:00,ETH/USDT:USDT,ETH,short,eth_trend,60.5505441335391,0.0139280045061191,0.118208817655794,0.0154833836858004,-0.0315439517649943,-0.1616901279232643,-0.0513627169849967,-0.0081326620659882,-0.0126583878408695,-0.0125647832132474,-0.0964286747057633,-0.1343852169599839,0.0196851211326473,1.1225716337916654,0.0137275187363166,0.0114954148558238,34.3021649754068,0.0153719410269147,-0.0324897886273778,0.0121545411508243,1.1069429011379113,1,tp,1780714800000,1780718400000,1
1780714800000|AVAX/USDT:USDT|avax_trend|short,2026-06-06 03:00:00+00:00,AVAX/USDT:USDT,AVAX,short,avax_trend,53.40192430244263,0.0222426752569411,0.1515569872679858,0.001994170885105,-0.0590596983649363,-0.2036489755932773,-0.0747814081914403,-0.0198466396030672,-0.0303435966086568,-0.0549434618730065,-0.1085737727334882,-0.1536646660548915,0.028829477642012,1.8289578951086871,0.0190346355258217,0.0144885020498512,34.3021649754068,0.0153719410269147,-0.0324897886273778,0.0121545411508243,0.6247113175213034,1,sl,1780714800000,1780722000000,2
1780714800000|SOL/USDT:USDT|sol_trend_discovery|short,2026-06-06 03:00:00+00:00,SOL/USDT:USDT,SOL,short,sol_trend_discovery,54.31764387834743,0.0154483197961458,0.0837713011626054,0.0221372830068482,-0.0298791916517403,-0.1600018580846822,-0.0308170090778785,-0.010713723018749,-0.0127358490566038,-0.0219626168224299,-0.0635346756152125,-0.1341303735711952,0.0236724317338234,1.1867567128619412,0.0161468786348696,0.0129061268532529,34.3021649754068,0.0153719410269147,-0.0324897886273778,0.0121545411508243,0.3244762869540021,1,time_stop,1780714800000,1780794000000,22
1780714800000|RENDER/USDT:USDT|render_trend_discovery|short,2026-06-06 03:00:00+00:00,RENDER/USDT:USDT,RENDER,short,render_trend_discovery,43.27510374005188,0.0172946263125386,0.1346510191476219,0.0376775787523162,-0.0422691047119384,-0.1801365029486313,-0.0484867201976528,-0.0115995115995115,-0.0374554102259214,-0.0049170251997541,-0.0847936687394007,-0.1439521257119159,0.0323728280132705,-0.6603978928173746,0.0211235540276238,0.0212607345499745,34.3021649754068,0.0153719410269147,-0.0324897886273778,0.0121545411508243,0.1240006982458048,1,tp,1780714800000,1780725600000,4
1780714800000|INJ/USDT:USDT|inj_trend_discovery|short,2026-06-06 03:00:00+00:00,INJ/USDT:USDT,INJ,short,inj_trend_discovery,28.50121040527033,0.0165647801222637,0.0696115164661803,0.0589627292447248,-0.01378285800091,-0.151755356892568,-0.0053243936107278,-0.0007881773399015,-0.0162948593598448,0.0234106962663975,-0.0370300037979491,-0.1399007307984769,0.0318826805214625,-0.2792655268977484,0.01905045417829,0.0177327951890049,34.3021649754068,0.0153719410269147,-0.0324897886273778,0.0121545411508243,0.0406232616865047,1,sl,1780714800000,1780722000000,2
1780722000000|ETH/USDT:USDT|eth_trend|short,2026-06-06 05:00:00+00:00,ETH/USDT:USDT,ETH,short,eth_trend,62.23759107221185,0.0416834281554701,0.0786289421425333,0.0399019213455165,-0.0216961824855939,-0.1568028070647613,-0.0193635103985084,0.0292727810456441,-0.010138231371632,-0.0170284078783847,-0.0696697695693756,-0.1381029309713165,0.022467117437359,1.8326910897914657,0.0144623648599155,0.0121709204247838,35.807305932960816,0.0164674458580064,-0.0220806364617044,0.0116125797494443,-1.5287018921926618,0,sl,1780722000000,1780725600000,1
1780722000000|BCH/USDT:USDT|bch_trend|short,2026-06-06 05:00:00+00:00,BCH/USDT:USDT,BCH,short,bch_trend,53.41566837900679,0.0470059171597633,0.1086390532544378,0.045207100591716,-0.0255419293810416,-0.2168644706881453,-0.0317159763313608,0.0388492746496189,-0.0061162079510703,-0.031274361443573,-0.0973379481263085,-0.1963373767180962,0.0290480980492553,1.6363082981360169,0.0215904747749176,0.0168561881765538,35.807305932960816,0.0164674458580064,-0.0220806364617044,0.0116125797494443,-1.041991040439514,0,sl,1780722000000,1780725600000,1
1780722000000|ADA/USDT:USDT|ada_trend_discovery|short,2026-06-06 05:00:00+00:00,ADA/USDT:USDT,ADA,short,ada_trend_discovery,52.20009259805805,0.0416124837451236,0.0806241872561768,0.0344603381014304,-0.0369162472362324,-0.250261060632314,-0.0230819245773731,0.0267022696929239,-0.0290404040404042,-0.0441267868241143,-0.0644768856447688,-0.2215225963306354,0.0325007076736779,1.336661566242297,0.0188126497130702,0.017525441255385,35.807305932960816,0.0164674458580064,-0.0220806364617044,0.0116125797494443,-0.8215045351909296,0,sl,1780722000000,1780729200000,2
1780722000000|SUI/USDT:USDT|sui_trend_discovery|short,2026-06-06 05:00:00+00:00,SUI/USDT:USDT,SUI,short,sui_trend_discovery,36.21124002459223,0.0441453177015486,0.0561586336662325,0.0429874077290489,-0.0215864027547352,-0.1708436291483535,-0.0065856129685917,0.0305787589498807,-0.0205557130705983,-0.0245658619229141,-0.0457182320441988,-0.1525502372553425,0.0325991705803404,1.6200706966431764,0.0223083753289962,0.0173210105163333,35.807305932960816,0.0164674458580064,-0.0220806364617044,0.0116125797494443,-0.838780369565758,0,sl,1780722000000,1780729200000,2
1780725600000|XRP/USDT:USDT|xrp_trend|short,2026-06-06 06:00:00+00:00,XRP/USDT:USDT,XRP,short,xrp_trend,40.2698218670486,0.0188522317715552,0.0586821920340078,0.030588670178357,-0.0176740352380213,-0.1178396435057048,-0.0140467609278254,-0.0062448342363852,-0.0116905653484336,-0.0008310249307478,-0.0322840279019853,-0.1019677905917452,0.0213713429394266,1.619202871803708,0.014333338855187,0.011668687086395,35.94868412174762,0.0160398913138178,-0.0184925577549227,0.0115653947042271,2.0687031167559784,1,tp,1780725600000,1780743600000,6
1780725600000|AVAX/USDT:USDT|avax_trend|short,2026-06-06 06:00:00+00:00,AVAX/USDT:USDT,AVAX,short,avax_trend,54.1303941621628,0.022619593458658,0.1182943603851444,0.0496714045544857,-0.0395488027093091,-0.1957482265330277,-0.0343114779153293,-0.0053207661903313,-0.0162381596752367,-0.0408970976253297,-0.088464753413207,-0.1626312968991417,0.0310563123984885,1.9790969916786936,0.0209866517659464,0.0156660229503767,35.94868412174762,0.0160398913138178,-0.0184925577549227,0.0115653947042271,-0.3087060383499871,0,sl,1780725600000,1780743600000,7
1780725600000|NEAR/USDT:USDT|near_trend_discovery|short,2026-06-06 06:00:00+00:00,NEAR/USDT:USDT,NEAR,short,near_trend_discovery,44.675794176137664,0.0233160621761657,0.0963730569948187,0.0704663212435232,-0.0302889422909797,-0.184651320369086,-0.0129533678756477,-0.0025839793281654,-0.0188103711235384,0.0190073917634636,-0.0738963531669866,-0.1591838897277229,0.0423425066629484,-0.2827872423184744,0.0214867104324075,0.0219438699399855,35.94868412174762,0.0160398913138178,-0.0184925577549227,0.0115653947042271,-0.1054599933073129,0,sl,1780725600000,1780729200000,2
1780725600000|TON/USDT:USDT|ton_trend_discovery|short,2026-06-06 06:00:00+00:00,TON/USDT:USDT,TON,short,ton_trend_discovery,55.55480097018704,0.0186594322768477,0.0454575530999801,0.0471117580890625,-0.0087013652367497,-0.1593176414043229,0.0008271024945411,0.0053885045236827,0.0054553921894751,0.0289351851851851,-0.0304721580703104,-0.1519383472202043,0.0273580918978923,-0.3820083839235336,0.0191243961575208,0.0183959457053057,35.94868412174762,0.0160398913138178,-0.0184925577549227,0.0115653947042271,-0.6209057638638515,0,sl,1780725600000,1780732800000,2
1780725600000|INJ/USDT:USDT|inj_trend_discovery|short,2026-06-06 06:00:00+00:00,INJ/USDT:USDT,INJ,short,inj_trend_discovery,28.775256078118307,0.0238329722276936,0.0474689777427614,0.0600748473507976,-0.0068586765577898,-0.1467162990170232,0.0063029348040181,-0.002749950893734,0.0003940886699507,0.0450802799505969,-0.0189371980676328,-0.1408234851959329,0.0337098428526327,0.3098008974138432,0.0212624438005156,0.0181757012067984,35.94868412174762,0.0160398913138178,-0.0184925577549227,0.0115653947042271,-0.0858052142566386,0,sl,1780725600000,1780729200000,2
1780729200000|AAVE/USDT:USDT|aave_trend|short,2026-06-06 07:00:00+00:00,AAVE/USDT:USDT,AAVE,short,aave_trend,54.14543065784459,0.0261309815449941,0.1337579617834395,0.057161522129675,-0.0185020323045685,-0.179629213254591,-0.0382982198268823,0.0112303881090007,0.0220330495743614,0.016434262948207,-0.1175961954172071,-0.1641645589224712,0.0301947235561935,1.3074145200942209,0.0216328055571551,0.0162285610267518,36.079963868478224,0.0154387707394457,-0.0332997228722359,0.0108459717885062,-0.3968019523002083,0,sl,1780729200000,1780740000000,5
1780736400000|BTC/USDT:USDT|btc_trend_loose|short,2026-06-06 09:00:00+00:00,BTC/USDT:USDT,BTC,short,btc_trend_loose,35.318872657206,0.0072854993790674,0.0320522600468857,0.0307874277971083,-0.0030740444778595,-0.0968894559116358,-0.0006324161248886,-0.0046195598926185,0.0006204970871108,-0.0110773124376415,-0.0298539768431942,-0.0941046934470078,0.0145164920660663,0.3603533085955052,0.0106492407208628,0.0096722359993714,35.318872657206,0.0145164920660663,-0.0298539768431942,0.0106492407208628,0.6821334309094494,1,time_stop,1780736400000,1780786800000,14
1780736400000|BNB/USDT:USDT|bnb_trend|short,2026-06-06 09:00:00+00:00,BNB/USDT:USDT,BNB,short,bnb_trend,43.61440048189173,0.0150291221744556,0.0348772708362224,0.034669255304396,-0.0028284131020924,-0.0887446771744674,-0.0001040077659132,-0.007227920424038,0.0004682541058946,3.4670457303320745e-05,-0.0327134928486393,-0.0861599600322057,0.0158711331557566,0.5022345505781687,0.0099018276126919,0.0098739928564506,35.318872657206,0.0145164920660663,-0.0298539768431942,0.0106492407208628,0.5575745946209569,1,time_stop,1780736400000,1780794000000,16
1780736400000|DOGE/USDT:USDT|doge_trend_loose|short,2026-06-06 09:00:00+00:00,DOGE/USDT:USDT,DOGE,short,doge_trend_loose,59.89095508647851,0.018074511250461,0.0493052993975162,0.0457395794909627,-0.0076301710192726,-0.1224480917139099,-0.0017828599532766,-0.0108246168815373,0.0103105590062111,-0.0211818510049344,-0.0426133019423189,-0.1157007371058105,0.0225594208656219,1.231655072941277,0.0152576957239266,0.0122335252861483,35.318872657206,0.0145164920660663,-0.0298539768431942,0.0106492407208628,0.1445402852916191,1,tp,1780736400000,1780747200000,4
1780736400000|ADA/USDT:USDT|ada_trend_discovery|short,2026-06-06 09:00:00+00:00,ADA/USDT:USDT,ADA,short,ada_trend_discovery,48.646115025808925,0.0255264837268666,0.0606253988513081,0.0523292916400766,-0.0132049115780405,-0.229009931301899,-0.0041480536056157,-0.0169385194479295,0.0188556566970092,-0.0345040049291435,-0.0439292251372787,-0.2186928393299612,0.0297720270054206,0.8340596845855552,0.0188361493317445,0.0179240996447215,35.318872657206,0.0145164920660663,-0.0298539768431942,0.0106492407208628,0.1119753030209007,1,tp,1780736400000,1780747200000,4
1780736400000|SUI/USDT:USDT|sui_trend_discovery|short,2026-06-06 09:00:00+00:00,SUI/USDT:USDT,SUI,short,sui_trend_discovery,32.706228840066004,0.026038702333523,0.03827546955037,0.0591918042117244,-0.0033264407100086,-0.1513520625398891,0.0104581673306772,-0.0106981981981982,0.0172239108409322,-0.0160996780064399,-0.0184357541899441,-0.1485196636854003,0.0297670413044959,0.9226809291029988,0.0205365308827104,0.01748729898465,35.318872657206,0.0145164920660663,-0.0298539768431942,0.0106492407208628,-0.0813164103541578,0,sl,1780736400000,1780747200000,4
1780736400000|NEAR/USDT:USDT|near_trend_discovery|short,2026-06-06 09:00:00+00:00,NEAR/USDT:USDT,NEAR,short,near_trend_discovery,45.248763970652014,0.0341386554621849,0.0966386554621849,0.0577731092436974,-0.0350487045723908,-0.1911730614153484,-0.0194327731092437,-0.0165289256198347,-0.0160206718346254,-0.0441767068273092,-0.085933749399904,-0.1617950642511678,0.0389828993160977,-1.244222528659154,0.0215153842670772,0.0218123447524395,35.318872657206,0.0145164920660663,-0.0298539768431942,0.0106492407208628,0.6647728096318752,1,time_stop,1780736400000,1780776000000,12
1780740000000|ETH/USDT:USDT|eth_trend|short,2026-06-06 10:00:00+00:00,ETH/USDT:USDT,ETH,short,eth_trend,61.011066670213445,0.0237004194592918,0.0863801761858289,0.0281987810474203,-0.0251148314826009,-0.1605478918077775,-0.0290906975692043,-0.0144843532042013,-0.0078615444792848,-0.0309037499138777,-0.0768482664391448,-0.1389220645659658,0.0211020104341831,1.239355285961551,0.0139451705071008,0.0123256065050039,35.678652795357465,0.0145252201293772,-0.0312717464857678,0.0106766296390792,-0.1650981994153575,0,sl,1780740000000,1780747200000,3
1780740000000|BCH/USDT:USDT|bch_trend|short,2026-06-06 10:00:00+00:00,BCH/USDT:USDT,BCH,short,bch_trend,43.32715908438973,0.0276824525280256,0.0389842141386409,0.0770990619995425,-0.0003563911518735,-0.1826791890629829,0.0190574239304507,-0.0189873417721518,-0.0105935080809451,0.0158973643843258,-0.0357804641312978,-0.1823877993089928,0.0285899359413871,1.2473800259631178,0.0215628665350207,0.0177351493438075,35.678652795357465,0.0145252201293772,-0.0312717464857678,0.0106766296390792,0.8564785572284858,1,time_stop,1780740000000,1780765200000,12
1780740000000|RENDER/USDT:USDT|render_trend_discovery|short,2026-06-06 10:00:00+00:00,RENDER/USDT:USDT,RENDER,short,render_trend_discovery,45.52456012801912,0.0210526315789472,0.079876160990712,0.0427244582043343,-0.024361518769771,-0.1720629629313772,-0.0185758513931888,-0.0073755377996311,0.0024829298572315,-0.0483205657041838,-0.0599534342258439,-0.1513895228644142,0.0305217882685228,-1.3474711647066793,0.0196615552673241,0.021018755523466,35.678652795357465,0.0145252201293772,-0.0312717464857678,0.0106766296390792,0.1104640682354481,1,tp,1780740000000,1780743600000,2
1780743600000|AAVE/USDT:USDT|aave_trend|short,2026-06-06 11:00:00+00:00,AAVE/USDT:USDT,AAVE,short,aave_trend,50.2989779392626,0.0156606851549754,0.0841761827079934,0.0582381729200652,-0.0116343840473546,-0.1729032679202765,-0.0129690048939641,0.0122192866578598,0.0011432304425935,-0.0146278733322617,-0.0726172465960665,-0.1631672341388378,0.0277722490534112,0.7882256542089495,0.0212037982831424,0.0164381837649593,36.0127343522124,0.0139305639705583,-0.0186663867785142,0.0105794527309888,2.870793149836816,1,tp,1780743600000,1780761600000,7
1780747200000|XRP/USDT:USDT|xrp_trend|short,2026-06-06 12:00:00+00:00,XRP/USDT:USDT,XRP,short,xrp_trend,41.73104498095774,0.0165221360109539,0.0382473756275673,0.0424463715198539,-0.0009345370123727,-0.1011079825558986,0.0020994979461432,0.0078196872125113,-0.0026402039329935,-0.0134185878962537,-0.0211758398856326,-0.100267148905303,0.0187017921368259,0.596188853630669,0.0132931816088745,0.0118961482348511,35.805384377206096,0.013558355201334,-0.0151130857915036,0.0106185406396723,-1.4780432211592118,0,sl,1780747200000,1780761600000,7
1780747200000|RENDER/USDT:USDT|render_trend_discovery|short,2026-06-06 12:00:00+00:00,RENDER/USDT:USDT,RENDER,short,render_trend_discovery,44.63020446444597,0.0188909201706276,0.0627666057282144,0.0578915295551492,-0.0063705178169237,-0.1560215062493819,-0.0024375380865326,0.0086047940995697,-0.0060569351907934,-0.0272673384706579,-0.038664323374341,-0.1506104550195754,0.0283005144979706,-2.061842098112444,0.0198221969081041,0.0210799853439391,35.805384377206096,0.013558355201334,-0.0151130857915036,0.0106185406396723,0.2441978210306574,1,time_stop,1780747200000,1780794000000,13
1780750800000|ETH/USDT:USDT|eth_trend|short,2026-06-06 13:00:00+00:00,ETH/USDT:USDT,ETH,short,eth_trend,59.88636675232758,0.0124380826335841,0.0432827286686241,0.0339927144701929,-0.0151568073422418,-0.1516832547236642,-0.0046450070992155,-0.0089521638640748,-0.0085734122308069,-0.0161933595848635,-0.0357330921390914,-0.1386275991947345,0.0195144797329834,0.7010050879072833,0.0134199940934533,0.0124598319560005,35.61284511470024,0.0131120457739878,0.0013031215609782,0.0098120068803401,0.353343595566696,1,tp,1780750800000,1780754400000,2
1780758000000|LINK/USDT:USDT|link_trend|short,2026-06-06 15:00:00+00:00,LINK/USDT:USDT,LINK,short,link_trend,45.44197650482943,0.0169468546637744,0.0225054229934923,0.0527386117136659,-6.842374889752745e-05,-0.1146755775902044,0.0151165943600868,-0.0022994724739617,0.0084768936286574,0.0145804676753784,0.0117969821673524,-0.1146149962290287,0.019558536066651,-0.1800538750583343,0.0152371769876622,0.0138414849482355,35.717870469434644,0.0122346043777793,0.0058492602746982,0.0096853264603837,0.2680638737128514,1,tp,1780758000000,1780761600000,2
1780758000000|AVAX/USDT:USDT|avax_trend|short,2026-06-06 15:00:00+00:00,AVAX/USDT:USDT,AVAX,short,avax_trend,43.34255303435074,0.0252766975770265,0.0628178282979359,0.0699970086748429,-0.0101054907563763,-0.165597472970499,0.0035895901884534,-0.0096282032291512,0.0008982035928144,0.0256174259855805,-0.0307335459553493,-0.1570793460940942,0.0250257329106205,0.545734454438761,0.0201003506594348,0.0161304310717483,35.717870469434644,0.0122346043777793,0.0058492602746982,0.0096853264603837,0.3280063617903469,1,tp,1780758000000,1780761600000,2
1780761600000|DOGE/USDT:USDT|doge_trend_loose|short,2026-06-06 16:00:00+00:00,DOGE/USDT:USDT,DOGE,short,doge_trend_loose,52.23758616390597,0.0171182266009852,0.0293103448275862,0.0442118226600984,-0.0065182870775896,-0.1166381365021141,0.007450738916256,-0.0053895149436551,-0.009876844287282,0.0336048879837065,-0.0238037989901419,-0.110842351693216,0.0194755909645357,0.2453755007756171,0.0140630389448987,0.0123382142870392,35.850437896264424,0.0119873773973207,-0.0099139314939673,0.0091007533841976,0.2377615463142865,1,tp,1780761600000,1780768800000,3
1780765200000|LINK/USDT:USDT|link_trend|short,2026-06-06 17:00:00+00:00,LINK/USDT:USDT,LINK,short,link_trend,44.18826795706891,0.0132767588283603,0.0323022173555981,0.0436627429509991,-0.0086149807703576,-0.1210049386956836,0.0056802627977005,-0.0090872100908721,-0.008414766558089,0.0039851587192525,-0.0166890982503363,-0.113366609082573,0.0189455520083209,-0.470779073916687,0.014223487409475,0.0138585888680003,35.97353622117779,0.0115850712540531,-0.0038363781431731,0.0089239505078358,0.2400605541457239,1,tp,1780765200000,1780772400000,3
1780765200000|XRP/USDT:USDT|xrp_trend|short,2026-06-06 17:00:00+00:00,XRP/USDT:USDT,XRP,short,xrp_trend,38.31181229092594,0.016358595194085,0.0348428835489832,0.0304990757855823,-0.0122350930058062,-0.1077461151434598,-0.0021719038817004,-0.011691633175009,-0.0143026327776257,-0.0063366700339791,-0.0236419418877459,-0.0966940832391963,0.0172799179333516,-0.0295543423173003,0.0123469503527433,0.0119887829933355,35.97353622117779,0.0115850712540531,-0.0038363781431731,0.0089239505078358,1.4530870405380332,1,tp,1780765200000,1780786800000,9
1780765200000|AAVE/USDT:USDT|aave_trend|short,2026-06-06 17:00:00+00:00,AAVE/USDT:USDT,AAVE,short,aave_trend,45.7697971191026,0.013461858068805,0.0575037394050191,0.0405517699850424,-0.0206252871352348,-0.1795713157617166,-0.0084759847099883,-0.0062758051197356,-0.010361842105263,-0.0147371868347797,-0.0462830876525598,-0.1622933761088739,0.0250051928611283,0.166695117718981,0.0192815176905129,0.0166864631582164,35.97353622117779,0.0115850712540531,-0.0038363781431731,0.0089239505078358,-0.2412319496732927,0,sl,1780765200000,1780786800000,7
1780765200000|ADA/USDT:USDT|ada_trend_discovery|short,2026-06-06 17:00:00+00:00,ADA/USDT:USDT,ADA,short,ada_trend_discovery,37.07698379036527,0.019695044472681,0.0400254129606099,0.0565438373570522,-0.006274713194018,-0.2120386069309564,0.008259212198221,-0.0150187734668334,-0.0063131313131312,0.023407022106632,-0.0217526413921689,-0.207063155651701,0.0252405842658352,-0.0748619663670032,0.0174644632384644,0.0182816099871988,35.97353622117779,0.0115850712540531,-0.0038363781431731,0.0089239505078358,-0.0530941522223132,0,sl,1780765200000,1780794000000,11
1780765200000|SUI/USDT:USDT|sui_trend_discovery|short,2026-06-06 17:00:00+00:00,SUI/USDT:USDT,SUI,short,sui_trend_discovery,22.929805869923214,0.0187154402381964,0.0345952077130298,0.0625265844321565,-0.0049800463536772,-0.1389882563099569,0.0139656883595633,-0.0134284515316827,-0.0179615705931494,0.0208423795049936,-0.0042354934349851,-0.1346789172068327,0.0258876169186622,-0.1537367745069645,0.0191022306477133,0.0177790594286728,35.97353622117779,0.0115850712540531,-0.0038363781431731,0.0089239505078358,0.0919771315746194,1,tp,1780765200000,1780768800000,2
1780772400000|DOGE/USDT:USDT|doge_trend_loose|short,2026-06-06 19:00:00+00:00,DOGE/USDT:USDT,DOGE,short,doge_trend_loose,50.38285051400112,0.0091754494730316,0.0363298202107873,0.0376937383756974,-0.0100807651772058,-0.1194511602798704,0.000681959082455,-0.0033366287691547,-0.012126408623224,-0.010065054621333,-0.0043209876543209,-0.1104841599751751,0.0177307342309194,-0.3709821958154755,0.0122075876079089,0.0122957669391602,36.33304472303906,0.0106868586094984,0.0049147387406522,0.0067576691417394,0.163213069479095,1,tp,1780772400000,1780776000000,2
1780776000000|LINK/USDT:USDT|link_trend|short,2026-06-06 20:00:00+00:00,LINK/USDT:USDT,LINK,short,link_trend,42.8855338677124,0.0072345072345072,0.0294840294840295,0.0462735462735462,-0.0039967822669637,-0.1154637237064348,0.0083947583947583,0.0039742359873919,-0.0063746100637461,-0.0138645847354961,-0.0180940892641737,-0.1119142382824591,0.0168431616382098,-1.3857351548112695,0.0114548412990219,0.0137262737881629,36.46434208381079,0.0101927040170941,-0.0147386914600997,0.0049680412625248,-1.7606888776389678,0,sl,1780776000000,1780794000000,8
1780779600000|DOGE/USDT:USDT|doge_trend_loose|short,2026-06-06 21:00:00+00:00,DOGE/USDT:USDT,DOGE,short,doge_trend_loose,48.30119093074234,0.0112124199112862,0.0242730409068506,0.0437407589945785,-0.0027921928737734,-0.1118495100284939,0.0097338590438639,0.003958436417615,0.0069478908188584,-0.0020902496003935,-0.0232278252497292,-0.1093626788472545,0.0164180132943051,-0.8520634700290435,0.0115025621042366,0.0120323585311539,35.79306408736181,0.0098065005444446,-0.0149287388768565,0.0049657097479429,-0.1104505373859882,0,sl,1780779600000,1780783200000,2
1780783200000|NEAR/USDT:USDT|near_trend_discovery|short,2026-06-06 22:00:00+00:00,NEAR/USDT:USDT,NEAR,short,near_trend_discovery,46.49583963306875,0.0216099405726634,0.0837385197190706,0.0140464613722312,-0.0254141619243411,-0.1936821513264251,-0.0348460291734196,-0.0143769968051117,-0.0085698982324584,-0.012273212379936,-0.0665658093797277,-0.1726558942558952,0.0297744490745059,-2.627506894951969,0.0156950911437129,0.0196484968856403,35.65230428032226,0.0096075814058937,-0.0169535029550039,0.0049964158125984,-0.0895421102945708,0,sl,1780783200000,1780794000000,4
1780783200000|ONDO/USDT:USDT|ondo_trend_discovery|short,2026-06-06 22:00:00+00:00,ONDO/USDT:USDT,ONDO,short,ondo_trend_discovery,27.666479065359567,0.0136307311028501,0.0901486988847584,0.0315985130111523,-0.0128645825430538,-0.1152671742857553,-0.029275092936803,0.0009302325581395,0.0052943008408594,0.0015513496742165,-0.0756013745704468,-0.1037371265702436,0.02477245198473,-2.6777697197910504,0.0159588616961324,0.0207513769875119,35.65230428032226,0.0096075814058937,-0.0169535029550039,0.0049964158125984,-0.0699634415905142,0,sl,1780783200000,1780786800000,2
1780790400000|BTC/USDT:USDT|btc_trend_loose|short,2026-06-07 00:00:00+00:00,BTC/USDT:USDT,BTC,short,btc_trend_loose,34.46914761472536,0.0041927099194544,0.011962474670073,0.0213503916982039,-0.0008246935395645,-0.0871858952749809,0.0046939585140654,-0.0016664009847212,0.0011503250739552,-0.0041849989180965,-0.0080031483513611,-0.0864324820449674,0.0089882101967369,-2.374156246506816,0.004796580348881,0.0091780553601181,34.46914761472536,0.0089882101967369,-0.0080031483513611,0.004796580348881,-0.1404656160651519,0,sl,1780790400000,1780794000000,2
1780790400000|XRP/USDT:USDT|xrp_trend|short,2026-06-07 00:00:00+00:00,XRP/USDT:USDT,XRP,short,xrp_trend,32.92812823825803,0.0080852627710399,0.0231532524807055,0.0361999264976112,-0.0023510442015008,-0.0960899238000517,0.0065233370084528,-0.0038440417353102,0.0037812413538689,-0.0064810588772249,-0.0198126801152738,-0.0939597832020222,0.0137372320085876,-1.8331963524676416,0.0102803785105476,0.0116091263279278,34.46914761472536,0.0089882101967369,-0.0080031483513611,0.004796580348881,-9.360517185124552,0,sl,1780790400000,1780794000000,1
1780790400000|AAVE/USDT:USDT|aave_trend|short,2026-06-07 00:00:00+00:00,AAVE/USDT:USDT,AAVE,short,aave_trend,38.572281630338914,0.0082101806239737,0.0385878489326765,0.0520525451559934,-0.0006892083045811,-0.159599150499038,0.0067323481116585,0.0,0.0133111480865224,-0.0197971994205697,-0.0330263575738329,-0.1590195397818652,0.0193538864282038,-1.0983857471078655,0.01522158350672,0.0162095401449817,34.46914761472536,0.0089882101967369,-0.0080031483513611,0.004796580348881,-0.3555250031290708,0,sl,1780790400000,1780794000000,2
1780797600000|NEAR/USDT:USDT|near_trend_discovery|short,2026-06-07 02:00:00+00:00,NEAR/USDT:USDT,NEAR,short,near_trend_discovery,40.17172701448004,0.0412262156448203,0.0517970401691332,0.0354122621564481,-0.0029612925634483,-0.1701071890728619,-0.0081923890063425,-0.0262480699948534,0.0221501890869799,0.0232558139534884,-0.0381291306558211,-0.1676423345079109,0.0294314095869723,-2.117402440825064,0.0182199119229032,0.0201991578027343,29.73905615991693,0.0091056905556085,0.0090416031937805,0.0053052344730434,3.0997640654117324,1,tp,1780797600000,1780812000000,6
1780826400000|AVAX/USDT:USDT|avax_trend|short,2026-06-07 10:00:00+00:00,AVAX/USDT:USDT,AVAX,short,avax_trend,21.04446837105122,0.0131167088984945,0.0259353107765688,0.0219108660008942,-0.005169281878174,-0.1385746052531033,-0.0020122223878373,-0.0082779009608278,-0.0112011790714813,0.0120681852466435,0.0143634714242515,-0.1340985164056752,0.0162764582615047,-1.3579355912755056,0.0078129151214558,0.0150292495478174,28.19554068083709,0.0085133336330121,0.0295333356452696,0.0040032920002528,1.638824965698698,1,tp,1780826400000,1780830000000,2
1780826400000|NEAR/USDT:USDT|near_trend_discovery|short,2026-06-07 10:00:00+00:00,NEAR/USDT:USDT,NEAR,short,near_trend_discovery,25.818117125086868,0.0195560253699789,0.0385835095137421,0.0412262156448202,-0.0043526542044527,-0.1593346657826005,0.001321353065539,-0.0094240837696335,-0.0201967892283791,0.0221501890869799,0.0096051227321236,-0.1556595437456957,0.0283583903011944,-1.7218731039196455,0.0157831597340962,0.0190509511147919,28.19554068083709,0.0085133336330121,0.0295333356452696,0.0040032920002528,-1.2045177478655953,0,sl,1780826400000,1780830000000,2
1780833600000|AVAX/USDT:USDT|avax_trend|short,2026-06-07 12:00:00+00:00,AVAX/USDT:USDT,AVAX,short,avax_trend,20.80782975236958,0.0216671682214866,0.0356605476978633,0.0126391814625337,-0.0128964292810353,-0.1442629399544867,-0.0115106831176647,-0.0116002379535991,-0.0323238206173559,-0.0016523959741625,-0.020053081686818,-0.133082803639105,0.0163237594060855,-1.29379099757068,0.0072352990278311,0.0148029056557191,27.254631623403544,0.0091020875679663,0.0142204722344254,0.0047563807422451,-1.3328409153314047,0,sl,1780833600000,1780840800000,3
1780833600000|NEAR/USDT:USDT|near_trend_discovery|short,2026-06-07 12:00:00+00:00,NEAR/USDT:USDT,NEAR,short,near_trend_discovery,22.93797361440724,0.0381962864721485,0.0424403183023873,0.0376657824933686,-0.0080295942593319,-0.1598601901303648,-0.0023872679045092,-0.0166927490871152,-0.0233160621761657,0.0047974413646056,-0.010498687664042,-0.1530596023756035,0.0292062431170527,-1.4863183396716424,0.0156752528126905,0.0190880865890172,27.254631623403544,0.0091020875679663,0.0142204722344254,0.0047563807422451,0.6507367271266422,1,tp,1780833600000,1780837200000,2
1780833600000|ONDO/USDT:USDT|ondo_trend_discovery|short,2026-06-07 12:00:00+00:00,ONDO/USDT:USDT,ONDO,short,ondo_trend_discovery,26.97156318469354,0.0377078384798099,0.0611638954869358,0.0561163895486935,-0.0012061752052396,-0.0682780885810989,-0.0025237529691211,-0.019219569015725,-0.0485875706214689,0.0268292682926829,0.0309152127333944,-0.0671529115527338,0.0260497500446457,-1.2210633997345148,0.0139140515416396,0.0186337176680613,27.254631623403544,0.0091020875679663,0.0142204722344254,0.0047563807422451,0.4908323927784403,1,tp,1780833600000,1780837200000,2
1780833600000|RENDER/USDT:USDT|render_trend_discovery|short,2026-06-07 12:00:00+00:00,RENDER/USDT:USDT,RENDER,short,render_trend_discovery,25.419773133863103,0.0310786106032906,0.0481413772090188,0.0426569165143205,-0.0048433384648043,-0.1261789659507478,-0.0027422303473491,-0.0173652694610777,-0.0397893504973668,0.0217932752179326,0.0,-0.1219261571326497,0.020783117718431,-1.4966203562538447,0.0112964246292191,0.0173552864095704,27.254631623403544,0.0091020875679663,0.0142204722344254,0.0047563807422451,-0.2875539985238969,0,sl,1780833600000,1780840800000,3
1780837200000|AAVE/USDT:USDT|aave_trend|short,2026-06-07 13:00:00+00:00,AAVE/USDT:USDT,AAVE,short,aave_trend,22.474194668589643,0.0075417201540436,0.03096919127086,0.0442875481386392,-3.1962213770379406e-05,-0.125768489772926,0.0066591784338895,-0.0009618467457518,-0.019817552689525,0.0006422607578677,0.0250000000000001,-0.1257405465053827,0.0166640064457486,-1.3380097026330036,0.0080747778149417,0.0155536443653769,25.690218448514624,0.0087889631265773,0.0147335861598072,0.0047377691723738,-1.4120660735937338,0,sl,1780837200000,1780840800000,2
1780855200000|TON/USDT:USDT|ton_trend_discovery|short,2026-06-07 18:00:00+00:00,TON/USDT:USDT,TON,short,ton_trend_discovery,32.66033580150477,0.032700296735905,0.050860534124629,0.0572700296735905,-0.0021637731250479,-0.039870206981618,0.0032047477744807,-0.0279220029998845,-0.0068957387870572,-0.02629297890783,0.0524014739866343,-0.0377881989458932,0.0223101055513588,-1.4149901544617272,0.019436430766872,0.0180796475160973,23.22458373978226,0.0081262318819381,0.023027423027423,0.0047479077738129,7.102664104537427,1,sl,1780855200000,1780869600000,4
1780858800000|LINK/USDT:USDT|link_trend|short,2026-06-07 19:00:00+00:00,LINK/USDT:USDT,LINK,short,link_trend,26.427870709946497,0.0193650375444605,0.0335924120669213,0.0408378342774338,-0.0067808559145466,-0.0684389679706452,0.0036227111052563,-0.0136434511434511,-0.0172190574831693,-0.0155621838931396,0.0402905303549403,-0.0620790612255795,0.0129339491039397,-1.442186439573365,0.007117016755193,0.0122695469588028,22.413540883004394,0.0086324314578323,0.0122168486507638,0.005358001832639,0.3076329960068406,1,sl,1780858800000,1780862400000,1
1780858800000|DOGE/USDT:USDT|doge_trend_loose|short,2026-06-07 19:00:00+00:00,DOGE/USDT:USDT,DOGE,short,doge_trend_loose,22.59494913294121,0.0171648061457208,0.031928940103229,0.0346897131196733,-0.0065037782241264,-0.0733752089684616,0.0013803865082221,-0.0119781783681215,-0.0152482269503546,-0.0187279151943463,0.0329820210787352,-0.0673091948198883,0.0117582815795462,-1.5326758260688418,0.0069372178057299,0.0114624926129337,22.413540883004394,0.0086324314578323,0.0122168486507638,0.005358001832639,0.05874332827738,1,sl,1780858800000,1780862400000,1
1780858800000|SOL/USDT:USDT|sol_trend_discovery|short,2026-06-07 19:00:00+00:00,SOL/USDT:USDT,SOL,short,sol_trend_discovery,24.77549405355087,0.0212865863202379,0.0341211457192047,0.0403819064016277,-0.0067112307792038,-0.1002545056535957,0.0031303803412115,-0.0155624036979969,-0.016017249345449,-0.0151071373516263,0.0373437246306218,-0.0941753070940021,0.0142128010963167,-1.4576735023465093,0.008932315277774,0.0126293987092887,22.413540883004394,0.0086324314578323,0.0122168486507638,0.005358001832639,0.1852108503526888,1,tp,1780858800000,1780862400000,2
1780858800000|ONDO/USDT:USDT|ondo_trend_discovery|short,2026-06-07 19:00:00+00:00,ONDO/USDT:USDT,ONDO,short,ondo_trend_discovery,24.56034522612414,0.0354887218045112,0.0748872180451127,0.0439097744360902,-0.0213590176175116,-0.0769713127547641,-0.0154887218045112,-0.026639344262295,-0.0456371986222731,-0.0480961923847694,0.0419931056095268,-0.0568260436037178,0.0265940018494372,-0.8862269335108078,0.0148341968604623,0.0188030686102198,22.413540883004394,0.0086324314578323,0.0122168486507638,0.005358001832639,-0.2245430761611195,0,sl,1780858800000,1780869600000,5
1780891200000|XRP/USDT:USDT|xrp_trend|short,2026-06-08 04:00:00+00:00,XRP/USDT:USDT,XRP,short,xrp_trend,24.62939833038353,0.0118452224269543,0.0277265947179082,0.0214968851452136,-0.0002417200888375,-0.0404444313438969,-0.0031148547863474,-0.0100755667506298,-0.0196129032258065,0.0021102611448167,0.0168629550321197,-0.0402124314075516,0.0135797622137403,-1.0095258128739728,0.0088055948717266,0.0108973711051881,26.618989024667385,0.0104247459877734,0.0129433618790022,0.0066323309851639,1.23912670955215,1,tp,1780891200000,1780902000000,6
1780894800000|BNB/USDT:USDT|bnb_trend|short,2026-06-08 05:00:00+00:00,BNB/USDT:USDT,BNB,short,bnb_trend,23.14880710716722,0.0098258225977123,0.0265717117086854,0.0188454238540739,-0.0014674741200009,-0.0352232064868354,-0.0038631439273058,-0.0021453113215452,-0.0147611246255936,-0.001810713387543,0.0167184671607636,-0.0338053408296197,0.009746966455046,-0.9026542760732764,0.0066641824347802,0.0079099894822054,26.013798715160043,0.0101484102868148,0.0167171183551237,0.0066050177350599,-0.9157919771658224,0,sl,1780894800000,1780902000000,3
1780894800000|DOGE/USDT:USDT|doge_trend_loose|short,2026-06-08 05:00:00+00:00,DOGE/USDT:USDT,DOGE,short,doge_trend_loose,21.412244912967555,0.0090844738084002,0.0327984898537046,0.0217083529966966,-0.0004866181076416,-0.0526487443674502,-0.0055450684285039,-0.0015313935681469,-0.010391126678342,-0.0001179662616491,0.0108527131782947,-0.0521875216528378,0.0129550912813563,-1.0628719119226888,0.0074272423755172,0.0110514493988991,26.013798715160043,0.0101484102868148,0.0167171183551237,0.0066050177350599,-0.6424279905966953,0,sl,1780894800000,1780898400000,2
1780905600000|BNB/USDT:USDT|bnb_trend|short,2026-06-08 08:00:00+00:00,BNB/USDT:USDT,BNB,short,bnb_trend,19.39769237692386,0.0049864007252946,0.0261408280447265,0.0164702326987006,-0.0009951436661643,-0.033848006370425,-0.0048352976730129,-0.0016426416359369,-0.0017263052040559,0.0023728984702378,-0.0045126353790614,-0.0328855885894536,0.0088969104969769,-1.0640709924185536,0.0059160620546933,0.0073327043786476,26.16292277413245,0.0094006698480578,0.004421947375961,0.006409278923778,-0.8829740604016769,0,sl,1780905600000,1780909200000,2
1780909200000|BCH/USDT:USDT|bch_trend|short,2026-06-08 09:00:00+00:00,BCH/USDT:USDT,BCH,short,bch_trend,20.531667013511523,0.0353657358198859,0.1334428447192965,0.038506135858537,-0.0559602768013782,-0.1716584987606412,-0.0474683544303798,0.0259231722428747,-0.066943154667989,-0.0720882273827669,-0.0858177642330285,-0.122556518667722,0.0255767251098603,0.6306121606206846,0.0197705816308474,0.0173838557391581,26.6750677038068,0.009197461252531,0.0153559430491121,0.0064096018433719,-17.887906796260555,0,sl,1780909200000,1780930800000,11
1780941600000|ONDO/USDT:USDT|ondo_trend_discovery|long,2026-06-08 18:00:00+00:00,ONDO/USDT:USDT,ONDO,long,ondo_trend_discovery,42.03811651139907,0.0139223560910308,0.0147255689424364,0.1164658634538152,0.0351657425838921,0.0385416041953167,0.0508701472556893,-0.004,0.0168799346583174,0.0476858345021038,0.0933840749414518,0.003261179801988,0.0232438309007483,-0.9434557145788866,0.0134405524454699,0.0150240528965243,25.362267900298804,0.0092907088442413,0.0231671440737013,0.0061509972728515,-14.75872602496474,0,sl,1780941600000,1780963200000,6
1780952400000|TON/USDT:USDT|ton_trend_discovery|short,2026-06-08 21:00:00+00:00,TON/USDT:USDT,TON,short,ton_trend_discovery,28.56389498936016,0.0337747961367185,0.0463825111329592,0.040830489850211,-0.0049896142956107,-0.0105580344455909,-0.002776010641374,-0.0267364629066756,-0.0362298645560448,0.0079277178665113,0.0415010239730153,-0.005596343746742,0.0210879925690309,-0.9097579145360832,0.0131287943907399,0.0159312961648868,22.85607686436962,0.0084313156363886,0.0313464496801878,0.0053757093705838,17.137526918621738,1,tp,1780952400000,1780963200000,3
1780956000000|NEAR/USDT:USDT|near_trend_discovery|short,2026-06-08 22:00:00+00:00,NEAR/USDT:USDT,NEAR,short,near_trend_discovery,34.28845621766015,0.0154784240150093,0.0619136960600373,0.0567542213883677,-0.0043737877315608,-0.0322646960664085,-0.0025797373358349,-0.0079106561191251,-0.0295857988165679,0.0075614366729679,0.0492125984251969,-0.0280134331450564,0.0283057180121959,-0.8239287979133378,0.0175150226709183,0.0172134639424213,21.723811783251328,0.0084493881336067,0.0091352542831451,0.004255137021569,0.907027638180686,1,sl,1780956000000,1780981200000,7
1780959600000|BNB/USDT:USDT|bnb_trend|short,2026-06-08 23:00:00+00:00,BNB/USDT:USDT,BNB,short,bnb_trend,21.264322883220878,0.0107285802069321,0.0143822762526364,0.0171557637055121,-0.0016328249171644,-0.0206172470405682,0.0013867437264378,-0.0072052761747732,-0.0095242795104618,-0.0006804527500248,-0.0044311436649525,-0.0190154710583595,0.0077667128650437,-1.0561957624767977,0.0044142493237425,0.0056118542458009,20.23857615090712,0.0086006098194354,-0.0038010379392876,0.0041448632088067,1.8199835603648808,1,tp,1780959600000,1780963200000,1
1780959600000|AAVE/USDT:USDT|aave_trend|short,2026-06-08 23:00:00+00:00,AAVE/USDT:USDT,AAVE,short,aave_trend,24.985160904435297,0.0171870072532323,0.0258593503626616,0.0261747082939136,-0.0049067439405579,-0.0809216429909274,0.000157678965626,-0.0087527352297592,-0.0095267843198501,-0.0126109294722093,-0.0040829145728642,-0.0763897238650652,0.0140134359642645,-1.0658865360887486,0.0074355432390906,0.0112180242975946,20.23857615090712,0.0086006098194354,-0.0038010379392876,0.0041448632088067,7.0645401717443495,1,time_stop,1780959600000,1780992000000,12
1780959600000|SUI/USDT:USDT|sui_trend_discovery|short,2026-06-08 23:00:00+00:00,SUI/USDT:USDT,SUI,short,sui_trend_discovery,22.785411325114563,0.0129801324503311,0.0242384105960264,0.0356291390728477,-0.0030392069537702,-0.0440295097768916,0.0056953642384107,-0.0050079072219293,-0.0059249506254114,-0.0035634155998416,-0.0042205222896333,-0.0411152606090705,0.014452455438297,-1.2692464821113387,0.0088222109784953,0.012545835434505,20.23857615090712,0.0086006098194354,-0.0038010379392876,0.0041448632088067,0.0396179710842535,1,sl,1780959600000,1780977600000,7
1780963200000|LINK/USDT:USDT|link_trend|short,2026-06-09 00:00:00+00:00,LINK/USDT:USDT,LINK,short,link_trend,30.124932116625036,0.0261913887824197,0.0378178101443719,0.0141816788041394,-0.0156547146004134,-0.0328851809755245,-0.0118180656701161,-0.0210131332082551,-0.026613605272976,-0.0234560199625702,-0.0184349134687735,-0.0175044942366097,0.0131177372108423,-0.7325518351837976,0.0077856688464536,0.0093049925725651,20.002544559292257,0.0089413075330574,-0.0169278858853569,0.0043406413717144,1.4846002953779325,1,tp,1780963200000,1780970400000,2
1780963200000|XRP/USDT:USDT|xrp_trend|short,2026-06-09 00:00:00+00:00,XRP/USDT:USDT,XRP,short,xrp_trend,24.618766050708537,0.0170109356014581,0.0294219753515015,0.0183127929178961,-0.0090993005861625,-0.0261086982043738,-0.0055545912168026,-0.0132739573520597,-0.0208209399167164,-0.0146241340973233,-0.0088602150537636,-0.017165592504146,0.0123587662398359,-0.8641782423239367,0.0068250704321275,0.0090277843979553,20.002544559292257,0.0089413075330574,-0.0169278858853569,0.0043406413717144,0.234890848980406,1,sl,1780963200000,1780977600000,7
1780963200000|BCH/USDT:USDT|bch_trend|short,2026-06-09 00:00:00+00:00,BCH/USDT:USDT,BCH,short,bch_trend,25.525196702529563,0.0272878698804624,0.1284538506760729,0.0250342935528121,-0.0332652503984998,-0.1638988907636249,-0.0517097785616304,-0.0243762546601663,-0.0378959276018099,-0.017520215633423,-0.1125217391304347,-0.1351287314529387,0.0201843018000488,-0.2105287549071655,0.0190168003515234,0.0157649371909846,20.002544559292257,0.0089413075330574,-0.0169278858853569,0.0043406413717144,0.1218101532914429,1,tp,1780963200000,1780981200000,9
1780963200000|DOGE/USDT:USDT|doge_trend_loose|short,2026-06-09 00:00:00+00:00,DOGE/USDT:USDT,DOGE,short,doge_trend_loose,23.85837284466941,0.0222903644297676,0.0318433777568108,0.0056610449345442,-0.0153676163695654,-0.0464228547135997,-0.0130911664111333,-0.0173832425541777,-0.0220299884659745,-0.023381709283575,-0.0179522816770905,-0.0315399319180734,0.0111447362126446,-0.901712315409382,0.0064473236364803,0.0084770369035019,20.002544559292257,0.0089413075330574,-0.0169278858853569,0.0043406413717144,0.0100465718235212,1,sl,1780963200000,1780977600000,4
1780963200000|SOL/USDT:USDT|sol_trend_discovery|short,2026-06-09 00:00:00+00:00,SOL/USDT:USDT,SOL,short,sol_trend_discovery,24.692798994868948,0.0247782196390332,0.0425206485163658,0.0070357907617007,-0.0183153827069821,-0.0641272495659466,-0.0177424288773324,-0.0211109447522085,-0.0306893995552262,-0.0275174773166742,-0.0192019201920192,-0.0466665831897112,0.0134942206410994,-0.8881250709898427,0.007586060452683,0.0097245424857048,20.002544559292257,0.0089413075330574,-0.0169278858853569,0.0043406413717144,0.0094288732367704,1,sl,1780963200000,1780977600000,5
1780963200000|ADA/USDT:USDT|ada_trend_discovery|short,2026-06-09 00:00:00+00:00,ADA/USDT:USDT,ADA,short,ada_trend_discovery,31.11205530937191,0.0299760191846523,0.0455635491606714,0.0419664268585132,-0.0066227464957186,-0.0967640201082699,-0.0017985611510791,-0.0199764982373676,-0.0228471001757468,-0.0047732696897374,0.0102967898243488,-0.0907422364409542,0.0182516524362587,-0.4488371790415373,0.0099055119729226,0.0115521700897376,20.002544559292257,0.0089413075330574,-0.0169278858853569,0.0043406413717144,0.056581564803232,1,tp,1780963200000,1780981200000,7
1780963200000|INJ/USDT:USDT|inj_trend_discovery|short,2026-06-09 00:00:00+00:00,INJ/USDT:USDT,INJ,short,inj_trend_discovery,37.38881009823958,0.0436609426379248,0.082206795761783,0.0221044939715017,-0.0255892946872005,-0.0373768737838975,-0.0300511508951407,-0.0318358684117437,-0.0491575473336806,-0.0355884425651867,-0.0095892889451781,-0.0120971362818853,0.0262426047202903,0.1404596585455296,0.0174686343011002,0.0158127621521608,20.002544559292257,0.0089413075330574,-0.0169278858853569,0.0043406413717144,0.0842393511569565,1,tp,1780963200000,1780981200000,6
1780966800000|BNB/USDT:USDT|bnb_trend|short,2026-06-09 01:00:00+00:00,BNB/USDT:USDT,BNB,short,bnb_trend,20.96336013335777,0.0071924395751441,0.0216442251400852,0.0101195952161914,-0.0068742947586971,-0.0270164246055588,-0.0057623149619468,0.0033397106702917,-0.0164676076728194,-0.0045124550419607,-0.0106571348193746,-0.0202815512080292,0.0083590388359774,-0.8130346555165651,0.0049043134149977,0.0057083510734006,19.78337236707846,0.0086546513947709,-0.007202316895613,0.0042356361360558,-0.5889321719686612,0,sl,1780966800000,1780977600000,3
1780966800000|ETH/USDT:USDT|eth_trend|short,2026-06-09 01:00:00+00:00,ETH/USDT:USDT,ETH,short,eth_trend,29.331351434942924,0.0096412125863393,0.0278084228702993,0.0145037893323099,-0.0060912641793888,-0.0461436945888881,-0.0066523167689946,0.0035138387484956,-0.0204388479067801,-0.0075925264786386,-0.0110056925996205,-0.0402978955370891,0.0123333792776234,-0.5612089154823655,0.0066147922556342,0.008354156028173,19.78337236707846,0.0086546513947709,-0.007202316895613,0.0042356361360558,-0.1426476275960883,0,sl,1780966800000,1780974000000,3
1780966800000|TON/USDT:USDT|ton_trend_discovery|short,2026-06-09 01:00:00+00:00,TON/USDT:USDT,TON,short,ton_trend_discovery,24.537359805716648,0.0101866572454807,0.065359477124183,0.0177824883707236,-0.0173989663336,-0.0273841722823538,-0.0237884943767296,0.0072953736654803,-0.0178127349488174,-0.0136485073760018,-0.0018220289173622,-0.0101620144968663,0.020478667423513,-1.076343896975922,0.0133195238277087,0.0160246794183982,19.78337236707846,0.0086546513947709,-0.007202316895613,0.0042356361360558,-0.4626476387460869,0,sl,1780966800000,1780977600000,3
1780974000000|LINK/USDT:USDT|link_trend|short,2026-06-09 03:00:00+00:00,LINK/USDT:USDT,LINK,short,link_trend,25.416569751664568,0.0060936904913038,0.0312301637679318,0.0204392535229147,-0.0063933314847721,-0.0258733759906055,-0.0053954551225085,0.0029284441049146,-0.014759224515322,-0.0180752929444029,0.0031839021905246,-0.0196053882518149,0.0119545994585173,-0.994982426859814,0.0074460185335305,0.0091543468090235,19.13397418840404,0.0081312687204434,-0.0041298477376168,0.0042471954954549,-1.894465675228845,0,sl,1780974000000,1780977600000,1
1780977600000|ENA/USDT:USDT|ena_trend_discovery|short,2026-06-09 04:00:00+00:00,ENA/USDT:USDT,ENA,short,ena_trend_discovery,22.24995935206037,0.0191767436179308,0.1072431904238426,0.0295590570416512,-0.0417325886168788,-0.1046232808940322,-0.0388420666910956,0.0112401185770749,0.0080029549372075,-0.0739735324058364,-0.0546189376443417,-0.0656295847381261,0.0252661792052371,-0.7172903128122106,0.0143207426911029,0.0158706076308806,18.0075274619428,0.0082817736272788,0.0089219164723477,0.0041552099757942,-1.2216685966741314,0,sl,1780977600000,1781010000000,9
1780977600000|ONDO/USDT:USDT|ondo_trend_discovery|long,2026-06-09 04:00:00+00:00,ONDO/USDT:USDT,ONDO,long,ondo_trend_discovery,31.256034046923112,0.0351744984885958,0.0428689200329761,0.0621049738939269,0.0060204239933187,0.0107754313446101,0.0096180269304754,0.0236286919831223,0.0256482525366403,-0.0114099429502851,0.0523423944476575,0.0047265515071918,0.0217608241888996,-1.1264289967118062,0.0134195381889229,0.0138875688431907,18.0075274619428,0.0082817736272788,0.0089219164723477,0.0041552099757942,1.7234166749495097,1,tp,1780977600000,1780984800000,2
1780984800000|BCH/USDT:USDT|bch_trend|short,2026-06-09 06:00:00+00:00,BCH/USDT:USDT,BCH,short,bch_trend,24.73663475914595,0.0099104706276631,0.0661176808541198,0.0472063963230718,-0.0030139043696184,-0.1368737115610502,-0.0094556422655239,0.0057783984205712,0.0133417426741704,-0.0033877278366256,-0.0600333018316007,-0.1342644674565836,0.0172945685940193,-0.7653205121962485,0.0182268617524757,0.0133943487324756,16.425218121116718,0.0078863755826459,0.0050922190384823,0.0041102175313181,-1.4532813601959584,0,sl,1780984800000,1780988400000,2
1780988400000|ONDO/USDT:USDT|ondo_trend_discovery|long,2026-06-09 07:00:00+00:00,ONDO/USDT:USDT,ONDO,long,ondo_trend_discovery,30.570626637592667,0.0155830198817839,0.0196131112305213,0.0540032240730788,0.0229483925816,0.0329967776488143,0.0171950564212787,0.0119630233822729,0.0469760900140647,-0.0064068339562199,0.0276090557702926,0.0098229638367731,0.0204017248491185,-1.5681799528309164,0.0125732250664111,0.0132187789536151,15.413135535917272,0.0078483215296333,-0.0014084751951868,0.0040093862747088,-0.8882795455398652,0,sl,1780988400000,1780995600000,3
1780995600000|ETH/USDT:USDT|eth_trend|short,2026-06-09 09:00:00+00:00,ETH/USDT:USDT,ETH,short,eth_trend,23.686571277468747,0.0093563188096749,0.0268110646556371,0.0098055658715992,-0.0048196599795066,-0.0422118182177374,-0.0085027493920189,-0.0027716384923242,-0.0107548544983733,-0.0194873842973265,-0.0004610143513168,-0.0375732485204247,0.0110944524031512,-0.8654010272978105,0.0058271849055047,0.0067847795789649,15.28710724402374,0.0078076850451069,-0.0124058805827644,0.0039502878064462,1.0343577216104447,1,tp,1780995600000,1780999200000,2
1780995600000|ADA/USDT:USDT|ada_trend_discovery|short,2026-06-09 09:00:00+00:00,ADA/USDT:USDT,ADA,short,ada_trend_discovery,24.62450110115648,0.0155131264916467,0.0405727923627685,0.0244630071599044,-0.003567183619419,-0.0854339321580372,-0.0080548926014319,-0.0071090047393365,-0.0129564193168434,-0.0227405247813411,0.0151423379769837,-0.0821598277302718,0.0159614810141899,-0.822983242034942,0.0091707569786715,0.0094712687285941,15.28710724402374,0.0078076850451069,-0.0124058805827644,0.0039502878064462,0.4425175561649177,1,tp,1780995600000,1781006400000,4
1780999200000|ONDO/USDT:USDT|ondo_trend_discovery|long,2026-06-09 10:00:00+00:00,ONDO/USDT:USDT,ONDO,long,ondo_trend_discovery,28.787653879266884,0.0117905127502055,0.0405812996983821,0.0345489443378119,0.0009627137336801,0.0117161863036216,-0.0030161776802851,0.0033012379642367,-0.0084284937466013,-0.0059961842463885,0.0192845164896591,0.010743130011137,0.0204149260919411,-1.651629424075432,0.0118898201843666,0.0129002088962656,15.326739075910982,0.0075174363482286,-0.0060429421128913,0.0038249789914989,-0.4671162112284293,0,sl,1780999200000,1781002800000,2
1781006400000|ONDO/USDT:USDT|ondo_trend_discovery|long,2026-06-09 12:00:00+00:00,ONDO/USDT:USDT,ONDO,long,ondo_trend_discovery,26.209599357024757,0.0159122085048011,0.0411522633744856,0.0340192043895746,0.0012858370816755,0.0110484330212345,-0.0035665294924554,0.0110957004160887,-0.0137987012987013,0.0273393461104847,-0.0103176758077654,0.0097500589522097,0.0197861157194441,-1.9525760858724963,0.0115946210869934,0.0130045039399666,15.586188602557158,0.0073747119685031,-0.0193109821519473,0.003366445328114,-0.9255435644301327,0,sl,1781006400000,1781013600000,3
1781010000000|BCH/USDT:USDT|bch_trend|short,2026-06-09 13:00:00+00:00,BCH/USDT:USDT,BCH,short,bch_trend,22.49917433248364,0.0120967741935482,0.040079673532841,0.0100563544500582,-0.0115805281961507,-0.1410516510058928,-0.0150116595413913,-0.001164596273292,-0.0034856700232377,-0.0021330230754313,-0.0062759486337742,-0.130988033424169,0.0155971434281029,-1.1414911446032965,0.0075170417505932,0.0131791313703066,16.229836563083886,0.0075684980800713,-0.0231667623970897,0.003515888950482,0.4541467549800221,1,sl,1781010000000,1781024400000,4
1781013600000|ETH/USDT:USDT|eth_trend|short,2026-06-09 14:00:00+00:00,ETH/USDT:USDT,ETH,short,eth_trend,19.819579948853825,0.0227491032889537,0.0421423794759559,0.0073317526901332,-0.0165476791993627,-0.0542662261723801,-0.0174053133929113,-0.0125820897314299,-0.0172015128249556,-0.0133816375861468,-0.026980023779806,-0.0383532034804802,0.011285684315972,-0.7602130718982909,0.0057818261834882,0.0065959094265439,18.48566015049592,0.0086162100024775,-0.0378845585348571,0.0040264096335319,5.392346398312551,1,tp,1781013600000,1781017200000,1
1781017200000|BNB/USDT:USDT|bnb_trend|short,2026-06-09 15:00:00+00:00,BNB/USDT:USDT,BNB,short,bnb_trend,19.925706439549334,0.0095873848406927,0.0401205660473748,0.0055174292866509,-0.0183941181368908,-0.0410532224654892,-0.0173015683803619,-0.0033773463222565,-0.0165793043390886,-0.0200584063412598,-0.0286494086510626,-0.0230837087952151,0.0086810301293326,-0.3347033702415163,0.0041927237281254,0.0050793130560234,20.666552436586805,0.0088493950168084,-0.0414884838749149,0.0041509061420509,-1.6468555132713465,0,sl,1781017200000,1781031600000,4
1781017200000|ENA/USDT:USDT|ena_trend_discovery|short,2026-06-09 15:00:00+00:00,ENA/USDT:USDT,ENA,short,ena_trend_discovery,24.516686614067588,0.0435542243853736,0.1312866591788342,0.008486209908898,-0.032118568167202,-0.1135644198784132,-0.061400224634968,-0.0373618452666986,-0.0034821539609499,-0.0102519762845849,-0.0997640714526457,-0.0841485837340466,0.0253188288018805,-0.4309586827834873,0.0157099725885154,0.0148467733848792,20.666552436586805,0.0088493950168084,-0.0414884838749149,0.0041509061420509,0.9406644762032672,1,sl,1781017200000,1781024400000,2
1781017200000|INJ/USDT:USDT|inj_trend_discovery|short,2026-06-09 15:00:00+00:00,INJ/USDT:USDT,INJ,short,inj_trend_discovery,25.905909992204087,0.0368487928843709,0.0753312760936649,0.0148847340715194,-0.0252444159884702,-0.0302033973647244,-0.0302232710110726,-0.0261622768251722,-0.0453994108473401,0.006577745295085,-0.0239192062367115,-0.0050874100724265,0.0259894470079851,1.2844047330595116,0.0161883612882068,0.0148087360144167,20.666552436586805,0.0088493950168084,-0.0414884838749149,0.0041509061420509,0.2066877768194283,1,tp,1781017200000,1781031600000,5
1781020800000|ETH/USDT:USDT|eth_trend|short,2026-06-09 16:00:00+00:00,ETH/USDT:USDT,ETH,short,eth_trend,20.79807951610854,0.0156496153492507,0.0507984184877556,0.0111870536672081,-0.0204744202361038,-0.0609244825362135,-0.0198056824102736,-0.0024886573479596,-0.0266001563311117,-0.0322188341658461,-0.029807251987844,-0.0412955650528899,0.0117257521790731,-0.4637141245242501,0.0057939854082506,0.0066482087295949,22.96698639369661,0.0090370717298542,-0.0335339733655869,0.0043053471415054,-6.160163352346246,0,time_stop,1781020800000,1781035200000,6
1781028000000|ONDO/USDT:USDT|ondo_trend_discovery|long,2026-06-09 18:00:00+00:00,ONDO/USDT:USDT,ONDO,long,ondo_trend_discovery,19.969715676595268,0.0229155162893428,0.0477636664826062,0.0427940364439536,0.001787098908317,0.0049547806255449,-0.0024848150193262,0.0159887798036466,0.003602105846495,-0.0152256661228928,-0.0302543507362783,0.0031620308553383,0.0227754361457641,-0.5365269087054414,0.0124341602185982,0.0131843474707364,24.551008749716104,0.0087071661660465,-0.0265125003940855,0.0045145310757519,0.7074732712772687,1,tp,1781028000000,1781031600000,2
1781038800000|BNB/USDT:USDT|bnb_trend|short,2026-06-09 21:00:00+00:00,BNB/USDT:USDT,BNB,short,bnb_trend,21.748946673933037,0.0055797381556613,0.0215794692526176,0.0185206971311406,-0.0026330735213357,-0.0266694333870395,-0.0015293860607386,-0.0039839970538508,0.0050674819682099,-0.0089113198747418,-0.0211397361234495,-0.0240998164542785,0.0078951079691064,-1.1565281330844015,0.0044606564911179,0.0051635211515126,24.516176754060076,0.0082914926345712,-0.0307516941222281,0.0047001621775797,6.534130857679508,1,tp,1781038800000,1781056800000,5
1781046000000|ETH/USDT:USDT|eth_trend|short,2026-06-09 23:00:00+00:00,ETH/USDT:USDT,ETH,short,eth_trend,19.620732613707386,0.0079028950837278,0.0350046379924815,0.0155860957867501,-0.0107036131364879,-0.0534449931189977,-0.0097092711028657,-0.0002135461473223,-0.0108175979137489,-0.0192130433221207,-0.0299370711752831,-0.0432038169248935,0.0103473087775147,-1.6427184993717756,0.0058751638982083,0.0067136950401293,25.091289405282104,0.0078756921221317,-0.0216134695256264,0.0045632872251027,-0.9761334311187604,0,sl,1781046000000,1781049600000,2
1781049600000|BCH/USDT:USDT|bch_trend|short,2026-06-10 00:00:00+00:00,BCH/USDT:USDT,BCH,short,bch_trend,26.62874920284605,0.0205607476635514,0.0371372356123953,0.0153467781603541,-0.0086970996388623,-0.1380959022297506,-0.0108952287260205,-9.836710603960964e-05,-0.0122916970315308,-0.0134899068322981,-0.0040172447579854,-0.1305340704074884,0.0146510534081564,-1.1819472903490769,0.0060951118794773,0.0132692824332167,25.654550277753657,0.0078725694054829,-0.0101739211101266,0.0043327951630415,0.9153089093551432,1,tp,1781049600000,1781053200000,2
1781053200000|BTC/USDT:USDT|btc_trend_loose|short,2026-06-10 01:00:00+00:00,BTC/USDT:USDT,BTC,short,btc_trend_loose,26.036385927129544,0.0065368907940409,0.0294938287016847,0.0150079360318543,-0.006491735677102,-0.0435394894728971,-0.0072429463349151,-0.003325442544012,-0.0008342485769177,-0.0090562363843174,-0.0167726982173629,-0.0372898295124339,0.0078015546940725,-1.2410893606790383,0.0042939993096522,0.0050861541569494,26.036385927129544,0.0078015546940725,-0.0167726982173629,0.0042939993096522,2.0399162465443275,1,sl,1781053200000,1781092800000,11
1781056800000|BCH/USDT:USDT|bch_trend|short,2026-06-10 02:00:00+00:00,BCH/USDT:USDT,BCH,short,bch_trend,28.30248969771745,0.0106494152774322,0.0492659865638218,0.0057725802438417,-0.0167507343960739,-0.1455702958381103,-0.02174670315999,-0.0022838985154659,-0.0094641888894366,-0.0118509047993706,-0.0250824762274404,-0.1310141445800252,0.0144719850526686,-1.182496331781683,0.0059272885420966,0.0130351074263043,27.00643613210677,0.0080002145143727,-0.0249633991088478,0.0044267593776648,-0.3114847324176628,0,sl,1781056800000,1781060400000,2
1781056800000|SOL/USDT:USDT|sol_trend_discovery|short,2026-06-10 02:00:00+00:00,SOL/USDT:USDT,SOL,short,sol_trend_discovery,22.57265238180056,0.015714952543955,0.0494787614750273,0.0119807063948964,-0.0159442456661677,-0.0669508250806794,-0.0187490275400653,-0.0121426375653244,-0.0089437162683114,-0.0116869137321237,-0.0244383727990284,-0.0518330177836733,0.0120603998753267,-1.2580260868156743,0.0067598103311042,0.0077404879200094,27.00643613210677,0.0080002145143727,-0.0249633991088478,0.0044267593776648,1.5993486917167472,1,tp,1781056800000,1781089200000,10
1781060400000|BNB/USDT:USDT|bnb_trend|short,2026-06-10 03:00:00+00:00,BNB/USDT:USDT,BNB,short,bnb_trend,25.246299573747827,0.0047261228791948,0.0299037774982148,0.0071911869708612,-0.009856714615169,-0.0359467179361436,-0.0113562952636767,0.001685881170921,-0.0094471481737197,0.001685881170921,-0.0184063412599081,-0.0263497250408908,0.0076325411719168,-1.2928847930997296,0.0040315423881572,0.0051078141735777,27.90719703672848,0.0077717837583817,-0.021049951464808,0.0045428133484972,0.0220910346082451,1,sl,1781060400000,1781092800000,9
1781060400000|DOGE/USDT:USDT|doge_trend_loose|short,2026-06-10 03:00:00+00:00,DOGE/USDT:USDT,DOGE,short,doge_trend_loose,20.77799518451497,0.0058409822386457,0.0337346525211586,0.0090594826558589,-0.0116304166918815,-0.0469215737115788,-0.0123375849326498,0.001552053486151,-0.0102642756016988,-0.0022597526165556,-0.0161838864782455,-0.0357064377695396,0.0099238246069696,-1.128924651669683,0.0053697403368485,0.0062281169325891,27.90719703672848,0.0077717837583817,-0.021049951464808,0.0045428133484972,-1.727901348070961,0,sl,1781060400000,1781096400000,10
1781064000000|BCH/USDT:USDT|bch_trend|short,2026-06-10 04:00:00+00:00,BCH/USDT:USDT,BCH,short,bch_trend,28.9680490082278,0.0140542162648794,0.0545663699109732,0.003150945283585,-0.0186418188112363,-0.1474046482597566,-0.025707712313694,-0.0097077761267955,-0.0165272995573045,-0.0125932144797275,-0.037222516492512,-0.1312088001269261,0.0143049693474472,-1.1763382339375332,0.0060586581245038,0.0129205285824127,28.912389855881067,0.0076906934024417,-0.0307544092498935,0.004344877436947,3.2162094700473456,1,tp,1781064000000,1781085600000,7
1781067600000|XRP/USDT:USDT|xrp_trend|short,2026-06-10 05:00:00+00:00,XRP/USDT:USDT,XRP,short,xrp_trend,25.04411717648349,0.0073767542281396,0.0582043900683699,0.0025188916876573,-0.0197921152146008,-0.0523315517246129,-0.0278427491903562,-0.0034068495606957,-0.015150172765128,-0.0228551336146273,-0.0520211495821253,-0.0331964647653656,0.0101656805052935,-1.6487929912711292,0.00557409840961,0.0072196228130555,30.032104755477263,0.0075107235697572,-0.0315373863878645,0.004324084687274,0.1563718158777631,1,sl,1781067600000,1781092800000,7
1781067600000|XLM/USDT:USDT|xlm_trend_discovery|short,2026-06-10 05:00:00+00:00,XLM/USDT:USDT,XLM,short,xlm_trend_discovery,23.552608648482504,0.0140305434137392,0.1041498030327558,0.003669526738978,-0.0374132716224389,-0.0912644852025678,-0.0502401381468889,-0.0095141375808435,-0.0254535892716276,-0.0476900149031297,-0.0838030258083654,-0.055944271817351,0.0166919247032679,-1.2740025379841575,0.0090586302178278,0.0097602747207033,30.032104755477263,0.0075107235697572,-0.0315373863878645,0.004324084687274,-0.0648065753387213,0,sl,1781067600000,1781092800000,8
1781071200000|RENDER/USDT:USDT|render_trend_discovery|short,2026-06-10 06:00:00+00:00,RENDER/USDT:USDT,RENDER,short,render_trend_discovery,22.51206946119121,0.0145661811272958,0.0506649778340722,0.0113996200126662,-0.0171444602002202,-0.1031451671702354,-0.0196326789107029,0.0050922978994272,-0.0087884494664155,-0.0271102895871842,-0.0401215805471124,-0.0875008620163392,0.0156809424981051,-1.6882518525461263,0.0083363875399795,0.010882798863011,30.52284088358909,0.0074078864517695,-0.0291232217751749,0.004371457683691,0.1044626097144304,1,sl,1781071200000,1781092800000,6
1781074800000|INJ/USDT:USDT|inj_trend_discovery|short,2026-06-10 07:00:00+00:00,INJ/USDT:USDT,INJ,short,inj_trend_discovery,23.018026146788216,0.0102700646633701,0.1108786610878661,0.00266260935717,-0.0355846042697843,-0.068811108609516,-0.0541080258653481,-0.002844680447563,-0.0153558052434457,-0.0632460359878853,-0.0708605760735111,-0.0344524822880642,0.0213158868655489,-1.9135136885185275,0.0112646617635377,0.0142049816024713,29.830655403997174,0.0072978225918245,-0.0240063447035655,0.0044762410320458,0.2710693243101709,1,sl,1781074800000,1781092800000,5
1781078400000|AVAX/USDT:USDT|avax_trend|short,2026-06-10 08:00:00+00:00,AVAX/USDT:USDT,AVAX,short,avax_trend,21.08518771629833,0.0202629543696828,0.0431554524361948,0.0055684454756379,-0.0189924187006609,-0.1052521549377359,-0.0187935034802784,-0.014331452965391,-0.0120721271393642,-0.031750786281264,-0.0367997616209773,-0.0879297345723103,0.0121021372494385,-1.196536971867968,0.006969213980143,0.008189744770315,29.78658223687702,0.0074989901613607,-0.0252830050511885,0.0045417526618709,0.0419602274002248,1,sl,1781078400000,1781092800000,4
1781089200000|BCH/USDT:USDT|bch_trend|short,2026-06-10 11:00:00+00:00,BCH/USDT:USDT,BCH,short,bch_trend,37.11689569436117,0.0126366824840106,0.0709717350938724,0.0063441303899318,-0.0326183995517971,-0.1643348497013592,-0.0323138023519702,-0.0096541860346325,-0.0270487278566768,-0.0464292740507573,-0.0627024413826444,-0.1361576962891746,0.0159651263984378,-0.5332870867423755,0.006403604476195,0.0129116275512356,32.09601473132656,0.0077593172432939,-0.0267440339250216,0.0046543400396313,-0.942089419769873,0,sl,1781089200000,1781096400000,2
1781089200000|TON/USDT:USDT|ton_trend_discovery|short,2026-06-10 11:00:00+00:00,TON/USDT:USDT,TON,short,ton_trend_discovery,22.70637212265091,0.0249999999999999,0.0745731707317073,0.0056097560975609,-0.0232790713848383,-0.0538553582261894,-0.0344817073170732,-0.0153107175022516,-0.014126840997896,-0.0350670746057896,-0.0533910533910534,-0.0313050390808186,0.016988247078731,-1.6816081670989282,0.0080466201263062,0.0115285941061517,32.09601473132656,0.0077593172432939,-0.0267440339250216,0.0046543400396313,0.0163434805796139,1,sl,1781089200000,1781092800000,1
1781092800000|SOL/USDT:USDT|sol_trend_discovery|short,2026-06-10 12:00:00+00:00,SOL/USDT:USDT,SOL,short,sol_trend_discovery,30.548212770611592,0.0216882508971759,0.0351068809486659,0.0184116086753004,-0.005264189632994,-0.0632113096005714,-0.0083476361366827,0.0097683945170947,0.0080213903743315,-0.0162701458173446,-0.0314341846758349,-0.0582537789065801,0.0121076007621633,-0.8176493163077014,0.0066774796810008,0.0073147482477023,31.28905539356122,0.0082900953891792,-0.0172476026806533,0.0050648202108974,-0.3175183692092853,0,sl,1781092800000,1781096400000,1
1781096400000|XLM/USDT:USDT|xlm_trend_discovery|short,2026-06-10 13:00:00+00:00,XLM/USDT:USDT,XLM,short,xlm_trend_discovery,28.010992962313757,0.0173471546435371,0.075206261899725,0.0410937169452083,-6.768004767662361e-05,-0.0664607418939924,-0.0170562724772583,-0.0042656274685344,0.0267158992180713,-0.005627136471207,-0.0641920316753279,-0.0663975556360469,0.0178633497694711,-0.6187001544484582,0.0110589252515489,0.0103750613239033,29.192039193537397,0.0088182620444888,-0.0019359171266812,0.0053580833847625,0.3437441344772638,1,tp,1781096400000,1781100000000,2
1781096400000|RENDER/USDT:USDT|render_trend_discovery|short,2026-06-10 13:00:00+00:00,RENDER/USDT:USDT,RENDER,short,render_trend_discovery,29.041539797351746,0.0271293375394322,0.0410094637223974,0.0378548895899054,-0.0009642757218374,-0.0929796377610574,-0.001577287066246,0.0069885641677254,0.01213282247765,-0.0185758513931888,-0.0364741641337386,-0.0921041758598815,0.017581657890037,-0.2128390995887375,0.0108169401631051,0.0108959257369902,29.192039193537397,0.0088182620444888,-0.0019359171266812,0.0053580833847625,4.168358958247459,1,tp,1781096400000,1781125200000,8
1781096400000|INJ/USDT:USDT|inj_trend_discovery|short,2026-06-10 13:00:00+00:00,INJ/USDT:USDT,INJ,short,inj_trend_discovery,30.98277404951145,0.0392045454545454,0.1062499999999999,0.0479166666666666,-0.0068900267346085,-0.0600578642285684,-0.0291666666666666,0.0232558139534884,0.030847325263569,-0.027803351132388,-0.0858725761772852,-0.0535367068353383,0.0227217909864624,-0.5953144719154742,0.0127248052062127,0.0145347072513436,29.192039193537397,0.0088182620444888,-0.0019359171266812,0.0053580833847625,-3.2513773923932097,0,sl,1781096400000,1781103600000,2
1781103600000|XLM/USDT:USDT|xlm_trend_discovery|short,2026-06-10 15:00:00+00:00,XLM/USDT:USDT,XLM,short,xlm_trend_discovery,25.243915508797887,0.0139206205833909,0.0505286647893311,0.0366611763455713,-0.0042563530283072,-0.0694954541011295,-0.0069337442218798,-0.0050222034256713,0.019500568766589,0.0019164226776684,-0.0347215098984511,-0.06551796867721,0.0174654225652077,-0.7810429104121979,0.0100814924599422,0.0103379312926737,26.423167205673536,0.0091905644593048,0.02461673925176,0.0046686500944747,1.5586759672436297,1,tp,1781103600000,1781143200000,12
1781107200000|XRP/USDT:USDT|xrp_trend|short,2026-06-10 16:00:00+00:00,XRP/USDT:USDT,XRP,short,xrp_trend,24.71438270957702,0.0199389258128255,0.0297287587569607,0.0118555775103286,-0.0081797134875346,-0.0459341657319944,-0.008936590623316,-0.0130307596844252,-0.0034905575942003,-0.0017930787161556,-0.0123303468464472,-0.0380658197436308,0.0117447323366654,0.06255067286444,0.0062799135869903,0.006925528455279,25.66021330777968,0.0094240703969052,0.0134761885362773,0.0048570938656411,10.388181377606696,1,tp,1781107200000,1781114400000,2
1781107200000|BCH/USDT:USDT|bch_trend|short,2026-06-10 16:00:00+00:00,BCH/USDT:USDT,BCH,short,bch_trend,30.92022323848811,0.0187762868015221,0.0312938113358702,0.0353995593831363,-0.0026619272144724,-0.1333107057378294,0.002052874023633,-0.0107974244675582,0.0126761991684414,-0.0011003300990296,-0.0136796878858215,-0.1309974842918207,0.0161945508887034,-0.4736244966332786,0.008204758789947,0.0132000246157836,25.66021330777968,0.0094240703969052,0.0134761885362773,0.0048570938656411,2.1561933038011487,1,tp,1781107200000,1781118000000,4
1781107200000|DOGE/USDT:USDT|doge_trend_loose|short,2026-06-10 16:00:00+00:00,DOGE/USDT:USDT,DOGE,short,doge_trend_loose,20.851762200301614,0.017833789085721,0.018666032576388,0.0159315182499109,-0.0018518293529767,-0.0389633978977228,-0.0013672571632384,-0.0114010343206394,0.0029811590746482,0.0064616489170754,-0.0023721978412998,-0.0371804203384848,0.0116444862186341,0.6115555300246849,0.0058573009134365,0.0063028186435967,25.66021330777968,0.0094240703969052,0.0134761885362773,0.0048570938656411,1.2428055376582767,1,tp,1781107200000,1781118000000,5
1781107200000|SOL/USDT:USDT|sol_trend_discovery|short,2026-06-10 16:00:00+00:00,SOL/USDT:USDT,SOL,short,sol_trend_discovery,23.707014555797457,0.0195106844224216,0.0179622174047692,0.0258593991947971,-0.0005393493825644,-0.0542002011815584,0.003948590895014,-0.0125382262996942,0.0076454985177094,0.005136186770428,0.0071740486587648,-0.0536898093645247,0.0136501883418316,0.3563509301741336,0.007125761522991,0.0076132124096778,25.66021330777968,0.0094240703969052,0.0134761885362773,0.0048570938656411,0.8566353727515433,1,tp,1781107200000,1781110800000,1
1781107200000|TON/USDT:USDT|ton_trend_discovery|short,2026-06-10 16:00:00+00:00,TON/USDT:USDT,TON,short,ton_trend_discovery,22.31306315822956,0.0258289283998077,0.0407856799615568,0.0204228736184526,-0.0085115250528728,-0.0380811512629379,-0.0101814031715521,-0.0163082013708342,-0.003591094086665,0.0013834586466165,-0.0197833254828072,-0.0298234694171729,0.0179169670429554,-0.9930990692901792,0.0089072215966475,0.0116305069047889,25.66021330777968,0.0094240703969052,0.0134761885362773,0.0048570938656411,0.965227650240984,1,tp,1781107200000,1781110800000,1
1781107200000|INJ/USDT:USDT|inj_trend_discovery|short,2026-06-10 16:00:00+00:00,INJ/USDT:USDT,INJ,short,inj_trend_discovery,27.62838387393613,0.0397440868553703,0.1033346258239626,0.0253974408685537,-0.0267480976743756,-0.0800264615619803,-0.0389685924777044,-0.0291737248258986,-0.0003875968992247,-0.0329958755155603,-0.0618406693343033,-0.0547426249671784,0.0241389165722867,0.6429065732939386,0.0125855009730567,0.0145822037619799,25.66021330777968,0.0094240703969052,0.0134761885362773,0.0048570938656411,1.7196937862073285,1,tp,1781107200000,1781125200000,5
1781110800000|BNB/USDT:USDT|bnb_trend|short,2026-06-10 17:00:00+00:00,BNB/USDT:USDT,BNB,short,bnb_trend,24.032031200814167,0.0113324524850085,0.0147880882203476,0.0159907849713725,-0.0008696001046672,-0.0280232941736165,0.0006013483755124,-0.0041161982523025,-0.0048380843208981,0.0075093012936477,-0.0028208982956368,-0.0271773274757667,0.0088507130050222,0.6999333604349484,0.0046634713738644,0.0049782186517597,24.26436502372011,0.0096099036832558,0.0044983467683741,0.004853311659977,1.0419318598861496,1,tp,1781110800000,1781125200000,4
1781110800000|ETH/USDT:USDT|eth_trend|short,2026-06-10 17:00:00+00:00,ETH/USDT:USDT,ETH,short,eth_trend,19.274973767961104,0.0156915627202794,0.0219804468417664,0.0162125716387263,-0.0048203967038419,-0.048810437282345,-0.00288393760152,-0.0060073965308198,-0.0118173668653389,0.0025748804739256,-0.0064795474060495,-0.0442031171386578,0.0125643305712987,0.872540670559158,0.0060288170260045,0.0067256100478034,24.26436502372011,0.0096099036832558,0.0044983467683741,0.004853311659977,0.2170673935172859,1,tp,1781110800000,1781114400000,2
1781114400000|TON/USDT:USDT|ton_trend_discovery|short,2026-06-10 18:00:00+00:00,TON/USDT:USDT,TON,short,ton_trend_discovery,24.83475676970538,0.0139049826187718,0.0533024333719583,0.0129901811306945,-0.0194935496489959,-0.0516185327190333,-0.0201561261206319,-0.0024942207081153,-0.0287288235990996,-0.0137142857142857,-0.0363208933294152,-0.0327636631646198,0.0189113743364452,-0.4008201084847085,0.0087615043798942,0.0111920734284134,22.81359880978873,0.009612127733534,0.0016176539645476,0.004856686248769,3.2950669712579854,1,tp,1781114400000,1781125200000,3
1781118000000|ENA/USDT:USDT|ena_trend_discovery|short,2026-06-10 19:00:00+00:00,ENA/USDT:USDT,ENA,short,ena_trend_discovery,23.63355349968373,0.0374723451327434,0.1467090707964603,0.0022123893805308,-0.0705372938043937,-0.1740588138207562,-0.0722483407079647,-0.0326377742108079,-0.0776686647111337,-0.0862918509159823,-0.1111111111111111,-0.1113778092722919,0.0269956535242495,1.491123220295849,0.012143797739668,0.0136060445300192,21.46645875399529,0.0093755355525974,-0.0025793957672777,0.0047435117735059,0.0912095864740088,1,sl,1781118000000,1781146800000,8
1781121600000|XRP/USDT:USDT|xrp_trend|short,2026-06-10 20:00:00+00:00,XRP/USDT:USDT,XRP,short,xrp_trend,24.10599773953001,0.0091926822608537,0.0413215618458176,0.0050969327386912,-0.0154808256414838,-0.0565021836220864,-0.0181123145535631,0.0011846181884453,-0.0132028022274114,-0.0074080766103532,-0.0390098836700778,-0.0416663880694156,0.0116998585820138,0.0544647025975189,0.0060516142110515,0.0067110500400495,20.215542987901397,0.0090454695628816,-0.005829496091405,0.0047567400703666,-7.590392129096557,0,sl,1781121600000,1781139600000,5
1781125200000|AVAX/USDT:USDT|avax_trend|short,2026-06-10 21:00:00+00:00,AVAX/USDT:USDT,AVAX,short,avax_trend,20.83000368593746,0.0230465666929755,0.053670086819258,0.0067876874506709,-0.0270348656197374,-0.1122904997725882,-0.0234411996842935,-0.0159987573780676,-0.0232809127351217,-0.0234314783412979,-0.0430513595166163,-0.0876245521450827,0.0148801443596051,0.4441983683805092,0.007460888796671,0.0080928056591532,19.71004640154234,0.0091856251769487,-0.0065589757047375,0.0048002283375688,0.2967799290664536,1,tp,1781125200000,1781136000000,4
1781125200000|BCH/USDT:USDT|bch_trend|short,2026-06-10 21:00:00+00:00,BCH/USDT:USDT,BCH,short,bch_trend,31.1451134100862,0.0215355805243446,0.0630461922596754,0.0030170620058261,-0.0314059535597379,-0.1596470029503802,-0.0300145651269245,-0.0170774107781982,-0.0304619729675206,-0.0259917920656634,-0.052771618625277,-0.1323991716260786,0.0167493484131384,-0.3431844321665134,0.0089485090363389,0.0131624264045071,19.71004640154234,0.0091856251769487,-0.0065589757047375,0.0048002283375688,0.048223739274127,1,sl,1781125200000,1781132400000,3
1781128800000|BNB/USDT:USDT|bnb_trend|short,2026-06-10 22:00:00+00:00,BNB/USDT:USDT,BNB,short,bnb_trend,19.15766470747012,0.0063331222292591,0.025058624171987,0.0056998100063331,-0.0082611588124547,-0.036483432063468,-0.0096794070828269,0.0011652814668838,-0.0099306885390364,-0.0009405246417455,-0.0151711814979013,-0.0284573640548543,0.008218568255857,-0.0635110572302223,0.0046017435669551,0.004380656726897,19.41665635920924,0.0090839186428344,-0.0054273116327324,0.0048011826700537,-0.8996145082195094,0,sl,1781128800000,1781139600000,4
1781128800000|SOL/USDT:USDT|sol_trend_discovery|short,2026-06-10 22:00:00+00:00,SOL/USDT:USDT,SOL,short,sol_trend_discovery,22.408960748591404,0.0116353203697799,0.0478163850812877,0.0071724577621932,-0.0195409344968433,-0.0772341236149838,-0.0203219636595473,0.0028772378516623,-0.0166144200626958,-0.0141420490257699,-0.0325366229760986,-0.0588430370507444,0.0136919140112087,0.4248460065035217,0.0069994065133793,0.007101366660653,19.41665635920924,0.0090839186428344,-0.0054273116327324,0.0048011826700537,-0.4997875627895211,0,sl,1781128800000,1781139600000,4
1781128800000|RENDER/USDT:USDT|render_trend_discovery|short,2026-06-10 22:00:00+00:00,RENDER/USDT:USDT,RENDER,short,render_trend_discovery,33.786055759173564,0.0193850267379678,0.0862299465240641,0.0113636363636363,-0.0351175223830212,-0.1347384231458634,-0.0374331550802139,0.0074074074074073,-0.0298313878080415,-0.0428662827895073,-0.0702299564947172,-0.1032466679350226,0.0189892632566176,0.8334396535801738,0.0097987112405647,0.0100186065638683,19.41665635920924,0.0090839186428344,-0.0054273116327324,0.0048011826700537,-0.6637676014692507,0,sl,1781128800000,1781136000000,2
1781128800000|TON/USDT:USDT|ton_trend_discovery|short,2026-06-10 22:00:00+00:00,TON/USDT:USDT,TON,short,ton_trend_discovery,32.549116989023226,0.0166709086281496,0.0872995673199287,0.0239882921863069,-0.0446051797552852,-0.0881689841197653,-0.0316556375668108,0.0062103847877585,-0.0415319875586996,-0.0563794656259381,-0.0747674555516307,-0.0455976978746039,0.0209661230709191,0.9836826399053928,0.010424356962222,0.011109556494149,19.41665635920924,0.0090839186428344,-0.0054273116327324,0.0048011826700537,-0.7330961670547098,0,sl,1781128800000,1781136000000,2
1781128800000|INJ/USDT:USDT|inj_trend_discovery|short,2026-06-10 22:00:00+00:00,INJ/USDT:USDT,INJ,short,inj_trend_discovery,30.70123363739344,0.0176649746192892,0.1325888324873097,0.0083248730964465,-0.0477809900619339,-0.1162965848026411,-0.0621319796954314,0.0016270083384177,-0.0420151721454969,-0.0377100429855413,-0.1076281935133176,-0.0719536094381938,0.0237066444668175,0.1346662674185094,0.0120743004691088,0.0142381429781128,19.41665635920924,0.0090839186428344,-0.0054273116327324,0.0048011826700537,-0.789370191856638,0,sl,1781128800000,1781139600000,3
1781132400000|ONDO/USDT:USDT|ondo_trend_discovery|short,2026-06-10 23:00:00+00:00,ONDO/USDT:USDT,ONDO,short,ondo_trend_discovery,22.69889088382564,0.0144187443676778,0.0952237909282067,0.0189246019825772,-0.0280361178405706,-0.0676707100558334,-0.0381495944728147,0.003012955709551,-0.0047832585949179,-0.0231807511737089,-0.0682899524209348,-0.0407778446738225,0.0213967649575673,-0.552248840899162,0.0116493354857663,0.0122412619126919,19.039708943675453,0.0089356519400475,-0.0034249128778669,0.0048247199268096,-0.6007764292909787,0,sl,1781132400000,1781146800000,4
1781136000000|BCH/USDT:USDT|bch_trend|short,2026-06-11 00:00:00+00:00,BCH/USDT:USDT,BCH,short,bch_trend,31.202277643007147,0.026019476567255,0.0315479813349563,0.028403327246906,-0.0018902834312891,-0.1343321356167902,-0.0015723270440251,0.0149806949806949,0.0080785356375907,-0.0003042287800425,-0.0302016724053124,-0.1326926789579887,0.0166954550932553,-0.3557752343678356,0.0098108442912749,0.0128194455977371,17.726652474018056,0.008801462843288,-0.0014849765296147,0.0048975717190412,-1.764397383809137,0,sl,1781136000000,1781146800000,5
1781136000000|NEAR/USDT:USDT|near_trend_discovery|short,2026-06-11 00:00:00+00:00,NEAR/USDT:USDT,NEAR,short,near_trend_discovery,22.056958426884965,0.0203045685279186,0.1187817258883249,0.0218274111675126,-0.033190161717241,-0.0882102955589871,-0.0484771573604061,0.0010162601626015,-0.0035407182599899,-0.0689981096408318,-0.0794392523364486,-0.0569089511330092,0.0285409926332227,-0.2517783961419009,0.0141149700040984,0.0162590820411951,17.726652474018056,0.008801462843288,-0.0014849765296147,0.0048975717190412,-1.3993556551671265,0,sl,1781136000000,1781146800000,3
1781139600000|RENDER/USDT:USDT|render_trend_discovery|short,2026-06-11 01:00:00+00:00,RENDER/USDT:USDT,RENDER,short,render_trend_discovery,33.20563924776006,0.0123376623376624,0.0512987012987012,0.0396103896103895,-0.0028662693113656,-0.1061951115359523,-0.0058441558441557,0.0091743119266054,0.0370370370370369,-0.0283911671924289,-0.0464396284829721,-0.1036258618522777,0.0176319145944597,-0.0127138207119131,0.010615021094104,0.0101350221429498,17.41822636458921,0.0087613617009223,0.0080997783747591,0.0050075318714315,-1.1505543797727973,0,sl,1781139600000,1781146800000,2
1781139600000|TON/USDT:USDT|ton_trend_discovery|short,2026-06-11 01:00:00+00:00,TON/USDT:USDT,TON,short,ton_trend_discovery,33.673486527999245,0.0126808248691904,0.0454293628808863,0.0557710064635272,-0.0070747989074915,-0.0556330233696678,0.0051708217913205,0.0078793895024198,0.0400793904859466,-0.0328054298642533,-0.0355616243172641,-0.0489042119272912,0.0196150820039513,0.1846757763853511,0.0113060154006608,0.0113673313718277,17.41822636458921,0.0087613617009223,0.0080997783747591,0.0050075318714315,-1.2682386614719363,0,sl,1781139600000,1781146800000,2
1781143200000|INJ/USDT:USDT|inj_trend_discovery|short,2026-06-11 02:00:00+00:00,INJ/USDT:USDT,INJ,short,inj_trend_discovery,30.180013024583594,0.0247285886610374,0.0908725371934057,0.0182951347004423,-0.0270589672166346,-0.1038225743981502,-0.0362887012464817,-0.0150495049504949,0.0099492385786803,-0.0611551528878822,-0.0711484593837535,-0.0788985196378367,0.0227564371415953,-0.7943938471779721,0.0127174167863299,0.0141815934868064,17.131830691548135,0.0085661079965756,0.0137454240402927,0.0047943305781665,-1.747811792840297,0,sl,1781143200000,1781146800000,1
1781157600000|ENA/USDT:USDT|ena_trend_discovery|short,2026-06-11 06:00:00+00:00,ENA/USDT:USDT,ENA,short,ena_trend_discovery,27.51144975267495,0.0216519647153167,0.0751136059877038,0.0676289762095695,-0.0058863321809909,-0.1309801146565967,-0.0037423148890671,-0.0099245732433504,0.0257746092678912,0.0008025682182986,-0.0564943253467843,-0.1258344860603815,0.0261895558054974,1.1786180458999267,0.0164589372488092,0.0146956614887068,21.024131931711548,0.0082086919412789,0.0211226225452296,0.0049665567300871,-1.9902454203015136,0,sl,1781157600000,1781164800000,3
1781179200000|XLM/USDT:USDT|xlm_trend_discovery|short,2026-06-11 12:00:00+00:00,XLM/USDT:USDT,XLM,short,xlm_trend_discovery,23.267331336777897,0.0206585236325013,0.0342007434944238,0.039458311205523,-0.001689384512898,-0.0560077257859841,0.0026287838555496,-0.0124298526249542,-0.0091038257117297,0.0229803878959091,-0.0083732687345305,-0.0544102611255744,0.0152312228283575,-1.807614037830888,0.0082946852260934,0.0097710719834647,27.51644325231278,0.0073706726061243,0.0235098331429166,0.0042911592011213,13.191003061519542,1,tp,1781179200000,1781190000000,4
1781190000000|ETH/USDT:USDT|eth_trend|short,2026-06-11 15:00:00+00:00,ETH/USDT:USDT,ETH,short,eth_trend,19.528023765899537,0.0089989298569899,0.0176026364432336,0.0258962447708921,-0.001581518443207,-0.0331398267010464,0.0041468041638292,0.0014553204445122,-0.012678897320142,-0.0051718193311113,-0.0075131706787198,-0.0316082973630775,0.0097550957012584,-1.4040656883372096,0.0053274736979882,0.0056142024023117,25.28862641457605,0.007267085369914,0.0018576850337352,0.0038212185307979,-6.9031387878551245,0,sl,1781190000000,1781197200000,2
1781229600000|ONDO/USDT:USDT|ondo_trend_discovery|long,2026-06-12 02:00:00+00:00,ONDO/USDT:USDT,ONDO,long,ondo_trend_discovery,28.88773728373657,0.0136351240796291,0.0073629670029996,0.0859012817016635,0.026388489692313,0.0299868258372929,0.0392691573493319,0.0060356652949247,0.0049328583173473,0.056163594470046,0.0884535470466014,0.0035058227767719,0.0186011400630368,-1.6533575331578652,0.0136721094692946,0.0127787137039462,28.484182779977083,0.0067962968917568,0.0237597301713798,0.0045472395901761,-1.5131284104308491,0,sl,1781229600000,1781240400000,4
1781240400000|BNB/USDT:USDT|bnb_trend|short,2026-06-12 05:00:00+00:00,BNB/USDT:USDT,BNB,short,bnb_trend,35.9325515833043,0.0055074875207987,0.011630615640599,0.011098169717138,-0.0013768403511824,-0.0061767035593795,-0.0002662229617305,-0.004785639768832,-0.00177720198648,-0.0086107353765959,0.0105425991626451,-0.004806480965137,0.0062751761754352,-2.081969209774543,0.0039285782398864,0.0042229580363563,27.49493423782703,0.0067204701103327,0.0117590285978168,0.0044436929521169,2.669247080682454,1,tp,1781240400000,1781244000000,1
1781240400000|ETH/USDT:USDT|eth_trend|short,2026-06-12 05:00:00+00:00,ETH/USDT:USDT,ETH,short,eth_trend,21.95594452180045,0.0095954403621737,0.0180906516602637,0.0192209416277378,-0.0015804867740175,-0.020010444920352,0.000565144983737,-0.0079209338112933,-0.0019082251705702,-0.0146794860402708,0.0098355281132178,-0.0184591325612073,0.0090615707461743,-1.7803587709089743,0.0073444115919892,0.0062382967139592,27.49493423782703,0.0067204701103327,0.0117590285978168,0.0044436929521169,4.347283429776168,1,tp,1781240400000,1781244000000,1
1781244000000|XRP/USDT:USDT|xrp_trend|short,2026-06-12 06:00:00+00:00,XRP/USDT:USDT,XRP,short,xrp_trend,27.49869847056192,0.0123074198689569,0.0187710288648841,0.0230210731361785,-0.0036877272910565,-0.0204863103079184,0.0021250221356472,-0.0086025280898877,-0.0140549978175469,-0.0068589518114667,0.0135511083191239,-0.0168607609049992,0.0093283686933429,-1.5027662535205026,0.0071897293443358,0.0065687202945134,25.590442940690966,0.0069410406982779,0.0035339575542527,0.0045976777719434,-0.8983795657299583,0,sl,1781244000000,1781251200000,3
1781244000000|BCH/USDT:USDT|bch_trend|short,2026-06-12 06:00:00+00:00,BCH/USDT:USDT,BCH,short,bch_trend,23.631159393585705,0.0136850456168186,0.0395180483934946,0.0170567235224117,-0.0074592907583192,-0.0880841726493895,-0.0112306624355413,-0.0104994603081148,-0.015811048213937,-0.0151862883929878,0.0094094094094094,-0.0812308060922449,0.0124630417790872,-2.0094102936142217,0.0071859870320207,0.008071152353296,25.590442940690966,0.0069410406982779,0.0035339575542527,0.0045976777719434,-0.1070969576610018,0,sl,1781244000000,1781251200000,4
1781244000000|SOL/USDT:USDT|sol_trend_discovery|short,2026-06-12 06:00:00+00:00,SOL/USDT:USDT,SOL,short,sol_trend_discovery,30.40490466447524,0.0136198547215497,0.0193704600484261,0.0204297820823243,-0.0038496896767482,-0.0197878905877189,0.0005296610169491,-0.0091467986204828,-0.0149075730471078,-0.0101857399640504,0.0153657037492316,-0.0159997951572175,0.0100490319780031,-1.9427344641475583,0.0071743367198568,0.0072051137895546,25.590442940690966,0.0069410406982779,0.0035339575542527,0.0045976777719434,-0.0426268282575451,0,sl,1781244000000,1781251200000,3
1781244000000|ADA/USDT:USDT|ada_trend_discovery|short,2026-06-12 06:00:00+00:00,ADA/USDT:USDT,ADA,short,ada_trend_discovery,30.605194017997952,0.0160618679357524,0.0327186198691255,0.0243902439024389,-0.0043542159252514,-0.0363314650083321,-0.0041641879833432,-0.0111764705882353,-0.0169590643274855,-0.0053254437869822,0.0225060827250609,-0.0321170938445715,0.0139202324853538,-1.564647828789054,0.0095449429056473,0.0100162808410918,25.590442940690966,0.0069410406982779,0.0035339575542527,0.0045976777719434,0.0620695103552876,1,tp,1781244000000,1781247600000,2
1781244000000|ENA/USDT:USDT|ena_trend_discovery|short,2026-06-12 06:00:00+00:00,ENA/USDT:USDT,ENA,short,ena_trend_discovery,24.976361348520506,0.0209350115592089,0.0400719239660929,0.0453377857693296,-0.0024637518077835,-0.0763049739326505,0.0026329309016182,-0.0072676271834757,-0.0196424074540418,0.0045155463811121,0.0406308473670142,-0.0740235978980068,0.0215905721087949,-0.8671197484208791,0.010099310313159,0.0137097287954103,25.590442940690966,0.0069410406982779,0.0035339575542527,0.0045976777719434,-0.0690475805320037,0,sl,1781244000000,1781251200000,3
1781244000000|XLM/USDT:USDT|xlm_trend_discovery|short,2026-06-12 06:00:00+00:00,XLM/USDT:USDT,XLM,short,xlm_trend_discovery,22.14494786147512,0.0249379193744386,0.0553177999682992,0.0243567390500343,-0.010030678689767,-0.0445052489866153,-0.0154805304591323,-0.0144753970320229,-0.0297826532704531,-0.0162170590987058,-0.0044708605091522,-0.0348238774220002,0.016015697232062,-0.3629617850164917,0.0095860964081205,0.0099670803506799,25.590442940690966,0.0069410406982779,0.0035339575542527,0.0045976777719434,-0.0512340220268934,0,sl,1781244000000,1781251200000,4
1781244000000|RENDER/USDT:USDT|render_trend_discovery|short,2026-06-12 06:00:00+00:00,RENDER/USDT:USDT,RENDER,short,render_trend_discovery,24.51349366505264,0.0180460485376477,0.0404480398257622,0.0454262601120099,-0.0054406956456003,-0.0501292166589068,0.0024891101431238,-0.0153186274509803,-0.0295893719806762,0.0068922305764409,0.0242192479286169,-0.0449329877239601,0.0171167824734186,0.1663294264911603,0.0127255475181141,0.0109506013029217,25.590442940690966,0.0069410406982779,0.0035339575542527,0.0045976777719434,0.0675488169090076,1,tp,1781244000000,1781247600000,2
1781244000000|INJ/USDT:USDT|inj_trend_discovery|short,2026-06-12 06:00:00+00:00,INJ/USDT:USDT,INJ,short,inj_trend_discovery,24.61966575212469,0.0169491525423729,0.0499161855094058,0.0614639597690445,-0.0010558307390745,-0.0231418527672324,0.0057738871298194,-0.0094095940959409,-0.0327868852459016,0.004114456704694,0.0213049267643141,-0.0221093657761657,0.0224221003323592,-0.5399755718512139,0.0118844357307761,0.0136461261308478,25.590442940690966,0.0069410406982779,0.0035339575542527,0.0045976777719434,0.0924194646398009,1,tp,1781244000000,1781247600000,2
1781247600000|BNB/USDT:USDT|bnb_trend|short,2026-06-12 07:00:00+00:00,BNB/USDT:USDT,BNB,short,bnb_trend,31.094122370345147,0.0053818084875952,0.0130296416015463,0.0062815535598246,-0.002012688163896,-0.0073731708209454,-0.0033740440208607,0.00285733382348,-0.0040159976103155,-0.0076226065676775,0.0026395362435054,-0.0053712933956917,0.0064083320011947,-1.743761100073766,0.0039782731735793,0.004264026766837,23.82198673620748,0.0067294420891976,0.0059527892135202,0.0046055333494487,-1.1588682599780225,0,sl,1781247600000,1781251200000,1
1781247600000|ETH/USDT:USDT|eth_trend|short,2026-06-12 07:00:00+00:00,ETH/USDT:USDT,ETH,short,eth_trend,19.10551842292855,0.0054297770901932,0.0193654023272193,0.0179929087833567,-0.002073272686324,-0.0207973703986976,-0.0006862467719312,0.0028493984267941,-0.0066850435604135,-0.0113551827363133,0.0045595554131114,-0.0187629985247284,0.0087982382312005,-1.9238029306090023,0.0073747357426891,0.0062505081421775,23.82198673620748,0.0067294420891976,0.0059527892135202,0.0046055333494487,-1.960294916676294,0,sl,1781247600000,1781254800000,3
1781251200000|ONDO/USDT:USDT|ondo_trend_discovery|long,2026-06-12 08:00:00+00:00,ONDO/USDT:USDT,ONDO,long,ondo_trend_discovery,23.160618255738488,0.0130085801273179,0.0224190423470799,0.0534182120121781,0.0078916936313202,0.014129028654638,0.0154995848325491,0.0111950741673663,-0.0098657166346943,0.0055663790704147,0.0325807373535296,0.006188497298599,0.0171762491813765,-2.203189202686355,0.0136344212891768,0.0125584934695435,23.183664856096048,0.0068008951849584,0.0081570449662466,0.004698594319356,15.326746284858938,1,tp,1781251200000,1781265600000,4
1781258400000|INJ/USDT:USDT|inj_trend_discovery|short,2026-06-12 10:00:00+00:00,INJ/USDT:USDT,INJ,short,inj_trend_discovery,22.99510588545941,0.0169050715214564,0.0471855842467025,0.0639048857514397,-0.0004105623694403,-0.0199692313382532,0.0083596507523687,-0.0115681233933161,0.0026075619295957,-0.0051746442432082,0.0272900763358778,-0.0195667023204797,0.0204556829568708,-1.8268694050587395,0.0122222441475973,0.013303823158092,23.495852341839885,0.0067136725468184,0.0086311376847068,0.0047398975435491,17.554310329119556,1,tp,1781258400000,1781269200000,5
1781265600000|XRP/USDT:USDT|xrp_trend|short,2026-06-12 12:00:00+00:00,XRP/USDT:USDT,XRP,short,xrp_trend,26.463364968285088,0.0072227605038315,0.0141812736721571,0.0280983000088082,-0.0010242100558055,-0.0147206673884123,0.0069585131683255,-0.0048211781206171,-0.0059539444882233,-0.0056056757466934,0.0199442997035306,-0.0137104997643355,0.0086798691375433,-1.889275239117296,0.0071947320244309,0.0065930280597622,22.7779756400391,0.0064904099900333,0.0072310621277487,0.0048331839027961,0.127769985597119,1,sl,1781265600000,1781272800000,2
1781265600000|ETH/USDT:USDT|eth_trend|short,2026-06-12 12:00:00+00:00,ETH/USDT:USDT,ETH,short,eth_trend,18.412824447655485,0.0065732997964977,0.0165383022277184,0.0207163996326155,-0.0011459313437659,-0.0174065474059872,0.0020890487024486,-0.0041964312400992,-0.003952309200928,-0.0036008015073122,0.0090924510243393,-0.0162792709891013,0.0082521120341305,-2.062597029743039,0.007296041274917,0.0063130528411982,22.7779756400391,0.0064904099900333,0.0072310621277487,0.0048331839027961,2.28335745983146,1,tp,1781265600000,1781269200000,1
1781269200000|BCH/USDT:USDT|bch_trend|short,2026-06-12 13:00:00+00:00,BCH/USDT:USDT,BCH,short,bch_trend,22.42330949584502,0.0180491172699478,0.0338790807771969,0.0223887957392247,-0.0036426944000504,-0.0782283807581236,-0.005745142518986,-0.0080712224233233,-0.0091859669696081,-0.0071970624235006,0.0103637269556553,-0.0748583725324942,0.0114609728221567,-1.9493272843549156,0.0073355207645313,0.0080524991307017,21.30120720413732,0.0065998097233287,0.0024458293217186,0.0048975194110684,-0.4377371021341993,0,sl,1781269200000,1781272800000,2
1781269200000|ADA/USDT:USDT|ada_trend_discovery|short,2026-06-12 13:00:00+00:00,ADA/USDT:USDT,ADA,short,ada_trend_discovery,28.137816878567843,0.0214030915576695,0.0321046373365042,0.0249702734839475,-0.0080797624761984,-0.0342243740625216,-0.0035671819262783,-0.0146455770357352,-0.0215241419429901,-0.0076696165191741,0.0150875075437537,-0.0263575745279578,0.0129634297196915,-1.7028290389597074,0.0099154306898782,0.0101610202414261,21.30120720413732,0.0065998097233287,0.0024458293217186,0.0048975194110684,0.0600625778565268,1,sl,1781269200000,1781272800000,1
1781272800000|ONDO/USDT:USDT|ondo_trend_discovery|long,2026-06-12 14:00:00+00:00,ONDO/USDT:USDT,ONDO,long,ondo_trend_discovery,21.27907532930263,0.0229445506692161,0.0101065282709643,0.0606391696257853,0.0135538956103356,0.0261804921327828,0.0252663206774104,0.0206300529690548,-0.0013638843426077,-0.0016362148895555,0.0544354838709677,0.0124577455398597,0.0176840408193434,-1.4321614402449276,0.0128683382211171,0.012685880318701,20.805961298034017,0.006978641446844,0.0202776413246654,0.0053288666825828,0.5657865929019004,1,sl,1781272800000,1781276400000,1
1781276400000|XRP/USDT:USDT|xrp_trend|short,2026-06-12 15:00:00+00:00,XRP/USDT:USDT,XRP,short,xrp_trend,24.600473378030067,0.0270366102295895,0.0257955854977394,0.0218952220547825,-0.0070653517714373,-0.0205413202251552,-0.0019501817214785,-0.0174200853584181,-0.0111325385694248,-0.0135536901014339,0.0140224719101125,-0.0135718584075593,0.0108519236735485,0.5260978512345752,0.0088052370794424,0.0068068964344574,21.076225904604787,0.0074870911554631,0.0133272535079902,0.0055346587109727,7.510697815964156,1,tp,1781276400000,1781287200000,4
1781276400000|ENA/USDT:USDT|ena_trend_discovery|short,2026-06-12 15:00:00+00:00,ENA/USDT:USDT,ENA,short,ena_trend_discovery,29.57428818112608,0.0525639377971984,0.0655442745148437,0.0364991646317955,-0.014156182308624,-0.072303558713318,-0.0145225549415241,-0.044220611718462,-0.0176745360434288,-0.0210115752390537,0.0216649159663866,-0.0589823411794193,0.0262669146104614,1.4925590967333604,0.0141933325798606,0.014186224726176,21.076225904604787,0.0074870911554631,0.0133272535079902,0.0055346587109727,9.298368985391209,1,time_stop,1781276400000,1781301600000,12
1781280000000|DOGE/USDT:USDT|doge_trend_loose|long,2026-06-12 16:00:00+00:00,DOGE/USDT:USDT,DOGE,long,doge_trend_loose,30.090775606470903,0.0179195311619519,0.0420376422855854,0.0494759382396033,0.0203221710378828,0.0219777393196529,0.0037191479770088,0.015449759670405,0.0202368632861906,0.0203541858325668,0.0477033888298501,0.0016225936559685,0.0150155337730203,3.865804242061074,0.0134195271644892,0.0088589049443976,21.246385149528457,0.007464890286188,0.0224568561680411,0.0056017612177828,1.5113918809057991,1,tp,1781280000000,1781290800000,4
1781280000000|ONDO/USDT:USDT|ondo_trend_discovery|long,2026-06-12 16:00:00+00:00,ONDO/USDT:USDT,ONDO,long,ondo_trend_discovery,20.48521312589001,0.0277475516866158,0.0076169749727965,0.0644722524483133,0.0165027650814989,0.0300070327758777,0.0284276387377584,0.0236702868281815,0.0096127437517166,0.0073992874760206,0.0612009237875288,0.0132850279982229,0.0192607248496801,-0.5023244937634567,0.0140353450838131,0.0129691426893624,21.246385149528457,0.007464890286188,0.0224568561680411,0.0056017612177828,0.5835793543144279,1,tp,1781280000000,1781287200000,4
1781280000000|INJ/USDT:USDT|inj_trend_discovery|short,2026-06-12 16:00:00+00:00,INJ/USDT:USDT,INJ,short,inj_trend_discovery,22.020693851588383,0.0219887137575402,0.0969060128429654,0.0194590387234871,-0.032908958636234,-0.0618659097167871,-0.038723487059739,0.0042993941762752,-0.036015756893641,-0.0783715925394546,0.0074495197020192,-0.0299423217070843,0.0233545252376924,0.4243953195864132,0.0145557001611958,0.0136393990497939,21.246385149528457,0.007464890286188,0.0224568561680411,0.0056017612177828,-0.4757823515434134,0,sl,1781280000000,1781301600000,7
1781287200000|BCH/USDT:USDT|bch_trend|short,2026-06-12 18:00:00+00:00,BCH/USDT:USDT,BCH,short,bch_trend,22.634390328998776,0.0080137659783677,0.0307276302851524,0.01007866273353,-0.0031810809513996,-0.0723252015912191,-0.0103244837758111,-0.004502740798747,-0.015488867376573,0.0085283617612059,-0.0067874407930074,-0.0693647756061984,0.0122689791189519,-1.2660610271306438,0.0068779405838154,0.0082788340077025,21.75284755991072,0.0071475430090234,0.0037177182858765,0.0044377180514754,-0.266508839377627,0,sl,1781287200000,1781294400000,3
1781290800000|XRP/USDT:USDT|xrp_trend|short,2026-06-12 19:00:00+00:00,XRP/USDT:USDT,XRP,short,xrp_trend,24.807126090184823,0.0061018747789176,0.0233463035019455,0.0049522461973824,-0.0033848486619303,-0.0175288936051242,-0.0091970286522815,0.0009737098344693,0.0023934048399962,-0.0018536499249712,-0.010587102983638,-0.0141920829963339,0.0099160629793872,-0.4282085363079392,0.0065557096226749,0.0067717833547959,21.56664218557982,0.0069131587011158,-0.0001966410561354,0.0044302205982875,-0.96176336619108,0,sl,1781290800000,1781298000000,3
1781290800000|SOL/USDT:USDT|sol_trend_discovery|short,2026-06-12 19:00:00+00:00,SOL/USDT:USDT,SOL,short,sol_trend_discovery,26.88462552177575,0.0107881330536409,0.0305663769853162,0.0128858255918489,-0.002314319571945,-0.0093452057367929,-0.0088402756967336,-0.00432642100552,-0.0068452380952381,0.0069402534701266,-0.0020933014354067,-0.0070471956276162,0.0112690767947405,-0.3675949003681154,0.0067297400457945,0.0074505987340051,21.56664218557982,0.0069131587011158,-0.0001966410561354,0.0044302205982875,0.1556010449935062,1,tp,1781290800000,1781298000000,3
1781294400000|ADA/USDT:USDT|ada_trend_discovery|short,2026-06-12 20:00:00+00:00,ADA/USDT:USDT,ADA,short,ada_trend_discovery,23.47753736865189,0.0123893805309735,0.0289085545722713,0.0123893805309735,-0.0049801274405728,-0.0256663833281092,-0.0082595870206488,-0.0064478311840562,-0.0224913494809687,-0.004697592483852,0.0071301247771835,-0.0207897916996636,0.0151601203292627,-0.2803004304967216,0.0101037092886667,0.010359705314011,20.733795472017658,0.0067847725769952,0.0008838118806411,0.0044013622677066,0.2515421499450309,1,tp,1781294400000,1781298000000,2
1781294400000|TON/USDT:USDT|ton_trend_discovery|short,2026-06-12 20:00:00+00:00,TON/USDT:USDT,TON,short,ton_trend_discovery,23.32511186371401,0.0155792992299886,0.0602877096639407,0.0066853697845162,-0.0166451210751719,-0.0197923511035904,-0.0268011699397122,-0.0055205983616288,-0.0299924729315037,-0.0188579795021961,-0.011155707708653,-0.0032005027847724,0.0177458055077667,0.1252275624424187,0.010826148039555,0.0109913862104849,20.733795472017658,0.0067847725769952,0.0008838118806411,0.0044013622677066,0.2593055685052418,1,tp,1781294400000,1781298000000,2
1781298000000|RENDER/USDT:USDT|render_trend_discovery|short,2026-06-12 21:00:00+00:00,RENDER/USDT:USDT,RENDER,short,render_trend_discovery,25.90069912973605,0.0151883353584447,0.0364520048602673,0.0249088699878492,-0.0013621455115951,-0.0242988199208942,-0.005771567436209,-0.0054380664652569,-0.0060386473429951,-0.0143712574850299,-0.0114114114114114,-0.0229679601130776,0.0169795742997577,0.0617335193883302,0.011687735612036,0.0112917688114182,19.96043780942422,0.0065165813929124,-0.0005843697627238,0.0043835084518957,1.7931697985025452,1,tp,1781298000000,1781301600000,2
1781305200000|INJ/USDT:USDT|inj_trend_discovery|short,2026-06-12 23:00:00+00:00,INJ/USDT:USDT,INJ,short,inj_trend_discovery,26.191258713412907,0.0082726019302737,0.110301359070317,0.0055150679535157,-0.0263052068134425,-0.0690660343065862,-0.0523931455584006,-0.0068466353677621,-0.0095591104174795,-0.0474671669793621,-0.0596406741989257,-0.0439160482241079,0.0190409138407929,-2.377218732472578,0.0121635929772298,0.0133622429206359,18.56108965795617,0.0059969624150512,-0.000800340891759,0.0043682676249009,-1.5599584085998868,0,sl,1781305200000,1781316000000,4
