asset,total_contribution,avg_abs_weight,nonzero_rate
LINK/USDT:USDT,0.4289125652909556,0.03108407112752466,0.17315329626687848
XRP/USDT:USDT,0.3919059209681184,0.030810195669523678,0.19181890389197775
BTC/USDT:USDT,0.19176322710362134,0.023707352440985173,0.1596505162827641
ETH/USDT:USDT,0.17938014291361293,0.023597068825476207,0.16799046862589356
TRX/USDT:USDT,0.15326697950174734,0.01950513474757993,0.14177918983320095
BNB/USDT:USDT,0.07383873170552595,0.007979999888978184,0.0845909451945989
SOL/USDT:USDT,0.0018536710477431257,0.0013784606208423595,0.023431294678316124
