{
  "input_rows_total": 16398,
  "target_col": "y_win",
  "train_frac": 0.7,
  "strategies": {
    "ada_trend": {
      "status": "trained",
      "rows": 2031,
      "train_rows": 1421,
      "test_rows": 610,
      "positive_count": 996,
      "negative_count": 1035,
      "train_positive_rate": 0.47853624208304013,
      "test_positive_rate": 0.5180327868852459,
      "train_accuracy": 0.8472906403940886,
      "test_accuracy": 0.44426229508196724,
      "train_auc": 0.9298483765976024,
      "test_auc": 0.4510785326788943,
      "train_logloss": 0.5274204530185598,
      "test_logloss": 0.7642859006462714
    },
    "avax_trend": {
      "status": "trained",
      "rows": 1985,
      "train_rows": 1389,
      "test_rows": 596,
      "positive_count": 973,
      "negative_count": 1012,
      "train_positive_rate": 0.5125989920806335,
      "test_positive_rate": 0.43791946308724833,
      "train_accuracy": 0.8617710583153347,
      "test_accuracy": 0.44966442953020136,
      "train_auc": 0.9368662141304167,
      "test_auc": 0.510630754274604,
      "train_logloss": 0.5377776423606707,
      "test_logloss": 0.7254287150153439
    },
    "bnb_trend": {
      "status": "trained",
      "rows": 1900,
      "train_rows": 1330,
      "test_rows": 570,
      "positive_count": 843,
      "negative_count": 1057,
      "train_positive_rate": 0.4345864661654135,
      "test_positive_rate": 0.4649122807017544,
      "train_accuracy": 0.8406015037593985,
      "test_accuracy": 0.4614035087719298,
      "train_auc": 0.9184435507619818,
      "test_auc": 0.42269099907206925,
      "train_logloss": 0.5310363935758218,
      "test_logloss": 0.7673942813042034
    },
    "btc_trend": {
      "status": "trained",
      "rows": 1970,
      "train_rows": 1379,
      "test_rows": 591,
      "positive_count": 920,
      "negative_count": 1050,
      "train_positive_rate": 0.45685279187817257,
      "test_positive_rate": 0.4906937394247039,
      "train_accuracy": 0.8694706308919506,
      "test_accuracy": 0.5076142131979695,
      "train_auc": 0.9393180325089537,
      "test_auc": 0.4750028640164967,
      "train_logloss": 0.5235914624299929,
      "test_logloss": 0.76836303183891
    },
    "btc_trend_loose": {
      "status": "trained",
      "rows": 2455,
      "train_rows": 1718,
      "test_rows": 737,
      "positive_count": 1169,
      "negative_count": 1286,
      "train_positive_rate": 0.46740395809080326,
      "test_positive_rate": 0.4966078697421981,
      "train_accuracy": 0.819557625145518,
      "test_accuracy": 0.5061058344640434,
      "train_auc": 0.9037802230705891,
      "test_auc": 0.4877306938859677,
      "train_logloss": 0.5503303824755015,
      "test_logloss": 0.7741334780936463
    },
    "eth_trend": {
      "status": "trained",
      "rows": 1964,
      "train_rows": 1374,
      "test_rows": 590,
      "positive_count": 934,
      "negative_count": 1030,
      "train_positive_rate": 0.47307132459970885,
      "test_positive_rate": 0.48135593220338985,
      "train_accuracy": 0.8442503639010189,
      "test_accuracy": 0.42542372881355933,
      "train_auc": 0.914430514237144,
      "test_auc": 0.4026857221761944,
      "train_logloss": 0.530469289247872,
      "test_logloss": 0.8232699432608773
    },
    "link_trend": {
      "status": "trained",
      "rows": 1905,
      "train_rows": 1333,
      "test_rows": 572,
      "positive_count": 863,
      "negative_count": 1042,
      "train_positive_rate": 0.45386346586646664,
      "test_positive_rate": 0.45104895104895104,
      "train_accuracy": 0.8739684921230307,
      "test_accuracy": 0.5611888111888111,
      "train_auc": 0.9390677504313867,
      "test_auc": 0.4717078951266479,
      "train_logloss": 0.5233482825132674,
      "test_logloss": 0.7754913215248909
    },
    "sol_bbrsi": {
      "status": "skipped",
      "reason": "rows<80",
      "rows": 59
    },
    "sol_trend_pullback": {
      "status": "trained",
      "rows": 119,
      "train_rows": 83,
      "test_rows": 36,
      "positive_count": 44,
      "negative_count": 75,
      "train_positive_rate": 0.42168674698795183,
      "test_positive_rate": 0.25,
      "train_accuracy": 0.9036144578313253,
      "test_accuracy": 0.7777777777777778,
      "train_auc": 0.9839285714285714,
      "test_auc": 0.7695473251028806,
      "train_logloss": 0.3921029545329241,
      "test_logloss": 0.4811602138770364
    },
    "xrp_trend": {
      "status": "trained",
      "rows": 2010,
      "train_rows": 1407,
      "test_rows": 603,
      "positive_count": 983,
      "negative_count": 1027,
      "train_positive_rate": 0.4612651030561478,
      "test_positive_rate": 0.5538971807628524,
      "train_accuracy": 0.7938877043354655,
      "test_accuracy": 0.5207296849087893,
      "train_auc": 0.8830858109289307,
      "test_auc": 0.5522672127863233,
      "train_logloss": 0.5387124691514604,
      "test_logloss": 0.7118703355192073
    }
  },
  "feature_cols_num": [
    "strength",
    "base_weight",
    "competitive_score",
    "adx",
    "atr",
    "atrp",
    "rsi",
    "ema_gap",
    "ema_gap_pct",
    "bb_width",
    "bb_span",
    "bb_pos",
    "close",
    "volume"
  ],
  "feature_cols_cat": [
    "symbol",
    "side_raw"
  ]
}