{
  "input_rows_total": 19371,
  "target_col": "y_win",
  "train_frac": 0.8,
  "strategies": {
    "bnb_trend": {
      "status": "trained",
      "rows": 4376,
      "train_rows": 3500,
      "test_rows": 876,
      "positive_count": 2092,
      "negative_count": 2284,
      "train_positive_rate": 0.48085714285714287,
      "test_positive_rate": 0.4668949771689498,
      "train_accuracy": 0.7668571428571429,
      "test_accuracy": 0.4589041095890411,
      "train_auc": 0.8576911593843188,
      "test_auc": 0.4319722726868164,
      "train_logloss": 0.5934166441361547,
      "test_logloss": 0.7220144323759978
    },
    "btc_trend": {
      "status": "trained",
      "rows": 4607,
      "train_rows": 3685,
      "test_rows": 922,
      "positive_count": 2192,
      "negative_count": 2415,
      "train_positive_rate": 0.47299864314789686,
      "test_positive_rate": 0.48698481561822127,
      "train_accuracy": 0.7723202170963365,
      "test_accuracy": 0.48156182212581344,
      "train_auc": 0.8471836440952867,
      "test_auc": 0.4531893754973467,
      "train_logloss": 0.602944448999208,
      "test_logloss": 0.7367870079220671
    },
    "btc_trend_loose": {
      "status": "trained",
      "rows": 5531,
      "train_rows": 4424,
      "test_rows": 1107,
      "positive_count": 2666,
      "negative_count": 2865,
      "train_positive_rate": 0.4789783001808318,
      "test_positive_rate": 0.4941282746160795,
      "train_accuracy": 0.7561030741410488,
      "test_accuracy": 0.48509485094850946,
      "train_auc": 0.8423950641801939,
      "test_auc": 0.44932097153303735,
      "train_logloss": 0.6055415780483597,
      "test_logloss": 0.7316754028401964
    },
    "link_trend": {
      "status": "trained",
      "rows": 4456,
      "train_rows": 3564,
      "test_rows": 892,
      "positive_count": 2169,
      "negative_count": 2287,
      "train_positive_rate": 0.49130190796857465,
      "test_positive_rate": 0.46860986547085204,
      "train_accuracy": 0.7822671156004489,
      "test_accuracy": 0.5056053811659192,
      "train_auc": 0.8671410836704138,
      "test_auc": 0.4845961278339692,
      "train_logloss": 0.5940544531821879,
      "test_logloss": 0.7207493788835158
    },
    "sol_bbrsi": {
      "status": "trained",
      "rows": 125,
      "train_rows": 100,
      "test_rows": 25,
      "positive_count": 70,
      "negative_count": 55,
      "train_positive_rate": 0.56,
      "test_positive_rate": 0.56,
      "train_accuracy": 0.91,
      "test_accuracy": 0.48,
      "train_auc": 0.9618506493506493,
      "test_auc": 0.5584415584415584,
      "train_logloss": 0.40024928033910834,
      "test_logloss": 0.742763254953193
    },
    "sol_trend_pullback": {
      "status": "trained",
      "rows": 276,
      "train_rows": 220,
      "test_rows": 56,
      "positive_count": 114,
      "negative_count": 162,
      "train_positive_rate": 0.44545454545454544,
      "test_positive_rate": 0.2857142857142857,
      "train_accuracy": 0.9636363636363636,
      "test_accuracy": 0.5892857142857143,
      "train_auc": 0.9967380394780864,
      "test_auc": 0.55,
      "train_logloss": 0.39389464283049797,
      "test_logloss": 0.6592541643834922
    }
  },
  "feature_cols_num": [
    "strength",
    "base_weight",
    "competitive_score",
    "adx",
    "atr",
    "atrp",
    "rsi",
    "ema_gap",
    "ema_gap_pct",
    "bb_width",
    "bb_span",
    "bb_pos",
    "close",
    "volume"
  ],
  "feature_cols_cat": [
    "symbol",
    "side_raw"
  ]
}