{
  "input_rows_total": 10418,
  "target_col": "y_win",
  "train_frac": 0.8,
  "strategies": {
    "bnb_trend": {
      "status": "trained",
      "rows": 1900,
      "train_rows": 1520,
      "test_rows": 380,
      "positive_count": 841,
      "negative_count": 1059,
      "train_positive_rate": 0.45394736842105265,
      "test_positive_rate": 0.3973684210526316,
      "train_accuracy": 0.8394736842105263,
      "test_accuracy": 0.5026315789473684,
      "train_auc": 0.9088877248122927,
      "test_auc": 0.4300008675785882,
      "train_logloss": 0.5377029235050906,
      "test_logloss": 0.7182586471392968
    },
    "btc_trend": {
      "status": "trained",
      "rows": 1970,
      "train_rows": 1576,
      "test_rows": 394,
      "positive_count": 920,
      "negative_count": 1050,
      "train_positive_rate": 0.475253807106599,
      "test_positive_rate": 0.434010152284264,
      "train_accuracy": 0.8477157360406091,
      "test_accuracy": 0.46446700507614214,
      "train_auc": 0.9263976313440089,
      "test_auc": 0.5596465004064721,
      "train_logloss": 0.5392626857224767,
      "test_logloss": 0.7231851049651046
    },
    "btc_trend_loose": {
      "status": "trained",
      "rows": 2455,
      "train_rows": 1964,
      "test_rows": 491,
      "positive_count": 1169,
      "negative_count": 1286,
      "train_positive_rate": 0.4831975560081466,
      "test_positive_rate": 0.4480651731160896,
      "train_accuracy": 0.8385947046843177,
      "test_accuracy": 0.5376782077393075,
      "train_auc": 0.9189045248563436,
      "test_auc": 0.5329755115732975,
      "train_logloss": 0.546192846773859,
      "test_logloss": 0.7056511077124838
    },
    "link_trend": {
      "status": "trained",
      "rows": 1905,
      "train_rows": 1524,
      "test_rows": 381,
      "positive_count": 861,
      "negative_count": 1044,
      "train_positive_rate": 0.473753280839895,
      "test_positive_rate": 0.3648293963254593,
      "train_accuracy": 0.8818897637795275,
      "test_accuracy": 0.5643044619422573,
      "train_auc": 0.9440767886378237,
      "test_auc": 0.6132350318092634,
      "train_logloss": 0.5241110285364352,
      "test_logloss": 0.6886989567209
    },
    "sol_bbrsi": {
      "status": "skipped",
      "reason": "rows<80",
      "rows": 59
    },
    "sol_trend_pullback": {
      "status": "trained",
      "rows": 119,
      "train_rows": 95,
      "test_rows": 24,
      "positive_count": 44,
      "negative_count": 75,
      "train_positive_rate": 0.4105263157894737,
      "test_positive_rate": 0.20833333333333334,
      "train_accuracy": 0.9157894736842105,
      "test_accuracy": 0.8333333333333334,
      "train_auc": 0.9844322344322344,
      "test_auc": 0.6631578947368422,
      "train_logloss": 0.3726736636655237,
      "test_logloss": 0.47382793011469665
    },
    "xrp_trend": {
      "status": "trained",
      "rows": 2010,
      "train_rows": 1608,
      "test_rows": 402,
      "positive_count": 983,
      "negative_count": 1027,
      "train_positive_rate": 0.4832089552238806,
      "test_positive_rate": 0.5124378109452736,
      "train_accuracy": 0.7879353233830846,
      "test_accuracy": 0.5348258706467661,
      "train_auc": 0.8753203951759909,
      "test_auc": 0.5757380622151773,
      "train_logloss": 0.5413515296422566,
      "test_logloss": 0.6995510253236733
    }
  },
  "feature_cols_num": [
    "strength",
    "base_weight",
    "competitive_score",
    "adx",
    "atr",
    "atrp",
    "rsi",
    "ema_gap",
    "ema_gap_pct",
    "bb_width",
    "bb_span",
    "bb_pos",
    "close",
    "volume"
  ],
  "feature_cols_cat": [
    "symbol",
    "side_raw"
  ]
}