{
  "input_rows_total": 16551,
  "target_col": "y_win",
  "train_frac": 0.7,
  "strategies": {
    "aave_trend": {
      "status": "trained",
      "rows": 2217,
      "train_rows": 1551,
      "test_rows": 666,
      "positive_count": 1130,
      "negative_count": 1087,
      "train_positive_rate": 0.498388136686009,
      "test_positive_rate": 0.536036036036036,
      "train_accuracy": 0.854287556415216,
      "test_accuracy": 0.5045045045045045,
      "train_auc": 0.9211781294791767,
      "test_auc": 0.555356123031737,
      "train_logloss": 0.5364100548287121,
      "test_logloss": 0.7441055690799041
    },
    "bnb_trend": {
      "status": "trained",
      "rows": 1900,
      "train_rows": 1330,
      "test_rows": 570,
      "positive_count": 841,
      "negative_count": 1059,
      "train_positive_rate": 0.4330827067669173,
      "test_positive_rate": 0.4649122807017544,
      "train_accuracy": 0.8443609022556391,
      "test_accuracy": 0.47017543859649125,
      "train_auc": 0.9227821986442677,
      "test_auc": 0.42754098360655735,
      "train_logloss": 0.528220722472206,
      "test_logloss": 0.7660598247400024
    },
    "btc_trend": {
      "status": "trained",
      "rows": 1970,
      "train_rows": 1379,
      "test_rows": 591,
      "positive_count": 920,
      "negative_count": 1050,
      "train_positive_rate": 0.45685279187817257,
      "test_positive_rate": 0.4906937394247039,
      "train_accuracy": 0.8694706308919506,
      "test_accuracy": 0.5076142131979695,
      "train_auc": 0.9393180325089537,
      "test_auc": 0.4750028640164967,
      "train_logloss": 0.5235914624299929,
      "test_logloss": 0.76836303183891
    },
    "btc_trend_loose": {
      "status": "trained",
      "rows": 2455,
      "train_rows": 1718,
      "test_rows": 737,
      "positive_count": 1169,
      "negative_count": 1286,
      "train_positive_rate": 0.46740395809080326,
      "test_positive_rate": 0.4966078697421981,
      "train_accuracy": 0.819557625145518,
      "test_accuracy": 0.5061058344640434,
      "train_auc": 0.9037802230705891,
      "test_auc": 0.4877306938859677,
      "train_logloss": 0.5503303824755015,
      "test_logloss": 0.7741334780936463
    },
    "eth_trend": {
      "status": "trained",
      "rows": 1964,
      "train_rows": 1374,
      "test_rows": 590,
      "positive_count": 934,
      "negative_count": 1030,
      "train_positive_rate": 0.47307132459970885,
      "test_positive_rate": 0.48135593220338985,
      "train_accuracy": 0.8442503639010189,
      "test_accuracy": 0.42542372881355933,
      "train_auc": 0.914430514237144,
      "test_auc": 0.4026857221761944,
      "train_logloss": 0.530469289247872,
      "test_logloss": 0.8232699432608773
    },
    "link_trend": {
      "status": "trained",
      "rows": 1905,
      "train_rows": 1333,
      "test_rows": 572,
      "positive_count": 861,
      "negative_count": 1044,
      "train_positive_rate": 0.45236309077269315,
      "test_positive_rate": 0.45104895104895104,
      "train_accuracy": 0.8762190547636909,
      "test_accuracy": 0.548951048951049,
      "train_auc": 0.9452736318407962,
      "test_auc": 0.5126401027008345,
      "train_logloss": 0.5273323560537202,
      "test_logloss": 0.7477183315267713
    },
    "trx_trend": {
      "status": "trained",
      "rows": 2130,
      "train_rows": 1491,
      "test_rows": 639,
      "positive_count": 1011,
      "negative_count": 1119,
      "train_positive_rate": 0.47149564050972503,
      "test_positive_rate": 0.48200312989045385,
      "train_accuracy": 0.7987927565392354,
      "test_accuracy": 0.48513302034428796,
      "train_auc": 0.8976521940053866,
      "test_auc": 0.4901518421155883,
      "train_logloss": 0.5220954651599727,
      "test_logloss": 0.735997653928686
    },
    "xrp_trend": {
      "status": "trained",
      "rows": 2010,
      "train_rows": 1407,
      "test_rows": 603,
      "positive_count": 983,
      "negative_count": 1027,
      "train_positive_rate": 0.4612651030561478,
      "test_positive_rate": 0.5538971807628524,
      "train_accuracy": 0.7938877043354655,
      "test_accuracy": 0.5207296849087893,
      "train_auc": 0.8830858109289307,
      "test_auc": 0.5522672127863233,
      "train_logloss": 0.5387124691514604,
      "test_logloss": 0.7118703355192073
    }
  },
  "feature_cols_num": [
    "strength",
    "base_weight",
    "competitive_score",
    "adx",
    "atr",
    "atrp",
    "rsi",
    "ema_gap",
    "ema_gap_pct",
    "bb_width",
    "bb_span",
    "bb_pos",
    "close",
    "volume"
  ],
  "feature_cols_cat": [
    "symbol",
    "side_raw"
  ]
}