{
  "input_rows_total": 14995,
  "target_col": "y_win",
  "train_frac": 0.7,
  "strategies": {
    "btc_trend": {
      "status": "trained",
      "rows": 4607,
      "train_rows": 3224,
      "test_rows": 1383,
      "positive_count": 2192,
      "negative_count": 2415,
      "train_positive_rate": 0.4807692307692308,
      "test_positive_rate": 0.4642082429501085,
      "train_accuracy": 0.7624069478908189,
      "test_accuracy": 0.4981923355025307,
      "train_auc": 0.8511057154969746,
      "test_auc": 0.4384451423310253,
      "train_logloss": 0.6004080388678295,
      "test_logloss": 0.7316899421716057
    },
    "btc_trend_loose": {
      "status": "trained",
      "rows": 5531,
      "train_rows": 3871,
      "test_rows": 1660,
      "positive_count": 2666,
      "negative_count": 2865,
      "train_positive_rate": 0.4797210023249806,
      "test_positive_rate": 0.48734939759036144,
      "train_accuracy": 0.7512270731077241,
      "test_accuracy": 0.4807228915662651,
      "train_auc": 0.8442135530553759,
      "test_auc": 0.4514444578399004,
      "train_logloss": 0.6004378807912412,
      "test_logloss": 0.7317330385551839
    },
    "link_trend": {
      "status": "trained",
      "rows": 4456,
      "train_rows": 3119,
      "test_rows": 1337,
      "positive_count": 2169,
      "negative_count": 2287,
      "train_positive_rate": 0.49470984289836484,
      "test_positive_rate": 0.4682124158563949,
      "train_accuracy": 0.7906380250080154,
      "test_accuracy": 0.5153328347045625,
      "train_auc": 0.8790579528968224,
      "test_auc": 0.5033970962915032,
      "train_logloss": 0.5848378706218249,
      "test_logloss": 0.7114929428921342
    },
    "sol_bbrsi": {
      "status": "trained",
      "rows": 125,
      "train_rows": 87,
      "test_rows": 38,
      "positive_count": 70,
      "negative_count": 55,
      "train_positive_rate": 0.4942528735632184,
      "test_positive_rate": 0.7105263157894737,
      "train_accuracy": 0.8620689655172413,
      "test_accuracy": 0.3684210526315789,
      "train_auc": 0.9492600422832981,
      "test_auc": 0.4713804713804714,
      "train_logloss": 0.4276596562501936,
      "test_logloss": 0.8282328075723221
    },
    "sol_trend_pullback": {
      "status": "trained",
      "rows": 276,
      "train_rows": 193,
      "test_rows": 83,
      "positive_count": 114,
      "negative_count": 162,
      "train_positive_rate": 0.45595854922279794,
      "test_positive_rate": 0.3132530120481928,
      "train_accuracy": 0.9740932642487047,
      "test_accuracy": 0.5542168674698795,
      "train_auc": 0.9978354978354979,
      "test_auc": 0.5134952766531714,
      "train_logloss": 0.37692239352154355,
      "test_logloss": 0.7042277739950772
    }
  },
  "feature_cols_num": [
    "strength",
    "base_weight",
    "competitive_score",
    "adx",
    "atr",
    "atrp",
    "rsi",
    "ema_gap",
    "ema_gap_pct",
    "bb_width",
    "bb_span",
    "bb_pos",
    "close",
    "volume"
  ],
  "feature_cols_cat": [
    "symbol",
    "side_raw"
  ]
}