{
  "quantile": 0.05,
  "thresholds": {
    "ada_trend": 0.4528750201910769,
    "avax_trend": 0.4520409642051523,
    "bnb_trend": 0.48844435512535367,
    "btc_trend": 0.49035941553908347,
    "btc_trend_loose": 0.4710724318048933,
    "eth_trend": 0.4620151799123905,
    "link_trend": 0.4481453836390337,
    "sol_bbrsi": 0.560875061071791,
    "sol_trend_pullback": 0.545246984786296,
    "xrp_trend": 0.4521039221435022
  }
}