{
  "quantile": 0.4,
  "thresholds": {
    "aave_trend": 0.5179965844954508,
    "bnb_trend": 0.5865707725177176,
    "btc_trend": 0.5862110237519244,
    "btc_trend_loose": 0.5574120058718177,
    "eth_trend": 0.5510800908443143,
    "link_trend": 0.5386499610163691,
    "trx_trend": 0.6010437211338567,
    "xrp_trend": 0.5467229274297941
  }
}