{
  "portfolio_name": "portfolio_ml_btc_link_bnb_xrp_eth_v7_q40",
  "n_sims": 1000,
  "block_size": 24,
  "base": {
    "total_return_pct": 77.81706794366386,
    "sharpe_annual": 3.8056243677350063,
    "max_drawdown_pct": -6.240753850419711
  },
  "percentiles": {
    "return_pct_p05": 15.283329440032723,
    "return_pct_p25": 45.20867605301936,
    "return_pct_p50": 73.51884063252814,
    "return_pct_p75": 115.79018462940554,
    "return_pct_p95": 206.44121142467043,
    "sharpe_p05": 2.0387769139795116,
    "sharpe_p25": 3.2511163190647734,
    "sharpe_p50": 3.979095606482421,
    "sharpe_p75": 4.690495581915584,
    "sharpe_p95": 5.7562239592629405,
    "maxdd_p05": -11.901758933083606,
    "maxdd_p25": -8.028519165139565,
    "maxdd_p50": -6.126968118118208,
    "maxdd_p75": -5.29710984645514,
    "maxdd_p95": -2.4999983930185077
  }
}